"idx","Multi-eventx","Countx","Status","Head echo","Tail echo","Eccentricityx","Inclinationx","Longitudex","Argumentx","Anomalyx","Epochx","Semi-axisx","Tisserand J","Perifocal sigma","Eccentricity sigma","Inclination sigma","Longitude sigma","Arguments igma","Anomaly sigma","Epoch sigma","Semi-axis sigma","Initial size","Initial size sigma","Initial mass","Initial mass sigma","Final sizex","Final size sigma","Final massx","Final mass sigma","Enthalpy","Enthalpy sigma","VE","A","B","VE expected","A expected","B expected","Gamma","Alpha","Beta","VE sigma","A sigma","B sigma","Initial Altitude","Final Altitude","Radian RA","Radian Dec","Radian Sigma","Lenght","Duration","Initial Latitude","Initial Longitude","Final Latitude","Final Longitude","Perifocal","Final Velocityx","Validation"
"19709","2022-12-27 00:53:44","8","Confirmed","Pending","Pending","0.924745","16.1665 °","94.9214 °","132.988 °","350.429 °","2022-12-24 15:09:45","2.50823 AU","2.58193","0.00129202 AU","0.00135347","0.262885 °","0.000142995 °","0.183363 °","0.235773 °","956.246 s","0.0393731 AU","10079900 cm","19832100000000 cm","3.37976e18 Kg","1.99488762473e25 Kg","6181050 cm","134859000000000 cm","7.79294e17 Kg","5.1008e25 Kg","495.906 MJ","20807400000 MJ","37770.7 m/s","0.00000000363459 m²/Kg","7.32919e-18 m²/J","37835.5 m/s","0.00564962 m²/Kg","0.000000000272112 m²/J","59.5701 °","0.0000194668","0.489058","128.301 m/s","0.00715098 m²/Kg","0.000000000316841 m²/J","98369.2 m","50785 m","116.711 °","13.6782 °","6.44975 °","55.1931 Km","1.4626 s","43.2663 °","0.693048 °","43.5073 °","0.608392 °","0.188758 AU","37.7707 km/s","1"
"19696","2022-12-25 02:19:26","7","Confirmed","Pending","Pending","0.932652","124.278 °","92.9366 °","101.85 °","357.346 °","2022-12-23 15:04:57","6.10948 AU","0.41124","0.00843064 AU","0.0111035","0.507298 °","0.000161075 °","1.42374 °","0.74349 °","105.022 s","1.11722 AU","7097.18 cm","61263100 cm","1179700000 Kg","30549650352600 Kg","11.1157 cm","660031 cm","4.53236 Kg","807371 Kg","95.3279 MJ","883072 MJ","60182.7 m/s","0.0000051621 m²/Kg","0.000000000000054151 m²/J","60475.6 m/s","0.0350904 m²/Kg","0.000000000542203 m²/J","37.4749 °","0.0391832","6.45909","440.024 m/s","0.0445594 m²/Kg","0.000000000641586 m²/J","103105 m","65549.7 m","143.901 °","-8.59189 °","12.6325 °","61.6556 Km","1.095 s","42.722 °","5.48567 °","43.1455 °","5.35387 °","0.411463 AU","60.1824 km/s","1"
"19693","2022-12-24 21:56:54","18","Confirmed","Pending","Pending","0.993564","123.533 °","92.7488 °","115.627 °","359.873 °","2022-12-23 10:29:41","43.7161 AU","-0.247941","0.00179774 AU","0.00036485","0.13474 °","0.0000779568 °","0.242006 °","0.0112201 °","334.114 s","4.65941 AU","0.63796 cm","0.262208 cm","0.00085683 Kg","0.00105649496743 Kg","0.000000000104721 cm","0.00000000269758 cm","3.78975e-33 Kg","2.9287e-31 Kg","27.2681 MJ","31.6702 MJ","60115.4 m/s","0.0574274 m²/Kg","0.00000000210603 m²/J","60137.2 m/s","0.0711967 m²/Kg","0.00000000112776 m²/J","6.76705 °","2250.74","22.5302","53.1215 m/s","0.0236032 m²/Kg","0.0000000016659 m²/J","103266 m","80618.6 m","138.85 °","-3.28814 °","1.9134 °","198.602 Km","5.448 s","46.329 °","0.924064 °","46.6917 °","-1.55547 °","0.281363 AU","1.42175 km/s","1"
"19623","2022-12-14 22:35:38","6","Confirmed","Pending","Pending","0.887576","21.3812 °","262.592 °","325.148 °","331.757 °","2022-12-12 08:26:51","1.26026 AU","4.55065","0.00227973 AU","0.00201417","0.431332 °","0.000111234 °","0.296779 °","0.316976 °","812.362 s","0.00806475 AU","2.15611 cm","2.55859 cm","0.0330773 Kg","0.117755032411 Kg","0.000345851 cm","0.00415105 cm","0.000000000000136515 Kg","0.00000000000491554 Kg","24.4986 MJ","36.9 MJ","35485.2 m/s","0.0169918 m²/Kg","0.000000000693585 m²/J","35542.3 m/s","0.0274533 m²/Kg","0.000000000361877 m²/J","53.1388 °","98.0786","8.73781","174.553 m/s","0.0201636 m²/Kg","0.000000000396405 m²/J","93898.9 m","50769.4 m","113.935 °","31.8873 °","11.6439 °","53.9335 Km","1.5722 s","47.1018 °","7.62286 °","47.1431 °","7.20522 °","0.141684 AU","9.47135 km/s","1"
"19590","2022-12-13 18:28:42","6","Confirmed","Pending","Pending","0.88857","23.3878 °","261.401 °","324.75 °","332.592 °","2022-12-11 04:49:26","1.28359 AU","4.47166","0.00140887 AU","0.000847437","0.0974906 °","0.0000755728 °","0.211013 °","0.0614735 °","199.816 s","0.00295665 AU","1.79384 cm","0.268218 cm","0.0190485 Kg","0.00854452447047 Kg","0.0166031 cm","0.0459955 cm","0.0000000151037 Kg","0.000000125525 Kg","46.5717 MJ","28.9312 MJ","35816 m/s","0.0204235 m²/Kg","0.000000000438538 m²/J","35824.2 m/s","0.0214747 m²/Kg","0.000000000335434 m²/J","11.3612 °","478.798","4.68252","47.6102 m/s","0.00305376 m²/Kg","0.00000000021629 m²/J","98212.1 m","61931 m","111.292 °","34.0895 °","2.37725 °","183.193 Km","5.204 s","48.6978 °","-0.409625 °","47.6917 °","-2.26067 °","0.14303 AU","32.0363 km/s","1"
"19576","2022-12-13 01:39:51","6","Confirmed","Pending","Pending","0.884372","23.5667 °","260.69 °","325.265 °","330.708 °","2022-12-10 11:26:13","1.23485 AU","4.63026","0.00206774 AU","0.00222681","0.357002 °","0.0000754244 °","0.2712 °","0.556379 °","4311.88 s","0.0126066 AU","1.19152 cm","0.346535 cm","0.00558236 Kg","0.00487063104063 Kg","0.0701595 cm","0.126401 cm","0.00000113965 Kg","0.00000615969 Kg","74.5876 MJ","54.1866 MJ","35251 m/s","0.0307476 m²/Kg","0.000000000412235 m²/J","35286.2 m/s","0.0336966 m²/Kg","0.000000000311357 m²/J","73.9711 °","147.742","2.83221","217.974 m/s","0.00894246 m²/Kg","0.000000000207305 m²/J","91695.1 m","47575.8 m","113.527 °","33.0901 °","9.59076 °","45.9025 Km","1.3548 s","48.5923 °","2.36004 °","48.7012 °","2.31638 °","0.142783 AU","26.9168 km/s","1"
"19575","2022-12-13 01:28:45","6","Confirmed","Pending","Pending","0.891747","23.7992 °","260.681 °","323.931 °","334.541 °","2022-12-10 12:28:53","1.34246 AU","4.33686","0.00251394 AU","0.00169749","0.207611 °","0.000078046 °","0.367429 °","0.243177 °","930.365 s","0.00725522 AU","0.880466 cm","0.21898 cm","0.00225243 Kg","0.00168060313193 Kg","0.0313262 cm","0.0603903 cm","0.000000101446 Kg","0.000000586702 Kg","66.7472 MJ","42.5938 MJ","36191.4 m/s","0.0416102 m²/Kg","0.0000000006234 m²/J","36218.6 m/s","0.0457495 m²/Kg","0.00000000044654 m²/J","28.4583 °","403.267","3.336","139.603 m/s","0.0103489 m²/Kg","0.00000000029101 m²/J","103876 m","54717.9 m","110.44 °","33.5824 °","7.77667 °","103.124 Km","7.9119 s","45.7846 °","-74.5241 °","45.5071 °","-75.6025 °","0.145326 AU","24.69 km/s","1"
"19563","2022-12-12 04:09:39","6","Confirmed","Pending","Pending","0.988927","32.9159 °","79.7879 °","129.807 °","359.472 °","2022-12-10 01:59:33","16.4012 AU","0.7596","0.00315023 AU","0.00397126","0.482186 °","0.00020833 °","0.599024 °","20.5415 °","1117.22 s","6.68778 AU","0.0677681 cm","0.0787705 cm","0.00000102705 Kg","0.00000358137141641 Kg","0.00000056328 cm","0.00000950593 cm","5.89777e-22 Kg","2.98592e-20 Kg","26.5587 MJ","40.5616 MJ","42749.6 m/s","0.540614 m²/Kg","0.0000000203554 m²/J","42871.6 m/s","0.833537 m²/Kg","0.0000000100297 m²/J","39.5934 °","3917.34","11.6978","338.366 m/s","0.628384 m²/Kg","0.0000000196695 m²/J","101265 m","79005.7 m","102.357 °","9.96987 °","11.0579 °","34.9558 Km","0.859 s","42.4369 °","3.51389 °","42.5452 °","3.80214 °","0.181608 AU","1.00297 km/s","1"
"19558","2022-12-11 23:41:05","6","Confirmed","Pending","Pending","0.88556","23.0158 °","259.589 °","324.907 °","331.548 °","2022-12-09 09:32:01","1.25706 AU","4.55926","0.00152542 AU","0.00175547","0.204036 °","0.000032543 °","0.140827 °","0.279756 °","1175.38 s","0.00620139 AU","1.18244 cm","0.288694 cm","0.00545567 Kg","0.00399602614317 Kg","0.034873 cm","0.0517179 cm","0.000000139953 Kg","0.000000622666 Kg","60.622 MJ","29.9852 MJ","35447.5 m/s","0.0309838 m²/Kg","0.000000000511098 m²/J","35515.7 m/s","0.0352082 m²/Kg","0.000000000434127 m²/J","62.6807 °","161.053","3.52362","170.147 m/s","0.00756473 m²/Kg","0.000000000134839 m²/J","89004.9 m","47207.8 m","111.161 °","32.9174 °","2.44424 °","47.0472 Km","1.41245 s","43.4309 °","3.36372 °","43.4703 °","3.1053 °","0.143858 AU","17.5913 km/s","1"
"19428","2022-11-22 20:38:42","10","Confirmed","Pending","Pending","1.00585","137.698 °","240.208 °","274.522 °","-0.0566206 °","2022-11-21 11:33:33","-77.4968 AU","-0.648193","0.00768152 AU","0.00845459","0.48754 °","0.000206724 °","1.13073 °","40.9258 °","2742.3 s","473.596 AU","0.0624598 cm","0.0562453 cm","0.000000804111 Kg","0.00000217231486687 Kg","0.000000000419697 cm","0.0000000130279 cm","2.43961e-31 Kg","2.27186e-29 Kg","37.3529 MJ","63.3853 MJ","64302.4 m/s","0.586559 m²/Kg","0.0000000157032 m²/J","64375.7 m/s","0.793384 m²/Kg","0.00000000760143 m²/J","15.8372 °","9925.98","18.8183","354.717 m/s","0.528198 m²/Kg","0.0000000157151 m²/J","114822 m","88072.5 m","125.202 °","38.0369 °","5.13782 °","96.8886 Km","1.5556 s","45.7321 °","7.4362 °","45.2201 °","6.51703 °","0.453386 AU","1.10954 km/s","1"
"19390","2022-11-16 23:38:36","8","Confirmed","Pending","Pending","0.868139","160.691 °","234.284 °","170.249 °","0.283148 °","2022-11-15 17:51:13","7.44925 AU","-0.466343","0.00167699 AU","0.0580113","0.318319 °","0.000378865 °","1.07429 °","0.158764 °","239.643 s","4.18331 AU","0.118537 cm","0.333972 cm","0.00000549639 Kg","0.0000464574058369 Kg","8.90256e-19 cm","1.57855e-16 cm","0","0","21.8624 MJ","99.8612 MJ","71209.6 m/s","0.309071 m²/Kg","0.0000000141371 m²/J","71442.4 m/s","0.720369 m²/Kg","0.00000000684086 m²/J","16.2163 °","5111.12","39.4302","726.892 m/s","0.870791 m²/Kg","0.0000000335523 m²/J","111866 m","88935.9 m","153.166 °","23.0647 °","10.4661 °","82.4909 Km","1.1853 s","44.6808 °","13.6361 °","44.4808 °","12.6945 °","0.982266 AU","6.82065 km/s","1"
"19372","2022-11-14 04:21:24","9","Confirmed","Pending","Pending","0.809334","5.19749 °","51.4749 °","106.438 °","345.952 °","2022-11-10 21:50:18","2.21072 AU","3.11605","0.000556158 AU","0.003482","0.128588 °","0.000527012 °","0.195175 °","0.433277 °","2561.61 s","0.0403629 AU","0.528187 cm","0.309426 cm","0.000486271 Kg","0.000854611567115 Kg","0.000244386 cm","0.00184264 cm","0.0000000000000481663 Kg","0.0000000000010895 Kg","17.9345 MJ","19.1011 MJ","28461.4 m/s","0.0693624 m²/Kg","0.00000000386755 m²/J","28557.6 m/s","0.102454 m²/Kg","0.00000000228031 m²/J","33.5686 °","579.325","7.67846","157.238 m/s","0.0406344 m²/Kg","0.00000000195035 m²/J","95881.9 m","62807 m","61.0923 °","17.0507 °","3.90754 °","59.766 Km","2.1679 s","47.0515 °","1.19244 °","47.1381 °","1.82753 °","0.421508 AU","13.9883 km/s","1"
"19352","2022-11-12 21:06:24","8","Confirmed","Pending","Pending","0.835544","6.31653 °","50.1546 °","112.518 °","346.544 °","2022-11-09 19:34:51","2.22929 AU","3.04879","0.00189448 AU","0.00163652","0.168367 °","0.000323387 °","0.203455 °","0.160575 °","20.9472 s","0.01588 AU","0.799228 cm","0.165621 cm","0.00168471 Kg","0.00104734960918 Kg","0.0567844 cm","0.0894563 cm","0.000000604227 Kg","0.00000285564 Kg","60.4001 MJ","40.2131 MJ","30651.8 m/s","0.0458397 m²/Kg","0.000000000758935 m²/J","30671.8 m/s","0.0497527 m²/Kg","0.000000000545019 m²/J","39.7733 °","330.905","2.64439","119.61 m/s","0.00949919 m²/Kg","0.00000000037711 m²/J","93250.1 m","52686 m","59.6028 °","16.3064 °","5.85891 °","63.4167 Km","2.1681 s","45.6955 °","2.46755 °","45.8382 °","1.88247 °","0.366621 AU","21.3871 km/s","1"
"19336","2022-11-11 20:06:48","9","Confirmed","Pending","Pending","0.820277","5.06084 °","49.1055 °","108.339 °","346.417 °","2022-11-08 15:24:59","2.2449 AU","3.06334","0.00197807 AU","0.00160895","0.221731 °","0.000401216 °","0.234743 °","0.176681 °","2739.53 s","0.016198 AU","0.50116 cm","0.200876 cm","0.000415378 Kg","0.00049947863127 Kg","0.365607 cm","3.03415 cm","0.000161271 Kg","0.00401514 Kg","470.76 MJ","12679.7 MJ","29551.8 m/s","0.0731031 m²/Kg","0.000000000155287 m²/J","29543.2 m/s","0.0662011 m²/Kg","0.00000000246098 m²/J","31.3355 °","649.179","0.315367","110.593 m/s","0.0293014 m²/Kg","0.00000000415147 m²/J","97513.8 m","65527 m","55.9488 °","16.8456 °","8.40017 °","61.5135 Km","2.111 s","50.7123 °","3.0988 °","50.8087 °","2.3794 °","0.40346 AU","27.9025 km/s","1"
"19335","2022-11-11 19:18:35","8","Confirmed","Pending","Pending","0.820874","4.76991 °","49.0722 °","108.018 °","346.594 °","2022-11-08 14:30:02","2.26432 AU","3.04868","0.0020521 AU","0.00100303","0.14706 °","0.00035086 °","0.235297 °","0.0696718 °","63.3059 s","0.00713395 AU","0.233111 cm","0.0658572 cm","0.0000418024 Kg","0.0000354294071022 Kg","0.0000964201 cm","0.000481281 cm","0.00000000000000295813 Kg","0.0000000000000442965 Kg","19.1021 MJ","13.0126 MJ","29586.9 m/s","0.157163 m²/Kg","0.00000000822753 m²/J","29639.7 m/s","0.188027 m²/Kg","0.00000000580551 m²/J","24.1479 °","1774.19","7.79055","96.4939 m/s","0.0444008 m²/Kg","0.00000000337215 m²/J","96766.1 m","72083.1 m","55.0025 °","16.9837 °","2.74551 °","60.1804 Km","2.0914 s","43.3551 °","2.56049 °","43.3465 °","1.89245 °","0.405599 AU","24.5634 km/s","1"
"19316","2022-11-10 21:01:38","6","Confirmed","Not Detected","Detected","0.825542","5.17025 °","48.1402 °","109.664 °","346.499 °","2022-11-07 17:17:38","2.2452 AU","3.05578","0.00157024 AU","0.00172497","0.124528 °","0.000277422 °","0.133684 °","0.149352 °","254.99 s","0.0142096 AU","0.764213 cm","0.560008 cm","0.00147284 Kg","0.00323785777275 Kg","0.00000729318 cm","0.000092704 cm","1.28016e-18 Kg","4.88165e-17 Kg","13.0976 MJ","15.1998 MJ","29843.1 m/s","0.04794 m²/Kg","0.00000000366022 m²/J","29871.8 m/s","0.0660598 m²/Kg","0.00000000178783 m²/J","39.7497 °","346.237","11.5597","118.627 m/s","0.03513 m²/Kg","0.00000000217709 m²/J","102557 m","62277.4 m","56.1409 °","16.5702 °","2.71481 °","62.951 Km","2.136 s","51.3558 °","5.49591 °","51.5477 °","4.88127 °","0.391693 AU","23.9488 km/s","1"
"19294","2022-11-08 18:01:19","7","Confirmed","Detected","Detected","0.841966","5.22768 °","45.9997 °","113.499 °","346.906 °","2022-11-05 17:16:09","2.26075 AU","3.00974","0.00108367 AU","0.000290117","0.117001 °","0.000120813 °","0.135066 °","0.0273655 °","225.689 s","0.00364008 AU","0.718264 cm","0.0780556 cm","0.00122283 Kg","0.000398664597069 Kg","0.0580173 cm","0.0581457 cm","0.000000644445 Kg","0.00000193761 Kg","64.8972 MJ","28.358 MJ","30992.2 m/s","0.0510068 m²/Kg","0.000000000785964 m²/J","30999.6 m/s","0.0529914 m²/Kg","0.000000000660233 m²/J","14.7143 °","927.405","2.5161","42.8035 m/s","0.00554303 m²/Kg","0.00000000027149 m²/J","100960 m","57887 m","54.234 °","17.2509 °","2.07429 °","169.652 Km","5.8481 s","46.5076 °","10.6772 °","46.2585 °","8.60109 °","0.357276 AU","14.8481 km/s","1"
"19256","2022-11-06 19:04:26","6","Confirmed","Not Detected","Detected","0.841499","5.06315 °","44.0381 °","115.107 °","346.219 °","2022-11-03 18:36:59","2.18327 AU","3.11049","0.00293835 AU","0.00118565","0.188295 °","0.000230001 °","0.413586 °","0.232367 °","99.4227 s","0.0277447 AU","0.318011 cm","0.0717045 cm","0.000106131 Kg","0.0000717903987361 Kg","0.0279015 cm","0.0921527 cm","0.0000000716795 Kg","0.000000710227 Kg","67.7377 MJ","96.5772 MJ","31138.5 m/s","0.115205 m²/Kg","0.00000000170074 m²/J","31115.6 m/s","0.10683 m²/Kg","0.00000000222412 m²/J","20.4038 °","1526.06","2.43341","95.8479 m/s","0.0259761 m²/Kg","0.000000002156 m²/J","94593.9 m","70407.3 m","53.0604 °","16.7912 °","7.8794 °","69.4657 Km","2.297 s","42.0535 °","4.17145 °","42.0061 °","3.39773 °","0.346051 AU","28.455 km/s","1"
"19245","2022-11-06 00:25:14","6","Confirmed","Detected","Detected","0.847066","5.11687 °","43.2711 °","115.886 °","346.571 °","2022-11-03 00:49:20","2.21119 AU","3.04319","0.00105185 AU","0.00202757","0.0859369 °","0.000289115 °","0.0575001 °","0.231023 °","1445.96 s","0.023082 AU","0.404301 cm","0.0782923 cm","0.000218086 Kg","0.000126696046347 Kg","0.0334769 cm","0.0477155 cm","0.000000123809 Kg","0.000000529403 Kg","65.9127 MJ","42.8165 MJ","31079.4 m/s","0.0906166 m²/Kg","0.0000000013748 m²/J","31114.5 m/s","0.0984489 m²/Kg","0.00000000101796 m²/J","61.9351 °","474.251","2.4913","127.851 m/s","0.0175478 m²/Kg","0.000000000650068 m²/J","93605.8 m","56651.1 m","55.5072 °","16.1573 °","2.39661 °","41.8772 Km","1.4174 s","43.6741 °","10.6637 °","43.8447 °","10.7187 °","0.338166 AU","23.4124 km/s","1"
"19241","2022-11-05 22:01:48","9","Confirmed","Not Detected","Detected","0.847464","5.13556 °","43.1658 °","115.43 °","346.802 °","2022-11-02 22:19:32","2.2375 AU","2.96543","0.00213422 AU","0.00194662","0.208042 °","0.000460152 °","0.291462 °","0.273848 °","940.643 s","0.0247031 AU","0.281971 cm","0.0734489 cm","0.0000739819 Kg","0.0000578133898442 Kg","0.266939 cm","0.89678 cm","0.00006277 Kg","0.000632626 Kg","3027.67 MJ","196916 MJ","31235.3 m/s","0.12993 m²/Kg","0.000000000042914 m²/J","31198.5 m/s","0.111082 m²/Kg","0.00000000198492 m²/J","52.5304 °","756.028","0.0547812","122.388 m/s","0.0338446 m²/Kg","0.00000000278219 m²/J","94412.3 m","62352.6 m","54.1899 °","16.0841 °","9.10988 °","40.4103 Km","1.364 s","45.0676 °","10.6673 °","45.2123 °","10.4356 °","0.341299 AU","27.8933 km/s","1"
"19237","2022-11-05 06:21:21","6","Confirmed","Not Detected","Not detected","1.02526","149.148 °","42.5008 °","52.3195 °","-0.179009 °","2022-11-03 23:52:39","-31.5295 AU","-1.12104","0.0107235 AU","0.0459377","0.16893 °","0.000254244 °","2.16242 °","0.47465 °","4483.56 s","58.3537 AU","0.0275089 cm","0.0255783 cm","0.0000000686963 Kg","0.000000191625398259 Kg","0.000000378211 cm","0.00000534839 cm","1.78532e-22 Kg","7.57402e-21 Kg","73.2914 MJ","98.8423 MJ","69471.4 m/s","1.3318 m²/Kg","0.0000000181713 m²/J","69682.8 m/s","2.12963 m²/Kg","0.0000000091926 m²/J","31.1447 °","11891.9","11.1946","746.783 m/s","1.23833 m²/Kg","0.0000000117987 m²/J","121973 m","86239.1 m","114.851 °","4.88525 °","4.46156 °","68.9351 Km","1.0683 s","45.184 °","-73.4865 °","45.4307 °","-74.1384 °","0.796459 AU","1.00171 km/s","1"
"19229","2022-11-05 03:07:48","6","Confirmed","Not Detected","Not detected","0.852024","5.02416 °","42.3747 °","116.097 °","347.088 °","2022-11-02 04:05:57","2.26192 AU","2.9879","0.00408196 AU","0.0044027","0.469827 °","0.000806271 °","0.428296 °","0.500209 °","3441.43 s","0.0517765 AU","0.413101 cm","0.718217 cm","0.000232639 Kg","0.00121340004676 Kg","0.0000000000410106 cm","0.00000000192606 cm","2.27616e-34 Kg","3.207e-32 Kg","7.33043 MJ","15.6023 MJ","31515 m/s","0.0886862 m²/Kg","0.0000000120984 m²/J","31660.8 m/s","0.182699 m²/Kg","0.00000000638401 m²/J","47.9084 °","551.926","23.0331","305.06 m/s","0.15419 m²/Kg","0.00000000686984 m²/J","98686 m","71311.2 m","53.4067 °","16.1755 °","16.6045 °","36.8933 Km","1.2176 s","45.9638 °","-73.2528 °","46.0837 °","-73.5169 °","0.334711 AU","29.2685 km/s","1"
"19216","2022-11-04 19:31:17","7","Confirmed","Not Detected","Detected","0.850998","5.36208 °","42.0517 °","116.22 °","346.918 °","2022-11-01 20:27:33","2.24369 AU","3.00563","0.00193236 AU","0.00135131","0.171737 °","0.000162215 °","0.212956 °","0.131128 °","2320.25 s","0.0126752 AU","0.430865 cm","0.227982 cm","0.00026396 Kg","0.00041900443598 Kg","0.00000043077 cm","0.0000063417 cm","2.63785e-22 Kg","1.16502e-20 Kg","12.278 MJ","13.6078 MJ","31588.4 m/s","0.0850298 m²/Kg","0.00000000692535 m²/J","31652.3 m/s","0.117969 m²/Kg","0.00000000348634 m²/J","29.7741 °","790.775","13.8157","112.561 m/s","0.0449915 m²/Kg","0.00000000424248 m²/J","97155.7 m","70082.4 m","52.2978 °","16.2043 °","4.33332 °","54.4541 Km","1.7443 s","46.7299 °","12.5114 °","46.7877 °","11.9068 °","0.334314 AU","26.6064 km/s","1"
"19215","2022-11-04 19:26:36","7","Confirmed","Detected","Detected","0.850623","5.47745 °","42.0466 °","116.221 °","346.872 °","2022-11-01 20:16:40","2.23914 AU","2.96083","0.00163341 AU","0.00091231","0.162508 °","0.000104524 °","0.185962 °","0.0736235 °","599.964 s","0.0102326 AU","0.182047 cm","0.0253956 cm","0.0000199097 Kg","0.00000833223063534 Kg","0.18136 cm","0.230433 cm","0.0000196851 Kg","0.0000750348 Kg","44869.2 MJ","16576200 MJ","31592.7 m/s","0.201247 m²/Kg","0.00000000000448518 m²/J","31545.2 m/s","0.180362 m²/Kg","0.0000000013747 m²/J","22.4393 °","2434.86","0.00378157","86.1854 m/s","0.0280739 m²/Kg","0.0000000016564 m²/J","96439.5 m","71935.4 m","51.9811 °","16.3611 °","2.73003 °","64.0711 Km","3.119 s","47.7344 °","2.56118 °","47.7344 °","1.78218 °","0.334478 AU","27.3061 km/s","1"
"19206","2022-11-04 02:55:51","6","Confirmed","Not Detected","Not detected","0.984039","128.834 °","221.357 °","143.791 °","0.0523696 °","2022-11-02 18:41:55","56.1925 AU","-0.634408","0.00291554 AU","0.0103963","0.15993 °","0.000272443 °","0.47722 °","0.0509291 °","550.743 s","52.7509 AU","0.395384 cm","0.358522 cm","0.000203973 Kg","0.000554867853044 Kg","7.51777e-24 cm","6.65116e-22 cm","0","0","14.0855 MJ","24.1076 MJ","65838.9 m/s","0.0926601 m²/Kg","0.00000000657841 m²/J","65890.7 m/s","0.139698 m²/Kg","0.00000000302663 m²/J","3.89506 °","6299.54","52.3169","149.012 m/s","0.0840211 m²/Kg","0.00000000562803 m²/J","111263 m","92369.2 m","158.804 °","40.5201 °","1.9663 °","279.347 Km","4.361 s","49.1745 °","-71.9203 °","46.962 °","-73.5502 °","0.896897 AU","1.00301 km/s","1"
"19200","2022-11-03 19:37:35","6","Confirmed","Detected","Detected","0.855124","5.21778 °","41.0521 °","116.767 °","347.203 °","2022-10-31 21:04:53","2.26951 AU","2.97493","0.00185446 AU","0.0010534","0.175498 °","0.0000892212 °","0.228135 °","0.123675 °","1658.06 s","0.0116607 AU","0.265168 cm","0.0497843 cm","0.0000615283 Kg","0.000034655191932 Kg","0.0202923 cm","0.0348445 cm","0.0000000275745 Kg","0.000000142047 Kg","66.9577 MJ","48.5238 MJ","31816.5 m/s","0.138163 m²/Kg","0.00000000206344 m²/J","31818 m/s","0.138702 m²/Kg","0.00000000201531 m²/J","23.1103 °","1625.63","2.57012","92.4143 m/s","0.0259397 m²/Kg","0.0000000012264 m²/J","97987.7 m","67713.2 m","51.2035 °","16.4108 °","4.33038 °","77.2003 Km","2.632 s","48.2067 °","0.94886 °","48.2155 °","0.00562414 °","0.328796 AU","27.3409 km/s","1"
"19197","2022-11-03 17:59:02","7","Confirmed","Not Detected","Detected","0.876118","3.395 °","220.984 °","302.897 °","347.386 °","2022-10-31 23:02:32","2.23713 AU","2.95684","0.00304469 AU","0.00109806","0.201882 °","0.0000782316 °","0.409847 °","0.168724 °","858.701 s","0.0202938 AU","0.638697 cm","0.117605 cm","0.0008598 Kg","0.000474952983276 Kg","0.0254217 cm","0.0481917 cm","0.0000000542158 Kg","0.00000030833 Kg","58.6707 MJ","37.6146 MJ","33355.9 m/s","0.0573611 m²/Kg","0.000000000977679 m²/J","33369.1 m/s","0.0608394 m²/Kg","0.000000000746373 m²/J","16.443 °","935.859","3.22383","105.793 m/s","0.0105621 m²/Kg","0.000000000474683 m²/J","98771.1 m","63524.5 m","51.7215 °","23.101 °","5.80118 °","123.218 Km","3.807 s","43.0513 °","11.5285 °","42.7539 °","10.1594 °","0.277141 AU","26.9353 km/s","1"
"19186","2022-11-02 21:06:40","7","Confirmed","Detected","Detected","0.858105","5.49071 °","40.1159 °","119.13 °","346.609 °","2022-10-30 23:31:11","2.1912 AU","3.03784","0.00303546 AU","0.00300717","0.249968 °","0.000266317 °","0.254333 °","0.276371 °","837.993 s","0.025488 AU","0.629348 cm","0.218446 cm","0.000822596 Kg","0.000856567953171 Kg","0.026184 cm","0.0593001 cm","0.0000000592408 Kg","0.000000402496 Kg","55.1995 MJ","45.4863 MJ","32131 m/s","0.0582132 m²/Kg","0.0000000010546 m²/J","32220.9 m/s","0.0700537 m²/Kg","0.000000000681195 m²/J","37.7844 °","438.785","3.17954","236.843 m/s","0.0202058 m²/Kg","0.000000000537877 m²/J","94337.2 m","55211.4 m","52.1429 °","16.0181 °","1.68322 °","63.8695 Km","2.085 s","48.2838 °","3.39761 °","48.4381 °","2.76528 °","0.310921 AU","21.3817 km/s","1"
"19179","2022-11-02 18:16:29","10","Confirmed","Detected","Detected","0.869268","5.24343 °","39.9925 °","120.11 °","347.644 °","2022-10-30 22:05:12","2.28983 AU","2.92533","0.00221383 AU","0.000461547","0.26996 °","0.0000525402 °","0.298323 °","0.092138 °","828.533 s","0.0125899 AU","0.350137 cm","0.0396417 cm","0.000141654 Kg","0.0000481130860798 Kg","0.00186762 cm","0.00180737 cm","0.0000000000214971 Kg","0.0000000000624107 Kg","34.96 MJ","7.33267 MJ","32806.8 m/s","0.104634 m²/Kg","0.00000000299297 m²/J","32829.7 m/s","0.109161 m²/Kg","0.00000000285176 m²/J","11.5423 °","2415.01","5.23366","77.8706 m/s","0.0118464 m²/Kg","0.00000000030876 m²/J","98094 m","70646.8 m","50.9937 °","16.9674 °","3.36086 °","137.433 Km","4.311 s","44.847 °","5.44122 °","44.5848 °","3.80457 °","0.299353 AU","21.805 km/s","1"
"19169","2022-11-02 00:36:11","7","Confirmed","Not Detected","Not detected","0.866275","5.42084 °","39.2702 °","119.565 °","347.475 °","2022-10-30 03:58:26","2.27644 AU","2.94348","0.00238379 AU","0.00366891","0.172228 °","0.000451794 °","0.251458 °","0.466202 °","2488.97 s","0.0522311 AU","0.230146 cm","0.0800208 cm","0.0000402275 Kg","0.0000419608068513 Kg","0.00673127 cm","0.0153144 cm","0.00000000100648 Kg","0.00000000686954 Kg","50.0591 MJ","36.2426 MJ","32249.6 m/s","0.159188 m²/Kg","0.00000000317999 m²/J","32279.2 m/s","0.173709 m²/Kg","0.00000000238436 m²/J","61.1901 °","839.01","3.53195","244.808 m/s","0.0553489 m²/Kg","0.00000000161042 m²/J","93448.7 m","63255.8 m","53.0883 °","15.6762 °","6.35843 °","34.4637 Km","1.3124 s","43.6473 °","11.2655 °","43.7889 °","11.3237 °","0.304417 AU","26.4976 km/s","1"
"19156","2022-11-01 05:08:54","6","Confirmed","Not Detected","Not detected","0.864958","5.91883 °","38.4581 °","119.673 °","347.263 °","2022-10-29 08:25:10","2.25332 AU","2.96599","0.00158234 AU","0.00310624","0.150684 °","0.000331198 °","0.316377 °","0.490662 °","2225.46 s","0.0549277 AU","0.541458 cm","0.336397 cm","0.000523852 Kg","0.000976377491289 Kg","0.000316656 cm","0.00388115 cm","0.00000000000010478 Kg","0.00000000000385276 Kg","23.3633 MJ","40.3225 MJ","31985.4 m/s","0.0676624 m²/Kg","0.0000000028961 m²/J","32077.8 m/s","0.092958 m²/Kg","0.00000000155874 m²/J","30.1151 °","622.792","7.4442","177.296 m/s","0.0420373 m²/Kg","0.00000000340391 m²/J","95511.7 m","63049 m","53.4118 °","15.8357 °","6.22603 °","64.6732 Km","2.0847 s","46.6885 °","-1.64201 °","46.7651 °","-0.927863 °","0.304293 AU","1.06421 km/s","1"
"19124","2022-10-30 03:01:26","9","Confirmed","Not Detected","Not detected","1.01391","175.818 °","216.364 °","244.897 °","-0.0991621 °","2022-10-28 20:57:56","-50.7153 AU","-1.18484","0.00550438 AU","0.00984727","0.210044 °","0.000196651 °","0.869528 °","0.10252 °","2601.44 s","24.5798 AU","0.0637309 cm","0.0396125 cm","0.000000854209 Kg","0.00000159282185832 Kg","0.00173889 cm","0.0130428 cm","0.0000000000173512 Kg","0.000000000390437 Kg","235.286 MJ","503.999 MJ","70601 m/s","0.57486 m²/Kg","0.00000000244324 m²/J","70620.1 m/s","0.585343 m²/Kg","0.00000000569839 m²/J","12.513 °","12253.3","3.60142","214.614 m/s","0.357309 m²/Kg","0.00000000487257 m²/J","115361 m","89723.5 m","108.744 °","24.7307 °","4.25389 °","118.291 Km","1.724 s","46.5446 °","-71.8586 °","46.1487 °","-73.2199 °","0.705372 AU","68.444 km/s","1"
"19117","2022-10-30 00:24:06","13","Confirmed","Pending","Pending","0.880276","5.97686 °","36.2597 °","123.455 °","347.721 °","2022-10-27 06:11:22","2.27065 AU","2.91483","0.000727992 AU","0.00118063","0.10008 °","0.000163219 °","0.0542794 °","0.155113 °","301.068 s","0.0172743 AU","0.485174 cm","0.0487196 cm","0.000376883 Kg","0.000113536137572 Kg","0.30801 cm","0.151715 cm","0.0000964294 Kg","0.000142493 Kg","415.113 MJ","532.065 MJ","33309.3 m/s","0.0755118 m²/Kg","0.000000000181907 m²/J","33286.5 m/s","0.0721368 m²/Kg","0.000000000286462 m²/J","60.7093 °","399.85","0.454374","86.4271 m/s","0.00758265 m²/Kg","0.000000000216822 m²/J","95214.6 m","50306.2 m","51.6696 °","15.285 °","2.88418 °","51.4838 Km","1.66092 s","44.367 °","11.235 °","44.5892 °","11.274 °","0.271852 AU","23.1319 km/s","1"
"19112","2022-10-29 21:06:41","10","Confirmed","Pending","Pending","0.871579","5.50647 °","36.1169 °","122.543 °","346.917 °","2022-10-27 01:41:14","2.19494 AU","2.95959","0.00450028 AU","0.00274575","0.238881 °","0.000259364 °","0.66198 °","0.514533 °","2552.69 s","0.0584467 AU","0.518812 cm","0.268616 cm","0.000460834 Kg","0.000715792185317 Kg","0.000250208 cm","0.00158118 cm","0.0000000000000516913 Kg","0.000000000000979981 Kg","24.292 MJ","21.9898 MJ","33034.6 m/s","0.0706159 m²/Kg","0.00000000290696 m²/J","33179.6 m/s","0.100045 m²/Kg","0.00000000203407 m²/J","43.856 °","470.692","7.637","200.977 m/s","0.0365615 m²/Kg","0.00000000115599 m²/J","93886 m","61748.2 m","49.7913 °","15.4031 °","15.3484 °","46.3725 Km","1.4885 s","43.3354 °","12.1298 °","43.454 °","11.756 °","0.281876 AU","2.20548 km/s","1"
"19075","2022-10-27 02:05:45","6","Confirmed","Pending","Pending","0.986956","165.262 °","33.3238 °","76.6889 °","359.881 °","2022-10-25 19:12:30","47.0682 AU","-0.826028","0.00692763 AU","0.0166099","0.238744 °","0.000100191 °","1.19581 °","8.93269 °","4677.96 s","58.322 AU","0.0913032 cm","0.14627 cm","0.00000251172 Kg","0.0000120715283837 Kg","3.11846e-16 cm","0.0000000000000186091 cm","0","0","24.0085 MJ","44.1245 MJ","68588.1 m/s","0.40126 m²/Kg","0.0000000167132 m²/J","68541.1 m/s","0.665983 m²/Kg","0.00000000792122 m²/J","46.6369 °","2548.91","33.3105","362.129 m/s","0.642829 m²/Kg","0.0000000134549 m²/J","112998 m","85442.4 m","101.424 °","16.0572 °","6.59975 °","37.9105 Km","0.5837 s","49.383 °","0.851302 °","49.5256 °","0.573434 °","0.61395 AU","1.00522 km/s","1"
"19033","2022-10-22 09:28:32","7","Confirmed","Not Detected","Not detected","1.0845","168.808 °","208.656 °","231.196 °","-1.05339 °","2022-10-21 04:03:11","-9.49085 AU","-1.54932","0.0116004 AU","0.0765427","0.202355 °","0.000129312 °","2.56741 °","1.35702 °","21120.5 s","35.6657 AU","0.00764727 cm","0.00509913 cm","0.00000000147582 Kg","0.0000000029521864673 Kg","0.00745263 cm","0.0283936 cm","0.00000000136597 Kg","0.0000000156126 Kg","33971.2 MJ","5629460 MJ","71777.3 m/s","4.79078 m²/Kg","0.000000000141025 m²/J","71754.9 m/s","4.24771 m²/Kg","0.0000000106376 m²/J","73.1629 °","23115.7","0.0257818","1142.03 m/s","3.19445 m²/Kg","0.0000000233007 m²/J","157324 m","82779.1 m","105.099 °","28.9384 °","5.33396 °","77.8588 Km","0.9023 s","45.0395 °","-72.8361 °","45.2297 °","-72.916 °","0.802018 AU","60.7547 km/s","1"
"19028","2022-10-22 02:16:54","7","Confirmed","Pending","Pending","0.90247","163.218 °","28.3493 °","85.3242 °","357.011 °","2022-10-20 18:21:32","5.75913 AU","0.0356284","0.0206073 AU","0.0362775","0.188974 °","0.000243611 °","3.61342 °","1.91057 °","6100.48 s","2.34241 AU","2593180 cm","450429000000000 cm","5.75458e16 Kg","2.99866797626e25 Kg","0.00188534 cm","5964030 cm","0.0000000000221148 Kg","0.209872 Kg","35.6881 MJ","5657970000 MJ","66463.2 m/s","0.0000000141279 m²/Kg","3.95872e-16 m²/J","67268.4 m/s","2.16518 m²/Kg","0.00000000764549 m²/J","51.8635 °","0.0000829525","21.042","993.157 m/s","2.45399 m²/Kg","0.00000000931524 m²/J","111392 m","82709.7 m","95.4557 °","15.6736 °","5.97255 °","36.4557 Km","0.5887 s","43.7777 °","0.86846 °","43.9009 °","0.651689 °","0.561689 AU","66.4632 km/s","1"
"19002","2022-10-18 05:10:50","8","Confirmed","Pending","Pending","0.934607","145.799 °","204.499 °","250 °","358.852 °","2022-10-16 21:16:24","10.3945 AU","-0.642005","0.0139679 AU","0.0483673","0.396859 °","0.000159829 °","2.8375 °","1.35795 °","9592.24 s","41.647 AU","0.0378909 cm","0.0505112 cm","0.000000179523 Kg","0.000000717949137617 Kg","0.00000177637 cm","0.0000278085 cm","1.84975e-20 Kg","8.68719e-19 Kg","74.6681 MJ","128.473 MJ","66167.5 m/s","0.96689 m²/Kg","0.0000000129492 m²/J","66839.7 m/s","1.8183 m²/Kg","0.00000000739287 m²/J","81.592 °","4513.8","9.9679","977.699 m/s","1.28893 m²/Kg","0.00000000833346 m²/J","111504 m","79046.8 m","94.8784 °","40.6111 °","4.06707 °","32.8098 Km","0.5155 s","43.6721 °","1.4109 °","43.6851 °","1.46672 °","0.679727 AU","1 km/s","1"
"19001","2022-10-18 04:06:57","9","Confirmed","Pending","Pending","0.457623","12.5313 °","204.463 °","247.071 °","330.64 °","2022-10-11 15:36:14","1.48517 AU","4.43127","0.000366133 AU","0.0014874","0.0149162 °","0.0000893804 °","0.152737 °","0.205053 °","406.531 s","0.0093408 AU","1.99886 cm","0.0709092 cm","0.0263549 Kg","0.00280480439359 Kg","0.253879 cm","0.0317618 cm","0.0000540004 Kg","0.0000202673 Kg","23.9681 MJ","1.93624 MJ","17056.6 m/s","0.0183286 m²/Kg","0.000000000764708 m²/J","17061.1 m/s","0.0184355 m²/Kg","0.000000000758576 m²/J","32.8918 °","155.869","2.06347","34.5347 m/s","0.000650205 m²/Kg","0.0000000000353164 m²/J","72317.5 m","43723.5 m","8.51344 °","40.9771 °","2.25647 °","52.6217 Km","3.463 s","45.5337 °","2.03079 °","45.353 °","2.52799 °","0.805523 AU","8.83089 km/s","1"
"18994","2022-10-17 19:59:10","8","Confirmed","Pending","Pending","0.973741","111.584 °","204.115 °","278.603 °","359.4 °","2022-10-16 07:06:13","16.4274 AU","-0.152947","0.00846516 AU","0.0168578","1.32348 °","0.000392826 °","1.58046 °","0.599643 °","10127.7 s","32.3556 AU","778.93 cm","31082400 cm","1559580 Kg","186701059054 Kg","0","0","0","0","4.03304 MJ","157419 MJ","57824.7 m/s","0.0000470342 m²/Kg","0.0000000000116622 m²/J","58435 m/s","1.5268 m²/Kg","0.0000000126723 m²/J","25.2699 °","0.508837","140.943","822.107 m/s","1.87685 m²/Kg","0.0000000149622 m²/J","109743 m","87427.9 m","70.665 °","49.7497 °","3.34051 °","52.2235 Km","0.893 s","44.3414 °","2.07004 °","44.0407 °","1.66559 °","0.431368 AU","57.8246 km/s","1"
"18992","2022-10-17 17:33:09","6","Confirmed","Pending","Pending","0.595146","76.0828 °","204.014 °","160.632 °","3.4641 °","2022-10-15 16:06:08","2.40963 AU","2.42222","0.000301808 AU","0.00606438","0.187643 °","0.0000860628 °","0.142077 °","0.0891708 °","3939.58 s","0.0357624 AU","1.662 cm","0.326129 cm","0.0151498 Kg","0.00891839482456 Kg","0.918197 cm","1.09519 cm","0.00255459 Kg","0.00914104 Kg","541.356 MJ","1226.85 MJ","43468.8 m/s","0.0220435 m²/Kg","0.0000000000407192 m²/J","43437.5 m/s","0.019901 m²/Kg","0.0000000000997159 m²/J","29.5193 °","206.613","0.593365","151.315 m/s","0.00432554 m²/Kg","0.0000000000860377 m²/J","98207.2 m","50049.8 m","176.39 °","72.7546 °","4.40153 °","97.7189 Km","2.4769 s","41.519 °","14.0679 °","40.7911 °","14.3423 °","0.975549 AU","34.4613 km/s","1"
"18981","2022-10-15 19:34:18","6","Confirmed","Detected","Detected","1.02385","101.322 °","202.114 °","165.271 °","0.0328209 °","2022-10-14 06:41:22","-41.1108 AU","-0.369063","0.000959591 AU","0.0281946","0.499336 °","0.000272931 °","0.362456 °","0.0575392 °","496.169 s","74.5197 AU","0.0545873 cm","0.0478395 cm","0.00000053677 Kg","0.00000141125313719 Kg","0.0000000208859 cm","0.000000369641 cm","3.00656e-26 Kg","1.59632e-24 Kg","38.1109 MJ","48.0518 MJ","57554.9 m/s","0.671152 m²/Kg","0.0000000176105 m²/J","57643 m/s","0.92929 m²/Kg","0.00000000899162 m²/J","21.1626 °","8585.54","14.7762","486.266 m/s","0.588189 m²/Kg","0.0000000105385 m²/J","110129 m","86264.7 m","144.391 °","65.3103 °","12.2479 °","66.0194 Km","1.156 s","46.1462 °","0.643536 °","45.6015 °","0.681921 °","0.980552 AU","51.3063 km/s","1"
"18974","2022-10-14 01:55:15","7","Confirmed","Not Detected","Not detected","0.778504","7.85529 °","200.396 °","287.989 °","341.993 °","2022-10-10 16:08:59","1.9237 AU","3.459","0.000777771 AU","0.00203774","0.0448249 °","0.0000723691 °","0.10936 °","0.264344 °","1747.69 s","0.0205669 AU","1.64857 cm","0.299272 cm","0.0147855 Kg","0.0080522203195 Kg","0.104916 cm","0.139078 cm","0.00000381104 Kg","0.0000151559 Kg","46.8971 MJ","25.7708 MJ","27565.8 m/s","0.0222231 m²/Kg","0.00000000047387 m²/J","27606.3 m/s","0.0244157 m²/Kg","0.000000000367532 m²/J","51.2182 °","131.656","2.7545","98.8371 m/s","0.00403427 m²/Kg","0.000000000179282 m²/J","82263.1 m","45122.2 m","26.5988 °","20.3135 °","2.96935 °","47.6464 Km","1.854 s","44.2386 °","12.297 °","44.3545 °","12.6302 °","0.426092 AU","16.3664 km/s","1"
"18966","2022-10-12 04:30:37","6","Confirmed","Detected","Detected","1.0073","142.662 °","198.527 °","160.31 °","0.00802743 °","2022-10-10 21:58:41","-132.672 AU","-1.01139","0.00151192 AU","0.065352","0.29705 °","0.000144613 °","0.710498 °","0.104559 °","7243.68 s","1329.13 AU","0.0436009 cm","0.0339635 cm","0.000000273528 Kg","0.000000639202884751 Kg","0.0000450579 cm","0.000342811 cm","3.01875e-16 Kg","0.00000000000000689021 Kg","118.487 MJ","145.264 MJ","69222 m/s","0.840266 m²/Kg","0.00000000709161 m²/J","69520 m/s","1.21349 m²/Kg","0.00000000359738 m²/J","71.9982 °","4080.26","6.87489","831.212 m/s","0.654535 m²/Kg","0.00000000418374 m²/J","106429 m","77860 m","122.971 °","42.2446 °","8.7676 °","30.0392 Km","0.4704 s","45.0601 °","10.3636 °","45.0608 °","10.2474 °","0.968845 AU","45.066 km/s","1"
"18948","2022-10-08 22:01:44","7","Confirmed","Not Detected","Not detected","0.637293","1.50124 °","15.2605 °","49.4436 °","348.877 °","2022-10-02 05:52:38","2.38013 AU","3.22287","0.000453748 AU","0.00280959","0.0674232 °","0.00196499 °","0.0979167 °","0.153289 °","2316.48 s","0.0190747 AU","2.48337 cm","0.627927 cm","0.0505406 Kg","0.0383379765019 Kg","0.0797167 cm","0.172354 cm","0.00000167171 Kg","0.0000108431 Kg","14.4434 MJ","10.2196 MJ","17093 m/s","0.0147527 m²/Kg","0.00000000102141 m²/J","17134 m/s","0.017103 m²/Kg","0.000000000700183 m²/J","41.9596 °","101.899","3.43889","83.8678 m/s","0.00373024 m²/Kg","0.000000000475656 m²/J","75056 m","46128.5 m","352.551 °","-1.05146 °","3.6486 °","43.2733 Km","2.6679 s","46.8044 °","0.219382 °","47.0894 °","0.17343 °","0.863289 AU","12.756 km/s","1"
"18923","2022-10-05 19:46:32","6","Confirmed","Not Detected","Detected","0.215329","9.32718 °","192.313 °","244.853 °","306.237 °","2022-09-23 21:10:49","1.14449 AU","5.44994","0.00187057 AU","0.00256539","0.0876789 °","0.00230964 °","0.382034 °","0.289084 °","13427.8 s","0.00190501 AU","1.35909 cm","0.225109 cm","0.00828444 Kg","0.00411650485447 Kg","1.3479 cm","0.579087 cm","0.00808144 Kg","0.0104159 Kg","3661.13 MJ","253397 MJ","13345.3 m/s","0.0269564 m²/Kg","0.00000000000736288 m²/J","13264.5 m/s","0.023813 m²/Kg","0.000000000413231 m²/J","73.011 °","130.171","0.00826971","171.572 m/s","0.00446485 m²/Kg","0.00000000050851 m²/J","68530 m","39601.5 m","336.009 °","41.4281 °","5.71121 °","30.2467 Km","2.5 s","43.2655 °","2.24634 °","43.2627 °","2.13855 °","0.898049 AU","8.57319 km/s","1"
"18919","2022-10-05 17:37:11","6","Confirmed","Not Detected","Detected","0.436618","4.5454 °","192.237 °","158.722 °","2.66837 °","2022-09-24 07:36:25","1.73829 AU","4.02156","0.000140627 AU","0.00148507","0.0156683 °","0.000411375 °","0.0615228 °","0.0261997 °","2992.67 s","0.00540393 AU","5.2149 cm","0.337356 cm","0.468006 Kg","0.0908270072584 Kg","3.88737 cm","0.612792 cm","0.193856 Kg","0.0916768 Kg","101.796 MJ","75.5348 MJ","13263.5 m/s","0.00702533 m²/Kg","0.000000000069014 m²/J","13255.2 m/s","0.00691312 m²/Kg","0.0000000000798906 m²/J","45.5582 °","45.4427","0.293788","39.1435 m/s","0.000454474 m²/Kg","0.0000000000470328 m²/J","80418.2 m","29855.3 m","253.946 °","11.3145 °","3.67778 °","70.8159 Km","5.944 s","43.7716 °","10.3394 °","44.0343 °","10.8318 °","0.979324 AU","6.43043 km/s","1"
"18883","2022-10-01 21:26:12","7","Confirmed","Not Detected","Not detected","0.311884","5.47564 °","188.423 °","260.77 °","305.133 °","2022-09-22 07:26:46","1.16439 AU","5.36319","0.00116438 AU","0.00123891","0.0377539 °","0.00040825 °","0.277869 °","0.302755 °","2602.6 s","0.00226587 AU","9.82642 cm","3.3194 cm","3.13112 Kg","3.17311244815 Kg","0.0918711 cm","0.30562 cm","0.00000255888 Kg","0.0000255373 Kg","7.4651 MJ","5.8649 MJ","14324 m/s","0.00372835 m²/Kg","0.000000000499438 m²/J","14350.4 m/s","0.00463986 m²/Kg","0.000000000316901 m²/J","66.2773 °","18.8074","4.67244","60.4277 m/s","0.00125945 m²/Kg","0.000000000236788 m²/J","79046.3 m","34309.1 m","355.734 °","24.0474 °","7.62034 °","48.8721 Km","3.526 s","45.9436 °","12.3942 °","46.1 °","12.2802 °","0.801234 AU","7.63693 km/s","1"
"18878","2022-09-30 23:23:14","8","Confirmed","Pending","Pending","0.8679","14.1886 °","7.46824 °","114.169 °","349.621 °","2022-09-28 02:21:47","2.61647 AU","2.67154","0.00169569 AU","0.00163012","0.121033 °","0.0000277595 °","0.251003 °","0.222788 °","159.112 s","0.0355677 AU","0.70312 cm","0.0812835 cm","0.0011471 Kg","0.000397829312306 Kg","0.185638 cm","0.0805202 cm","0.0000211113 Kg","0.000027471 Kg","132.79 MJ","54.6343 MJ","32252.7 m/s","0.0521054 m²/Kg","0.000000000392389 m²/J","32275.1 m/s","0.0542016 m²/Kg","0.000000000346 m²/J","42.9727 °","353.016","1.33173","100.371 m/s","0.00602359 m²/Kg","0.000000000118949 m²/J","92649.8 m","48159.5 m","23.0372 °","-0.963767 °","5.03223 °","65.2776 Km","2.2374 s","42.7011 °","3.69981 °","43.0808 °","3.43928 °","0.345637 AU","15.7784 km/s","1"
"18837","2022-09-21 22:51:41","10","Confirmed","Pending","Pending","1.06134","172.625 °","178.614 °","215.116 °","-0.418454 °","2022-09-20 17:35:39","-14.8324 AU","-1.54162","0.0103857 AU","0.0737776","0.44201 °","0.00106961 °","2.59885 °","0.71342 °","3434.5 s","17.8857 AU","0.00451966 cm","0.00292702 cm","0.000000000304671 Kg","0.000000000591933015169 Kg","0.00433752 cm","0.0183309 cm","0.000000000269302 Kg","0.00000000341431 Kg","21706.7 MJ","2484650 MJ","72471.5 m/s","8.106 m²/Kg","0.000000000373433 m²/J","72341.9 m/s","6.73992 m²/Kg","0.0000000262941 m²/J","21.3598 °","102781","0.0411328","1035.27 m/s","5.24962 m²/Kg","0.0000000425577 m²/J","117312 m","95256.7 m","76.4405 °","27.2748 °","7.25397 °","60.4051 Km","0.8421 s","45.0365 °","7.13363 °","44.8848 °","6.46591 °","0.909828 AU","66.6327 km/s","1"
"18798","2022-09-19 03:32:33","7","Confirmed","Pending","Pending","1.00283","115.274 °","175.884 °","122.375 °","0.00707431 °","2022-09-17 16:45:39","-272.226 AU","-0.509966","0.00613039 AU","0.0328814","0.398535 °","0.000135196 °","1.18776 °","0.118171 °","6834.08 s","664.372 AU","0.166642 cm","0.260769 cm","0.0000152711 Kg","0.0000716905921139 Kg","0.00000047946 cm","0.0000148209 cm","3.63723e-22 Kg","3.37299e-20 Kg","49.8711 MJ","127.077 MJ","61179.1 m/s","0.21985 m²/Kg","0.00000000440837 m²/J","61334.9 m/s","0.346059 m²/Kg","0.00000000224062 m²/J","50.7481 °","1311.14","12.7587","538.884 m/s","0.344032 m²/Kg","0.00000000536741 m²/J","107829 m","73691.1 m","120.171 °","54.8648 °","14.943 °","44.1185 Km","0.7207 s","45.3253 °","8.04075 °","45.1765 °","7.75997 °","0.771018 AU","1.63453 km/s","1"
"18797","2022-09-18 22:21:21","6","Confirmed","Pending","Pending","0.988597","73.8098 °","175.672 °","189.736 °","359.989 °","2022-09-16 23:04:13","87.4828 AU","0.457115","0.000359791 AU","0.0168243","0.252977 °","0.000112135 °","0.270662 °","15.1322 °","1160.83 s","44.708 AU","0.154405 cm","0.161975 cm","0.0000121479 Kg","0.0000382301887664 Kg","0.00000538051 cm","0.0000747704 cm","5.14026e-19 Kg","2.14295e-17 Kg","34.2059 MJ","49.6877 MJ","45446 m/s","0.237274 m²/Kg","0.00000000693665 m²/J","45474.6 m/s","0.355824 m²/Kg","0.00000000333404 m²/J","50.3791 °","1422.57","10.2646","307.188 m/s","0.248906 m²/Kg","0.00000000465207 m²/J","107126 m","72284.1 m","4.68991 °","83.4869 °","5.05277 °","45.2226 Km","1.0002 s","44.8748 °","5.60024 °","44.6198 °","5.57248 °","0.997586 AU","4.88251 km/s","1"
"18791","2022-09-18 00:45:59","7","Confirmed","Pending","Pending","0.908292","65.7373 °","174.796 °","175.146 °","0.0379133 °","2022-09-15 20:06:59","10.9403 AU","0.871761","0.000230541 AU","0.0216749","0.26066 °","0.0001615 °","0.293315 °","9.65756 °","2793.18 s","5.43925 AU","0.0471866 cm","0.0509983 cm","0.000000346712 Kg","0.00000112415822567 Kg","0.0000000000073303 cm","0.000000000236258 cm","1.29981e-36 Kg","1.2568e-34 Kg","12.6954 MJ","18.8164 MJ","41068.9 m/s","0.776415 m²/Kg","0.0000000611571 m²/J","41147.7 m/s","1.09548 m²/Kg","0.0000000284509 m²/J","43.0611 °","5251.55","22.5854","356.949 m/s","0.839133 m²/Kg","0.0000000439482 m²/J","100858 m","85329.9 m","261.278 °","86.2992 °","8.4771 °","22.7426 Km","0.5826 s","44.6674 °","3.87243 °","44.5205 °","3.88935 °","1.00331 AU","1.0125 km/s","1"
"18781","2022-09-16 23:09:35","6","Confirmed","Pending","Pending","0.963407","27.9998 °","173.757 °","325.628 °","352.708 °","2022-09-14 19:04:34","2.86546 AU","2.167","0.00172987 AU","0.0015962","0.216784 °","0.000105861 °","0.224096 °","0.359281 °","4918.57 s","0.0845431 AU","0.73111 cm","0.415827 cm","0.00128962 Kg","0.00220045765075 Kg","0.000442189 cm","0.00330009 cm","0.000000000000285323 Kg","0.00000000000638816 Kg","39.6733 MJ","43.2606 MJ","41586.3 m/s","0.0501106 m²/Kg","0.00000000126308 m²/J","41728.5 m/s","0.073736 m²/Kg","0.000000000677894 m²/J","58.487 °","271.455","7.41058","233.198 m/s","0.028501 m²/Kg","0.000000000689081 m²/J","94480.9 m","58821.3 m","15.5461 °","16.8763 °","3.68123 °","41.8286 Km","1.0525 s","43.5035 °","12.6401 °","43.6552 °","12.4727 °","0.104855 AU","1.04478 km/s","1"
"18778","2022-09-16 19:10:36","6","Confirmed","Pending","Pending","0.667171","55.4987 °","173.593 °","193.14 °","357.523 °","2022-09-14 03:13:56","2.9889 AU","2.38309","0.000674587 AU","0.00890497","0.246912 °","0.000118505 °","0.433997 °","0.144184 °","3206.64 s","0.0761997 AU","0.591683 cm","0.119431 cm","0.000683566 Kg","0.000413934342982 Kg","0.11274 cm","0.115125 cm","0.00000472874 Kg","0.0000144863 Kg","121.715 MJ","88.7163 MJ","34452.8 m/s","0.0619189 m²/Kg","0.000000000508722 m²/J","34466.8 m/s","0.0635019 m²/Kg","0.000000000450641 m²/J","59.274 °","332.651","1.65789","237.664 m/s","0.0124984 m²/Kg","0.000000000283008 m²/J","91761.9 m","54770.1 m","305.755 °","77.058 °","10.4382 °","43.0313 Km","2.2208 s","47.7334 °","0.398429 °","47.5405 °","0.351512 °","0.994793 AU","25.2359 km/s","1"
"18776","2022-09-16 02:31:43","6","Confirmed","Pending","Pending","0.88249","135.469 °","172.915 °","161.033 °","0.511907 °","2022-09-14 18:30:27","8.33922 AU","-0.225046","0.00139025 AU","0.0163927","0.150047 °","0.0000544257 °","0.537835 °","0.114718 °","780.779 s","1.15998 AU","1.81686 cm","1.52543 cm","0.0197914 Kg","0.0498504630877 Kg","0.0030568 cm","0.0181911 cm","0.0000000000942572 Kg","0.00000000168278 Kg","116.743 MJ","121.183 MJ","66230.2 m/s","0.0201647 m²/Kg","0.000000000172727 m²/J","66290 m/s","0.0266226 m²/Kg","0.000000000180666 m²/J","51.0256 °","119.785","6.3875","220.513 m/s","0.0169302 m²/Kg","0.00000000010547 m²/J","103445 m","57531 m","89.1397 °","49.0342 °","7.94307 °","59.0583 Km","0.9011 s","47.3292 °","-3.12524 °","47.1868 °","-3.56246 °","0.979938 AU","62.3826 km/s","1"
"18720","2022-09-10 00:23:53","12","Confirmed","Pending","Pending","0.632928","3.51809 °","167.034 °","265.778 °","337.161 °","2022-09-05 04:51:46","1.75783 AU","3.85797","0.00110848 AU","0.00269699","0.0534715 °","0.000454238 °","0.192124 °","0.30197 °","728.164 s","0.0130978 AU","13.0692 cm","6.96823 cm","7.36645 Kg","11.782950483 Kg","0.346303 cm","1.04838 cm","0.000137051 Kg","0.00124471 Kg","20.7507 MJ","20.1716 MJ","21051.7 m/s","0.00280327 m²/Kg","0.000000000135093 m²/J","21096.5 m/s","0.00372716 m²/Kg","0.0000000000873013 m²/J","45.9728 °","18.0054","3.6307","100.19 m/s","0.00149465 m²/Kg","0.0000000000722911 m²/J","77657.8 m","29912.3 m","345.462 °","3.05628 °","4.54302 °","66.4827 Km","3.5 s","45.0669 °","5.65249 °","45.45 °","5.86991 °","0.645249 AU","1.00522 km/s","1"
"18713","2022-09-08 21:31:29","21","Confirmed","Pending","Pending","0.996224","138.372 °","165.901 °","244.014 °","359.986 °","2022-09-07 13:16:13","191.991 AU","-0.692165","0.00160999 AU","0.00537516","0.151849 °","0.0000566922 °","0.286605 °","32.0111 °","627.347 s","93.6215 AU","0.145496 cm","0.0797067 cm","0.000010164 Kg","0.0000167043485094 Kg","0.000105284 cm","0.000667394 cm","0.00000000000000385122 Kg","0.0000000000000732387 Kg","101.96 MJ","94.8998 MJ","65856.4 m/s","0.251804 m²/Kg","0.00000000246963 m²/J","65869.2 m/s","0.276296 m²/Kg","0.00000000229054 m²/J","24.9241 °","2759.46","7.23124","109.271 m/s","0.137946 m²/Kg","0.00000000162311 m²/J","122632 m","82872.7 m","45.2343 °","39.7636 °","3.23473 °","94.0804 Km","1.617 s","46.0202 °","1.28255 °","45.6165 °","0.370077 °","0.724906 AU","62.2028 km/s","1"
"18712","2022-09-08 20:34:26","6","Confirmed","Pending","Pending","0.976856","138.529 °","165.862 °","244.399 °","359.789 °","2022-09-07 12:13:10","31.3121 AU","-0.620192","0.00541923 AU","0.0147476","0.465254 °","0.000262263 °","0.957345 °","0.207883 °","169.454 s","113.331 AU","0.113199 cm","0.270683 cm","0.00000478675 Kg","0.0000343384323682 Kg","2.76445e-25 cm","4.14595e-23 cm","0","0","13.4751 MJ","37.8728 MJ","65647.4 m/s","0.323646 m²/Kg","0.0000000240181 m²/J","65890.6 m/s","0.92153 m²/Kg","0.0000000123102 m²/J","16.8346 °","5160.96","54.3692","362.448 m/s","0.773907 m²/Kg","0.0000000177231 m²/J","110323 m","90261.2 m","45.3184 °","39.7915 °","3.82684 °","69.2885 Km","1.0638 s","43.7558 °","3.57639 °","43.3816 °","2.95318 °","0.724674 AU","1.00007 km/s","1"
"18711","2022-09-08 19:15:08","11","Confirmed","Pending","Pending","1.00569","99.4104 °","165.811 °","155.112 °","0.00707985 °","2022-09-07 05:26:40","-168.807 AU","-0.187145","0.00303349 AU","0.0854816","1.551 °","0.000820113 °","0.878454 °","0.157946 °","11059.4 s","3335.1 AU","0.0351214 cm","0.0955833 cm","0.000000142964 Kg","0.00000116723832094 Kg","0.00000000902026 cm","0.000000488484 cm","2.42199e-27 Kg","3.93482e-25 Kg","35.5023 MJ","134.027 MJ","56294.5 m/s","1.04314 m²/Kg","0.0000000293822 m²/J","56510.3 m/s","1.73782 m²/Kg","0.0000000148187 m²/J","26.3084 °","10869.6","15.1748","1625.64 m/s","2.83891 m²/Kg","0.000000048573 m²/J","105678 m","87188.8 m","89.8127 °","71.2855 °","15.2833 °","41.6455 Km","0.75472 s","45.0628 °","2.67801 °","44.7325 °","2.65245 °","0.960515 AU","38.9075 km/s","1"
"18665","2022-08-31 01:48:48","8","Confirmed","Pending","Pending","0.78252","30.6858 °","157.366 °","203.896 °","357.711 °","2022-08-26 23:58:02","4.46757 AU","2.15692","0.000323139 AU","0.00653194","0.0594626 °","0.000116183 °","0.142137 °","0.116451 °","388.329 s","0.134806 AU","0.412212 cm","0.245704 cm","0.000231141 Kg","0.000413321959297 Kg","0.000000926191 cm","0.0000123329 cm","2.6219e-21 Kg","1.04737e-19 Kg","7.41413 MJ","7.9564 MJ","23816.4 m/s","0.0888774 m²/Kg","0.0000000119876 m²/J","23867.3 m/s","0.123759 m²/Kg","0.00000000643029 m²/J","44.4782 °","585.829","13.006","115.537 m/s","0.0529764 m²/Kg","0.00000000678279 m²/J","96057.8 m","68758.8 m","293.501 °","49.5389 °","3.8684 °","38.9696 Km","1.6675 s","48.2533 °","-0.872966 °","48.1291 °","-0.553772 °","0.971608 AU","1.00019 km/s","1"
"18662","2022-08-30 19:19:11","6","Confirmed","Pending","Pending","0.965303","76.4053 °","157.096 °","189.347 °","359.944 °","2022-08-28 20:59:23","28.9096 AU","0.46934","0.000272543 AU","0.0209644","0.419019 °","0.000177526 °","0.213509 °","15.1395 °","11825.9 s","16.6658 AU","0.118111 cm","0.129325 cm","0.00000543734 Kg","0.0000178607887456 Kg","0.00000000169079 cm","0.0000000320406 cm","1.59507e-29 Kg","9.06803e-28 Kg","20.2385 MJ","22.6114 MJ","46371 m/s","0.310186 m²/Kg","0.0000000153265 m²/J","46553.8 m/s","0.509666 m²/Kg","0.0000000133999 m²/J","44.6994 °","2036.57","18.0619","421.34 m/s","0.339637 m²/Kg","0.00000000708371 m²/J","100203 m","79036.8 m","355.201 °","76.3682 °","8.33781 °","30.0888 Km","0.667 s","45.3849 °","1.02281 °","45.2056 °","0.934705 °","1.00307 AU","1.00013 km/s","1"
"18656","2022-08-29 00:43:46","22","Confirmed","Pending","Pending","1.00862","148.437 °","335.386 °","0.0823737 °","-0.00102285 °","2022-08-27 18:29:25","-117.186 AU","-0.974389","0.0000146488 AU","0.0125025","0.076616 °","0.000100876 °","56.3554 °","20.2635 °","3465.71 s","45.7162 AU","0.20573 cm","0.134136 cm","0.0000287347 Kg","0.0000562049308826 Kg","0.0912034 cm","1.37467 cm","0.0000025035 Kg","0.000113203 Kg","1027.15 MJ","19098 MJ","70107.3 m/s","0.17808 m²/Kg","0.000000000173373 m²/J","70123 m/s","0.187113 m²/Kg","0.00000000286579 m²/J","12.9036 °","3682.79","0.813472","136.319 m/s","0.116108 m²/Kg","0.000000003214 m²/J","116381 m","84857.8 m","66.6755 °","3.28839 °","4.75724 °","140.462 Km","2.0166 s","42.8686 °","4.26023 °","43.0295 °","2.62352 °","1.0101 AU","68.804 km/s","1"
"18630","2022-08-26 02:47:43","7","Confirmed","Pending","Pending","0.557721","37.4796 °","152.574 °","198.311 °","354.505 °","2022-08-22 06:43:15","2.24384 AU","3.18388","0.000683749 AU","0.0137272","0.137224 °","0.000237821 °","0.426231 °","0.374101 °","6067.51 s","0.0702439 AU","3.9983 cm","0.994591 cm","0.210931 Kg","0.157409431325 Kg","0.189576 cm","0.222642 cm","0.0000224834 Kg","0.000079215 Kg","34.9972 MJ","16.7267 MJ","25053 m/s","0.00916298 m²/Kg","0.000000000261821 m²/J","25153.2 m/s","0.0104273 m²/Kg","0.000000000224476 m²/J","36.6541 °","70.884","3.04884","231.603 m/s","0.00227932 m²/Kg","0.0000000000636892 m²/J","83331 m","39965.2 m","295.136 °","63.7876 °","10.902 °","72.538 Km","3.205 s","44.2792 °","13.483 °","43.8457 °","13.877 °","0.992402 AU","7.26534 km/s","1"
"18627","2022-08-25 20:14:42","6","Confirmed","Pending","Pending","0.385856","45.7254 °","152.307 °","182.642 °","357.328 °","2022-08-22 10:33:28","1.64537 AU","3.88649","0.00010013 AU","0.00793452","0.276325 °","0.000171115 °","0.430662 °","0.184558 °","2057.84 s","0.0213208 AU","1.32466 cm","1.98165 cm","0.00767062 Kg","0.0344248704533 Kg","0.00000000010225 cm","0.00000000408676 cm","3.52783e-33 Kg","4.23004e-31 Kg","5.64847 MJ","10.1268 MJ","27814.9 m/s","0.0276571 m²/Kg","0.00000000489639 m²/J","27919.5 m/s","0.0577698 m²/Kg","0.00000000345876 m²/J","59.7073 °","147.924","23.2848","237.281 m/s","0.041374 m²/Kg","0.00000000200149 m²/J","84958.6 m","64179.8 m","294.715 °","74.2944 °","11.6466 °","24.0631 Km","0.913 s","44.3238 °","8.88962 °","44.2162 °","8.8785 °","1.0105 AU","1.00539 km/s","1"
"18625","2022-08-25 19:08:34","9","Confirmed","Pending","Pending","0.977668","57.5261 °","152.261 °","128.449 °","0.131092 °","2022-08-23 11:56:50","36.8013 AU","0.741566","0.00132148 AU","0.00659682","0.152766 °","0.000100133 °","0.189766 °","0.0581942 °","419.228 s","11.9066 AU","0.481689 cm","0.214276 cm","0.00036882 Kg","0.000492200661112 Kg","0.000305236 cm","0.00193359 cm","0.0000000000000938474 Kg","0.0000000000017835 Kg","35.5376 MJ","32.6228 MJ","39235.2 m/s","0.0760581 m²/Kg","0.00000000214022 m²/J","39282.1 m/s","0.0959888 m²/Kg","0.00000000115153 m²/J","37.0806 °","582.567","7.36397","175.258 m/s","0.0338339 m²/Kg","0.00000000120211 m²/J","98200.9 m","65625.9 m","169.822 °","72.2641 °","4.1073 °","54.0598 Km","1.4418 s","43.5317 °","12.0829 °","43.1761 °","12.2795 °","0.821854 AU","32.1742 km/s","1"
"18622","2022-08-25 02:55:49","8","Confirmed","Pending","Pending","0.97598","156.461 °","151.604 °","96.0131 °","0.332805 °","2022-08-23 19:07:38","23.4796 AU","-0.627003","0.00826025 AU","0.0345344","0.360053 °","0.000285825 °","1.87054 °","0.734459 °","16979.7 s","33.6482 AU","0.166083 cm","1.02363 cm","0.0000151179 Kg","0.000279529537964 Kg","3.60409e-24 cm","1.23225e-21 cm","0","0","14.4722 MJ","96.8261 MJ","66652.2 m/s","0.22059 m²/Kg","0.0000000152423 m²/J","67198.2 m/s","1.32501 m²/Kg","0.00000000832949 m²/J","39.524 °","1600.77","52.1847","753.394 m/s","1.35957 m²/Kg","0.0000000097866 m²/J","108678 m","83528.9 m","86.4117 °","34.4069 °","5.39851 °","39.5146 Km","0.6 s","46.0308 °","3.2908 °","45.9767 °","2.911 °","0.563978 AU","1 km/s","1"
"18605","2022-08-23 22:41:10","12","Confirmed","Pending","Pending","0.321714","34.4198 °","150.481 °","185.637 °","354.813 °","2022-08-19 10:41:02","1.48906 AU","4.32977","0.000101582 AU","0.00388599","0.1025 °","0.000108097 °","0.256596 °","0.1752 °","1477.92 s","0.00857226 AU","9.11492 cm","4.02071 cm","2.49904 Kg","3.30707628203 Kg","0.000426638 cm","0.00366901 cm","0.000000000000256267 Kg","0.00000000000661157 Kg","8.40368 MJ","7.57611 MJ","22199.7 m/s","0.00401938 m²/Kg","0.000000000478289 m²/J","22209 m/s","0.00478432 m²/Kg","0.000000000255141 m²/J","63.7033 °","20.705","9.96949","98.2827 m/s","0.001773 m²/Kg","0.000000000284534 m²/J","81475 m","42088.7 m","285.534 °","68.6247 °","7.72212 °","43.9505 Km","2.0237 s","47.6367 °","4.72574 °","47.48 °","4.83661 °","1.01001 AU","1.00253 km/s","1"
"18579","2022-08-21 20:11:58","6","Confirmed","Pending","Pending","0.882707","86.1304 °","148.445 °","202.57 °","359.249 °","2022-08-20 01:11:46","8.31496 AU","0.894769","0.000656203 AU","0.0185295","0.390477 °","0.000148089 °","0.328485 °","0.191553 °","844.152 s","0.882622 AU","0.154478 cm","0.15171 cm","0.0000121651 Kg","0.0000358413554365 Kg","0.00000734423 cm","0.000118329 cm","1.30723e-18 Kg","6.3186e-17 Kg","42.4824 MJ","73.3635 MJ","49874.3 m/s","0.237162 m²/Kg","0.00000000558259 m²/J","50002.3 m/s","0.359159 m²/Kg","0.00000000296681 m²/J","42.5157 °","1620.71","9.95389","367.293 m/s","0.232912 m²/Kg","0.00000000449203 m²/J","103144 m","73753 m","3.43168 °","65.2748 °","7.38809 °","43.5228 Km","0.9326 s","43.3673 °","10.6401 °","43.1304 °","10.4233 °","0.975287 AU","1.06892 km/s","1"
"18574","2022-08-20 22:50:16","15","Confirmed","Pending","Pending","0.966366","117.589 °","147.587 °","149.397 °","0.131709 °","2022-08-19 12:31:00","28.0241 AU","-0.367179","0.00172305 AU","0.0182115","0.241823 °","0.000117178 °","0.405935 °","0.108105 °","1594.92 s","15.1679 AU","0.0545055 cm","0.046216 cm","0.000000534362 Kg","0.00000135927753233 Kg","0.0000000000822422 cm","0.00000000232783 cm","1.83569e-33 Kg","1.55875e-31 Kg","32.0684 MJ","46.1067 MJ","61899.8 m/s","0.672159 m²/Kg","0.0000000209602 m²/J","61976.4 m/s","0.960417 m²/Kg","0.0000000104216 m²/J","30.6649 °","6086.41","20.3119","282.241 m/s","0.569932 m²/Kg","0.000000015534 m²/J","110435 m","85416 m","59.2545 °","57.3525 °","7.34559 °","49.0239 Km","0.8023 s","47.6292 °","0.333051 °","47.3295 °","0.0044199 °","0.942564 AU","1.00037 km/s","1"
"18565","2022-08-19 21:58:37","12","Confirmed","Pending","Pending","0.968727","117.918 °","146.589 °","146.385 °","0.131705 °","2022-08-18 11:38:23","29.6987 AU","-0.385205","0.000756631 AU","0.0125245","0.16639 °","0.000091458 °","0.18744 °","0.0804275 °","950.683 s","18.634 AU","0.126261 cm","0.056901 cm","0.00000664228 Kg","0.00000898029513691 Kg","0.100045 cm","0.503861 cm","0.00000330445 Kg","0.0000499271 Kg","2803.38 MJ","61403.7 MJ","61950 m/s","0.290165 m²/Kg","0.000000000103505 m²/J","61941.6 m/s","0.270265 m²/Kg","0.00000000204657 m²/J","27.2672 °","2924.95","0.232729","200.315 m/s","0.130767 m²/Kg","0.00000000225923 m²/J","113958 m","76661.9 m","59.6134 °","56.9768 °","2.89707 °","81.555 Km","1.3298 s","45.1606 °","11.9306 °","44.6336 °","11.4122 °","0.928756 AU","58.1781 km/s","1"
"18556","2022-08-17 23:33:42","10","Confirmed","Pending","Pending","1.00875","145.976 °","144.726 °","167.925 °","0.00600029 °","2022-08-16 17:00:20","-114.369 AU","-1.07604","0.00091983 AU","0.019686","0.222844 °","0.000130326 °","0.486218 °","0.019773 °","1421.38 s","279.448 AU","0.0392842 cm","0.019886 cm","0.000000200063 Kg","0.000000303820544194 Kg","0.0176545 cm","0.120983 cm","0.0000000181585 Kg","0.000000373312 Kg","1024.77 MJ","8946.48 MJ","69436.4 m/s","0.932599 m²/Kg","0.000000000910059 m²/J","69436.7 m/s","0.858449 m²/Kg","0.00000000731564 m²/J","25.7284 °","9921.37","0.799831","257.428 m/s","0.47209 m²/Kg","0.00000000782386 m²/J","111449 m","86058.2 m","50.7378 °","39.4514 °","8.15654 °","58.5471 Km","1.1336 s","44.5639 °","0.370784 °","44.322 °","-0.187689 °","1.00114 AU","66.8528 km/s","1"
"18539","2022-08-16 19:46:39","8","Confirmed","Pending","Pending","1.00166","139.518 °","143.613 °","220.082 °","-0.00219329 °","2022-08-15 12:14:53","-537.914 AU","-0.901582","0.00169056 AU","0.00744949","0.262272 °","0.000178137 °","0.370817 °","45.6332 °","1122.11 s","3235.35 AU","0.181897 cm","0.0460025 cm","0.0000198604 Kg","0.0000150683644774 Kg","0.000133227 cm","0.000670636 cm","0.00000000000000780355 Kg","0.000000000000117844 Kg","106.605 MJ","77.8608 MJ","67283.1 m/s","0.201413 m²/Kg","0.00000000188935 m²/J","67313.2 m/s","0.222419 m²/Kg","0.00000000131557 m²/J","9.66483 °","5540.52","7.21914","160.304 m/s","0.0509383 m²/Kg","0.000000000983033 m²/J","115288 m","81341 m","28.52 °","36.5824 °","3.04769 °","194.207 Km","2.932 s","42.3771 °","15.8699 °","41.2658 °","14.1579 °","0.893526 AU","61.4353 km/s","1"
"18513","2022-08-14 22:34:31","6","Confirmed","Pending","Pending","0.963274","114.022 °","141.808 °","146.612 °","0.166294 °","2022-08-13 11:32:47","25.3478 AU","-0.22115","0.00225442 AU","0.0303158","0.371422 °","0.000196805 °","0.540929 °","0.20956 °","1187.6 s","17.1482 AU","0.120801 cm","0.184377 cm","0.00000581736 Kg","0.0000266368341027 Kg","0.000000000002321 cm","0.0000000000924356 cm","4.12609e-38 Kg","4.92974e-36 Kg","25.3717 MJ","42.5103 MJ","60685.2 m/s","0.303279 m²/Kg","0.0000000119534 m²/J","60850.6 m/s","0.473982 m²/Kg","0.0000000056654 m²/J","32.6502 °","2596.07","24.6754","486.159 m/s","0.462889 m²/Kg","0.0000000110808 m²/J","107252 m","82736.3 m","52.4201 °","58.1376 °","8.1492 °","45.4815 Km","0.8262 s","44.99 °","11.7148 °","44.7228 °","11.4201 °","0.930919 AU","1.00001 km/s","1"
"18506","2022-08-14 21:22:55","8","Confirmed","Pending","Pending","0.969992","113.726 °","141.759 °","149.988 °","0.108256 °","2022-08-13 10:19:48","31.5267 AU","-0.316609","0.000499587 AU","0.0107804","0.187521 °","0.000104251 °","0.120751 °","0.0591344 °","1161.46 s","11.9872 AU","0.0839096 cm","0.0413213 cm","0.00000194962 Kg","0.00000288026539836 Kg","0.0827868 cm","0.392448 cm","0.00000187239 Kg","0.000026628 Kg","46476 MJ","16478900 MJ","60689 m/s","0.436617 m²/Kg","0.00000000000939445 m²/J","60690.4 m/s","0.420709 m²/Kg","0.00000000283893 m²/J","22.3601 °","5300.32","0.0134722","186.587 m/s","0.215012 m²/Kg","0.0000000033304 m²/J","113420 m","83063.5 m","50.0303 °","58.5541 °","2.62347 °","79.7453 Km","1.6838 s","44.7028 °","0.971976 °","44.1215 °","0.555122 °","0.946069 AU","56.761 km/s","1"
"18471","2022-08-14 01:15:20","9","Confirmed","Pending","Pending","0.99302","114.286 °","140.956 °","150.846 °","0.0116838 °","2022-08-12 14:29:10","135.972 AU","-0.449166","0.00133539 AU","0.0299269","0.259255 °","0.0001209 °","0.434341 °","0.0772569 °","231.938 s","396.763 AU","0.038199 cm","0.0159738 cm","0.000000183937 Kg","0.000000230751997936 Kg","0.0374897 cm","0.0916557 cm","0.00000017388 Kg","0.00000127532 Kg","33862.1 MJ","4370130 MJ","61100.9 m/s","0.959093 m²/Kg","0.0000000000283235 m²/J","61121.8 m/s","0.932101 m²/Kg","0.00000000309697 m²/J","52.8608 °","5556.26","0.0187426","437.982 m/s","0.401067 m²/Kg","0.00000000365508 m²/J","108857 m","77361 m","49.4841 °","57.6224 °","5.09082 °","39.4989 Km","0.8199 s","44.144 °","11.7933 °","44.0023 °","11.5757 °","0.94914 AU","50.2132 km/s","1"
"18469","2022-08-14 01:10:41","8","Confirmed","Pending","Pending","0.933081","117.31 °","140.953 °","147.187 °","0.40409 °","2022-08-12 14:34:42","13.9731 AU","-0.268287","0.00114752 AU","0.028092","0.271916 °","0.000120494 °","0.425204 °","0.261517 °","6318.06 s","12.8184 AU","0.02831 cm","0.0167546 cm","0.0000000748743 Kg","0.000000132937725902 Kg","0.00000418561 cm","0.0000373097 cm","2.41986e-19 Kg","6.47106e-18 Kg","72.6159 MJ","78.5786 MJ","61377.5 m/s","1.29411 m²/Kg","0.0000000178214 m²/J","61546.5 m/s","1.82748 m²/Kg","0.00000000927049 m²/J","50.5539 °","7739.32","8.81932","418.019 m/s","0.765891 m²/Kg","0.0000000100397 m²/J","108827 m","82149.8 m","51.3317 °","55.6041 °","5.64476 °","34.5363 Km","0.7216 s","43.2869 °","11.9522 °","43.1621 °","11.7482 °","0.935069 AU","43.3818 km/s","1"
"18464","2022-08-14 00:29:55","8","Confirmed","Not Detected","Not detected","0.951578","113.755 °","140.926 °","149.141 °","0.230234 °","2022-08-12 13:23:17","19.478 AU","-0.212081","0.00119596 AU","0.0237902","0.242284 °","0.000110269 °","0.374356 °","0.173827 °","512.446 s","9.47341 AU","0.0442732 cm","0.0287799 cm","0.000000286375 Kg","0.000000558477690386 Kg","0.00000122804 cm","0.0000119035 cm","6.11152e-21 Kg","1.77718e-19 Kg","59.3465 MJ","58.3936 MJ","60522.5 m/s","0.827507 m²/Kg","0.0000000139437 m²/J","60577.5 m/s","1.00252 m²/Kg","0.00000000837792 m²/J","46.7126 °","5249.99","10.4927","359.929 m/s","0.537923 m²/Kg","0.00000000747439 m²/J","105400 m","83074 m","49.8149 °","57.8016 °","5.27054 °","30.6688 Km","0.5383 s","45.0583 °","10.5213 °","44.9305 °","10.3299 °","0.943164 AU","55.8987 km/s","1"
"18460","2022-08-13 23:56:09","6","Confirmed","Pending","Pending","0.908594","112.604 °","140.903 °","148.905 °","0.608366 °","2022-08-12 12:19:15","10.3254 AU","0.0559687","0.00120119 AU","0.0462226","0.498908 °","0.000237171 °","0.577072 °","0.483639 °","7128.53 s","10.2626 AU","2.43759 cm","392.216 cm","0.0477967 Kg","23.0718684099 Kg","0","","0","","0.413466 MJ","66.6799 MJ","59749.6 m/s","0.0150297 m²/Kg","0.0000000363505 m²/J","60267.8 m/s","2.16101 m²/Kg","0.0000000207426 m²/J","42.8183 °","102.123","1467.84","720.972 m/s","2.41833 m²/Kg","0.0000000225673 m²/J","109190 m","86576.1 m","49.1829 °","58.2599 °","6.16457 °","33.2826 Km","0.5861 s","43.518 °","12.5807 °","43.362 °","12.3748 °","0.943805 AU","1 km/s","1"
"18455","2022-08-13 23:10:40","9","Confirmed","Pending","Pending","0.963911","113.92 °","140.872 °","151.186 °","0.136409 °","2022-08-12 12:08:48","26.3666 AU","-0.211168","0.000561623 AU","0.0236483","0.266868 °","0.00013392 °","0.22228 °","0.136169 °","522.929 s","9.53566 AU","0.0506703 cm","0.0542852 cm","0.000000429315 Kg","0.00000137982636796 Kg","0.000000000855007 cm","0.0000000213495 cm","2.06264e-30 Kg","1.54512e-28 Kg","35.0445 MJ","51.0612 MJ","60741 m/s","0.723034 m²/Kg","0.0000000206319 m²/J","60801.2 m/s","1.12041 m²/Kg","0.0000000103659 m²/J","37.0422 °","5542.98","17.8975","365.532 m/s","0.774615 m²/Kg","0.0000000129883 m²/J","106346 m","84092.1 m","48.2901 °","57.8079 °","3.51454 °","36.9569 Km","0.9588 s","44.3514 °","10.4624 °","44.1561 °","10.2201 °","0.951544 AU","1.00717 km/s","1"
"18454","2022-08-13 23:02:06","7","Confirmed","Pending","Pending","0.929746","114.118 °","140.866 °","149.765 °","0.395032 °","2022-08-12 11:52:06","13.4756 AU","-0.0981714","0.00121773 AU","0.027976","0.336503 °","0.000169544 °","0.380508 °","0.243716 °","1936.28 s","5.34349 AU","16946.1 cm","4578120000 cm","16059100000 Kg","1.30155017267e16 Kg","6.18857 cm","8727520 cm","0.782142 Kg","3309080 Kg","78.4646 MJ","15694400 MJ","60442.2 m/s","0.00000216194 m²/Kg","0.000000000000027553 m²/J","60718.8 m/s","0.471722 m²/Kg","0.00000000461808 m²/J","35.5497 °","0.0171725","7.91509","445.286 m/s","0.584066 m²/Kg","0.00000000539803 m²/J","114467 m","80107.3 m","48.801 °","57.5956 °","5.14018 °","59.0132 Km","0.941 s","46.0741 °","7.71834 °","45.7532 °","7.31863 °","0.94671 AU","60.4422 km/s","1"
"18450","2022-08-13 22:52:41","12","Confirmed","Pending","Pending","0.9495","114.016 °","140.86 °","151.71 °","0.221874 °","2022-08-12 11:50:33","18.8944 AU","-0.211336","0.00314364 AU","0.0258605","0.311256 °","0.000147103 °","0.744386 °","0.171307 °","5881.05 s","103.962 AU","0.0566752 cm","0.0335746 cm","0.000000600749 Kg","0.00000106765721132 Kg","0.0559709 cm","0.355477 cm","0.00000057863 Kg","0.0000110248 Kg","49999.6 MJ","25462700 MJ","60644.9 m/s","0.646427 m²/Kg","0.0000000000129286 m²/J","60696 m/s","0.668092 m²/Kg","0.00000000560756 m²/J","36.2914 °","5043.7","0.0125046","391.988 m/s","0.382945 m²/Kg","0.00000000658345 m²/J","109273 m","81263.3 m","47.7955 °","57.645 °","13.888 °","47.3027 Km","0.7283 s","43.272 °","14.8889 °","43.0187 °","14.5832 °","0.954175 AU","57.8448 km/s","1"
"18442","2022-08-13 21:51:33","11","Confirmed","Pending","Pending","1.00171","112.934 °","140.818 °","149.514 °","0.00149066 °","2022-08-12 10:52:51","-550.862 AU","-0.474516","0.000569803 AU","0.00595113","0.110467 °","0.0000435232 °","0.142627 °","0.00717302 °","819.579 s","17308.8 AU","0.129187 cm","0.0701099 cm","0.00000711487 Kg","0.0000115837688288 Kg","0.0192305 cm","0.207765 cm","0.0000000234684 Kg","0.000000760654 Kg","329.146 MJ","1885.35 MJ","60728.2 m/s","0.283592 m²/Kg","0.0000000008616 m²/J","60732.2 m/s","0.278218 m²/Kg","0.00000000482948 m²/J","27.5045 °","2835.93","1.90476","91.2553 m/s","0.153906 m²/Kg","0.00000000485396 m²/J","109311 m","82831.6 m","49.37 °","58.9075 °","3.36316 °","57.19 Km","1.1424 s","48.0966 °","-0.281014 °","47.7085 °","-0.617084 °","0.943026 AU","59.2157 km/s","1"
"18437","2022-08-13 21:22:00","8","Confirmed","Pending","Pending","0.977126","114.461 °","140.799 °","148.074 °","0.0773228 °","2022-08-12 10:30:38","40.9802 AU","-0.345729","0.00138345 AU","0.0217374","0.356424 °","0.000179649 °","0.359822 °","0.111323 °","1556.43 s","28.8621 AU","0.218057 cm","0.363614 cm","0.0000342154 Kg","0.000171165064807 Kg","0.117374 cm","1.6789 cm","0.00000533614 Kg","0.000228982 Kg","1019.57 MJ","22794.4 MJ","60949 m/s","0.168013 m²/Kg","0.000000000164788 m²/J","61024.5 m/s","0.281641 m²/Kg","0.00000000332609 m²/J","25.6368 °","1793.35","0.619392","359.91 m/s","0.280166 m²/Kg","0.00000000375339 m²/J","109608 m","80686.4 m","50.1373 °","57.8894 °","6.99832 °","66.6131 Km","1.11186 s","46.8231 °","8.05364 °","46.3657 °","7.65988 °","0.93738 AU","59.667 km/s","1"
"18435","2022-08-13 21:08:05","7","Confirmed","Pending","Pending","0.960286","113.441 °","140.789 °","149.891 °","0.165798 °","2022-08-12 09:57:27","23.824 AU","-0.256633","0.000965245 AU","0.0114879","0.19169 °","0.0000962859 °","0.232331 °","0.0732941 °","2722.58 s","9.72959 AU","0.0825627 cm","0.0407121 cm","0.00000185723 Kg","0.00000274742433185 Kg","0.000000112869 cm","0.00000146478 cm","4.74503e-24 Kg","1.84738e-22 Kg","46.0346 MJ","46.0028 MJ","60468.7 m/s","0.44374 m²/Kg","0.00000000963927 m²/J","60548.4 m/s","0.596771 m²/Kg","0.0000000050819 m²/J","26.4894 °","4594.46","13.5028","196.055 m/s","0.21881 m²/Kg","0.00000000540899 m²/J","108938 m","82880.6 m","48.7586 °","58.4878 °","4.55174 °","58.4402 Km","0.99649 s","51.452 °","-2.21847 °","51.034 °","-2.53668 °","0.946148 AU","49.3465 km/s","1"
"18431","2022-08-13 20:46:53","6","Confirmed","Pending","Pending","0.957552","114.897 °","140.775 °","151.65 °","0.171109 °","2022-08-12 09:54:26","22.4669 AU","-0.0873394","0.000600718 AU","0.0136792","0.268347 °","0.000136881 °","0.172817 °","0.0840227 °","1117.58 s","7.70234 AU","0.138978 cm","0.139677 cm","0.00000885826 Kg","0.0000267085495062 Kg","0.124314 cm","1.38807 cm","0.0000063398 Kg","0.000212367 Kg","5661.53 MJ","551365 MJ","60937.2 m/s","0.263613 m²/Kg","0.0000000000465622 m²/J","61016.3 m/s","0.37191 m²/Kg","0.00000000382827 m²/J","21.5563 °","3313.47","0.111501","234.117 m/s","0.26494 m²/Kg","0.00000000454714 m²/J","110286 m","82682.7 m","47.6829 °","57.5704 °","4.70369 °","75.2681 Km","1.2337 s","46.947 °","1.85774 °","46.3851 °","1.47521 °","0.953677 AU","59.3534 km/s","1"
"18430","2022-08-13 20:33:25","6","Confirmed","Pending","Pending","0.971599","113.936 °","140.766 °","154.172 °","0.0838098 °","2022-08-12 09:39:04","33.916 AU","-0.505088","0.000322545 AU","0.0179301","0.267855 °","0.000141844 °","0.139857 °","0.0802692 °","5386.63 s","10952.8 AU","1.83209 cm","37.9509 cm","0.0202935 Kg","1.2611064439 Kg","0","0","0","0","3.4738 MJ","73.3913 MJ","60806.1 m/s","0.019997 m²/Kg","0.00000000575652 m²/J","60986.2 m/s","0.354494 m²/Kg","0.00000000293874 m²/J","27.9886 °","196.785","180.941","301.753 m/s","0.414228 m²/Kg","0.00000000338541 m²/J","111635 m","79644.4 m","46.1977 °","58.0704 °","2.02834 °","67.9484 Km","1.2304 s","52.4454 °","7.86489 °","51.9766 °","7.45959 °","0.96324 AU","3.6163 km/s","1"
"18427","2022-08-13 20:05:17","8","Confirmed","Pending","Pending","0.927389","113.39 °","140.747 °","150.98 °","0.39589 °","2022-08-12 08:42:55","13.1097 AU","-0.0728999","0.000939508 AU","0.0236606","0.471226 °","0.000261506 °","0.295622 °","0.199895 °","1832.77 s","4.92716 AU","1673.14 cm","84848600 cm","15456400 Kg","2351489901560 Kg","0.0573865 cm","24589.9 cm","0.000000623653 Kg","0.801701 Kg","59.7976 MJ","2602180 MJ","60134.3 m/s","0.0000218968 m²/Kg","0.000000000000366182 m²/J","60439 m/s","0.875468 m²/Kg","0.000000016282 m²/J","21.5929 °","0.274786","10.2804","442.227 m/s","1.11044 m²/Kg","0.0000000186988 m²/J","107848 m","89573.5 m","47.6318 °","58.4278 °","4.71898 °","49.7658 Km","0.8243 s","49.3325 °","0.227529 °","48.9451 °","0.0231563 °","0.951914 AU","60.1343 km/s","1"
"18416","2022-08-13 03:33:56","6","Confirmed","Pending","Pending","0.933386","113.964 °","140.09 °","153.72 °","0.309999 °","2022-08-11 16:22:46","14.4514 AU","-0.125825","0.00206839 AU","0.0274616","0.233187 °","0.0000943572 °","0.627704 °","0.200501 °","5801.35 s","6.76226 AU","0.035846 cm","0.0181465 cm","0.000000151997 Kg","0.000000230839815554 Kg","0.0353124 cm","0.134004 cm","0.00000014531 Kg","0.00000165428 Kg","41353.8 MJ","10568600 MJ","60399.9 m/s","1.02205 m²/Kg","0.0000000000247148 m²/J","60425.7 m/s","0.980723 m²/Kg","0.00000000533902 m²/J","69.0008 °","5055.8","0.0149971","398.178 m/s","0.517398 m²/Kg","0.00000000631451 m²/J","107991 m","78487.9 m","46.359 °","57.1732 °","8.99659 °","31.604 Km","0.5333 s","44.8571 °","4.39065 °","44.7848 °","4.29267 °","0.962672 AU","55.345 km/s","1"
"18404","2022-08-13 02:25:55","8","Confirmed","Pending","Pending","1.00299","114.578 °","140.044 °","152.772 °","0.00301277 °","2022-08-11 15:47:54","-320.589 AU","-0.400222","0.00207778 AU","0.0340388","0.396654 °","0.000125674 °","0.627764 °","0.0495818 °","7116.57 s","124.851 AU","0.0709434 cm","0.096621 cm","0.00000117828 Kg","0.00000481427409344 Kg","0.0000257845 cm","0.000373662 cm","5.65706e-17 Kg","0.00000000000000245942 Kg","80.6194 MJ","162.181 MJ","61285 m/s","0.516417 m²/Kg","0.00000000640562 m²/J","61557 m/s","0.968588 m²/Kg","0.00000000452263 m²/J","60.0021 °","2753.81","7.91986","475.75 m/s","0.703331 m²/Kg","0.00000000457866 m²/J","109442 m","81929.2 m","47.2546 °","57.2396 °","12.8255 °","31.7732 Km","0.7834 s","48.7643 °","0.690267 °","48.6828 °","0.516722 °","0.957026 AU","1.0454 km/s","1"
"18392","2022-08-13 01:19:28","9","Confirmed","Pending","Pending","0.959287","113.107 °","139.999 °","154.293 °","0.143459 °","2022-08-11 14:11:53","23.6816 AU","-0.253237","0.000912405 AU","0.0156112","0.157293 °","0.0000648081 °","0.287697 °","0.0841415 °","3879.05 s","9.30828 AU","0.313454 cm","0.578707 cm","0.000101633 Kg","0.00056291448886 Kg","0.000000000805231 cm","0.000000035589 cm","1.72296e-30 Kg","2.2845e-28 Kg","31.3956 MJ","73.201 MJ","60439.5 m/s","0.116879 m²/Kg","0.0000000037228 m²/J","60575.8 m/s","0.257359 m²/Kg","0.00000000185993 m²/J","55.6112 °","654.092","19.7798","231.032 m/s","0.215786 m²/Kg","0.00000000242372 m²/J","112643 m","72930.9 m","45.4368 °","57.852 °","4.39067 °","48.1335 Km","0.8119 s","51.3378 °","4.24579 °","51.1989 °","3.93196 °","0.964154 AU","1 km/s","1"
"18384","2022-08-13 00:40:56","7","Confirmed","Pending","Pending","0.929453","113.933 °","139.973 °","147.885 °","0.426402 °","2022-08-11 13:27:34","13.3043 AU","-0.14467","0.00224616 AU","0.0288606","0.546917 °","0.000124646 °","0.651291 °","0.269767 °","7657.07 s","51.092 AU","0.104489 cm","0.0699632 cm","0.00000376462 Kg","0.00000756210774367 Kg","0.0903002 cm","0.59732 cm","0.00000242986 Kg","0.0000482192 Kg","4239.07 MJ","190386 MJ","60324.8 m/s","0.350625 m²/Kg","0.0000000000827127 m²/J","60379.8 m/s","0.373594 m²/Kg","0.00000000320446 m²/J","47.8695 °","2183.41","0.145938","384.406 m/s","0.234771 m²/Kg","0.00000000371738 m²/J","105130 m","76760.4 m","49.0398 °","57.4014 °","19.8912 °","38.2496 Km","0.646 s","48.3916 °","6.15935 °","48.244 °","5.89976 °","0.93858 AU","57.5207 km/s","1"
"18381","2022-08-13 00:32:55","7","Confirmed","Pending","Pending","0.973993","112.471 °","139.968 °","151.363 °","0.0826013 °","2022-08-11 13:17:49","36.6105 AU","-0.154693","0.000416981 AU","0.0383947","0.381874 °","0.000180717 °","0.355694 °","0.186655 °","12723.1 s","19.1284 AU","0.0365067 cm","0.0172329 cm","0.000000160557 Kg","0.000000227372087019 Kg","0.0000632248 cm","0.000309019 cm","8.34022e-16 Kg","0.0000000000000122291 Kg","97.4108 MJ","79.7848 MJ","60361.3 m/s","1.00355 m²/Kg","0.0000000103023 m²/J","60275.5 m/s","1.02568 m²/Kg","0.00000000466515 m²/J","45.8344 °","6460.92","6.35855","583.958 m/s","0.473724 m²/Kg","0.00000000649708 m²/J","105671 m","78102.2 m","47.0527 °","58.419 °","2.29118 °","38.4385 Km","0.872 s","46.8003 °","3.55871 °","46.6359 °","3.30935 °","0.952112 AU","1.00007 km/s","1"
"18363","2022-08-12 23:34:00","7","Confirmed","Pending","Pending","0.924717","113.752 °","139.928 °","153.583 °","0.375433 °","2022-08-11 12:17:15","12.7843 AU","-0.0736998","0.000782361 AU","0.0249252","0.285737 °","0.000134546 °","0.295912 °","0.192319 °","2008.62 s","4.26736 AU","3344.06 cm","85464400 cm","123406000 Kg","9461695963320 Kg","691.834 cm","163576000 cm","1092750 Kg","775103000000 Kg","392.733 MJ","54995900 MJ","60331.8 m/s","0.0000109557 m²/Kg","0.000000000000027896 m²/J","60588.2 m/s","0.22646 m²/Kg","0.0000000037501 m²/J","40.9849 °","0.0771435","1.5756","388.399 m/s","0.279994 m²/Kg","0.00000000436036 m²/J","110332 m","78561.8 m","45.1968 °","57.3786 °","4.11418 °","48.4437 Km","0.81613 s","48.6729 °","4.72003 °","48.4449 °","4.37301 °","0.962439 AU","60.3317 km/s","1"
"18361","2022-08-12 23:29:20","8","Confirmed","Pending","Pending","0.973395","113.552 °","139.925 °","152.895 °","0.0802644 °","2022-08-11 12:27:20","36.023 AU","-0.278936","0.000975917 AU","0.0222799","0.283185 °","0.000121097 °","0.276063 °","0.100528 °","2855.52 s","26.9696 AU","0.0708537 cm","0.0487331 cm","0.00000117382 Kg","0.00000242205765917 Kg","0.000000262569 cm","0.00000393271 cm","5.97373e-23 Kg","2.6842e-21 Kg","50.1352 MJ","62.8538 MJ","60729.5 m/s","0.51707 m²/Kg","0.0000000103135 m²/J","60806.5 m/s","0.69983 m²/Kg","0.00000000522426 m²/J","38.4618 °","3839.16","12.5056","335.407 m/s","0.35564 m²/Kg","0.00000000703567 m²/J","107349 m","80771.4 m","45.9511 °","57.7928 °","7.09952 °","42.7035 Km","0.9005 s","46.7359 °","3.84097 °","46.5184 °","3.54884 °","0.958384 AU","1.04276 km/s","1"
"18358","2022-08-12 23:19:18","11","Confirmed","Pending","Pending","0.976199","114.205 °","139.918 °","154.383 °","0.0636265 °","2022-08-11 12:27:24","40.5051 AU","-0.436107","0.000814648 AU","0.0191301","0.229164 °","0.000108065 °","0.240655 °","0.0775358 °","1567.05 s","192.684 AU","0.0334844 cm","0.0191076 cm","0.000000123891 Kg","0.000000212092220749 Kg","0.00000146974 cm","0.0000134124 cm","1.0477e-20 Kg","2.86829e-19 Kg","62.9996 MJ","59.6788 MJ","60978.4 m/s","1.09413 m²/Kg","0.0000000173673 m²/J","60977.4 m/s","1.12522 m²/Kg","0.00000000801578 m²/J","37.1844 °","8360.48","10.0337","293.961 m/s","0.624357 m²/Kg","0.0000000128964 m²/J","110935 m","84036.1 m","45.1071 °","57.4021 °","4.67204 °","44.4594 Km","0.9472 s","48.428 °","0.492623 °","48.1962 °","0.176091 °","0.964076 AU","1.03148 km/s","1"
"18351","2022-08-12 22:37:45","10","Confirmed","Pending","Pending","0.981822","113.367 °","139.89 °","153.798 °","0.0435101 °","2022-08-11 11:39:02","52.9032 AU","-0.381751","0.000484562 AU","0.0159834","0.210252 °","0.00010611 °","0.157198 °","0.0580709 °","463.294 s","44.8738 AU","0.0596477 cm","0.0330128 cm","0.000000700319 Kg","0.00000116280230523 Kg","0.00000146414 cm","0.0000135271 cm","1.03576e-20 Kg","2.87081e-19 Kg","59.102 MJ","53.8494 MJ","60748.5 m/s","0.614212 m²/Kg","0.0000000103924 m²/J","60756.7 m/s","0.674562 m²/Kg","0.0000000049029 m²/J","32.3519 °","5300.81","10.6149","255.946 m/s","0.339944 m²/Kg","0.00000000667552 m²/J","109118 m","81052.8 m","45.2112 °","58.0597 °","2.76514 °","52.4425 Km","0.8724 s","49.0255 °","-2.53223 °","48.7102 °","-2.88665 °","0.961696 AU","1 km/s","1"
"18348","2022-08-12 22:26:47","24","Confirmed","Pending","Pending","0.97298","113.832 °","139.883 °","153.941 °","0.0785412 °","2022-08-11 11:30:34","35.6212 AU","-0.338686","0.000667085 AU","0.00913176","0.152154 °","0.0000591537 °","0.183863 °","0.0398696 °","820.645 s","25.6447 AU","0.151765 cm","0.0732813 cm","0.0000115354 Kg","0.0000167098836564 Kg","0.148943 cm","0.828562 cm","0.0000109038 Kg","0.000181971 Kg","33512.7 MJ","9989530 MJ","60826.8 m/s","0.241401 m²/Kg","0.00000000000720328 m²/J","60836.2 m/s","0.235588 m²/Kg","0.00000000183911 m²/J","30.5173 °","2195.44","0.0187685","135.799 m/s","0.116563 m²/Kg","0.00000000214679 m²/J","114200 m","77739.8 m","45.0705 °","57.6826 °","4.64814 °","71.6863 Km","1.5005 s","45.4473 °","3.49897 °","45.0099 °","3.03395 °","0.962482 AU","57.586 km/s","1"
"18339","2022-08-12 21:45:33","11","Confirmed","Pending","Pending","0.975861","114.592 °","139.855 °","152.428 °","0.0707455 °","2022-08-11 10:58:10","39.622 AU","-0.370307","0.000712456 AU","0.013811","0.222275 °","0.000123441 °","0.1825 °","0.0611689 °","4774.37 s","22.085 AU","0.0754865 cm","0.0386494 cm","0.00000141946 Kg","0.00000218030054422 Kg","0.0361346 cm","0.181117 cm","0.000000155698 Kg","0.00000234121 Kg","860.375 MJ","5969.09 MJ","61061.3 m/s","0.485337 m²/Kg","0.000000000564099 m²/J","61049.9 m/s","0.458017 m²/Kg","0.00000000370065 m²/J","23.599 °","5598.79","0.736704","230.659 m/s","0.248494 m²/Kg","0.00000000385429 m²/J","111983 m","81159.8 m","46.0014 °","57.4151 °","3.49061 °","76.7125 Km","1.261 s","43.4434 °","2.3427 °","42.9132 °","1.89612 °","0.95645 AU","57.7841 km/s","1"
"18335","2022-08-12 21:21:11","7","Confirmed","Pending","Pending","0.942011","113.571 °","139.838 °","156.373 °","0.222346 °","2022-08-11 10:09:07","16.7633 AU","-0.146326","0.00126449 AU","0.0207324","0.370117 °","0.0001675 °","0.403329 °","0.122723 °","1780.84 s","5.0027 AU","0.222158 cm","0.60586 cm","0.0000361828 Kg","0.000296027916218 Kg","5.43757e-18 cm","6.21866e-16 cm","0","0","16.2465 MJ","49.8637 MJ","60459.4 m/s","0.164911 m²/Kg","0.0000000101506 m²/J","60649.1 m/s","0.470772 m²/Kg","0.00000000585913 m²/J","26.3284 °","1717.17","38.2488","337.205 m/s","0.449738 m²/Kg","0.00000000597206 m²/J","107417 m","83478.5 m","43.1393 °","57.7048 °","9.1544 °","53.9023 Km","0.9061 s","47.9732 °","1.43826 °","47.6055 °","1.11335 °","0.97208 AU","58.9054 km/s","1"
"18331","2022-08-12 20:45:37","7","Confirmed","Pending","Pending","0.966483","113.23 °","139.815 °","156.739 °","0.0953832 °","2022-08-11 09:42:24","29.0244 AU","-0.299062","0.000366007 AU","0.0163996","0.290101 °","0.000160719 °","0.103479 °","0.0702824 °","8503.74 s","14.8958 AU","0.160353 cm","0.174658 cm","0.0000136064 Kg","0.0000444607919215 Kg","0.0000000029008 cm","0.0000000764841 cm","8.05506e-29 Kg","6.37152e-27 Kg","34.9809 MJ","53.9202 MJ","60567.7 m/s","0.228473 m²/Kg","0.00000000653137 m²/J","60651.1 m/s","0.347959 m²/Kg","0.00000000322157 m²/J","23.0239 °","2697.77","17.8279","288.221 m/s","0.248856 m²/Kg","0.00000000439205 m²/J","108352 m","80764.4 m","42.962 °","58.1227 °","3.00346 °","70.4397 Km","1.16 s","47.9483 °","-1.06523 °","47.4286 °","-1.42755 °","0.972802 AU","4.88676 km/s","1"
"18326","2022-08-12 20:32:55","7","Confirmed","Pending","Pending","0.984051","111.664 °","139.806 °","154.996 °","0.0338342 °","2022-08-11 09:13:48","60.5814 AU","-0.362277","0.000677329 AU","0.0227774","0.413927 °","0.000238985 °","0.152851 °","0.073123 °","4328.75 s","83.2251 AU","0.0269231 cm","0.0308733 cm","0.0000000644003 Kg","0.000000221547567807 Kg","0.0000000000293625 cm","0.000000000872482 cm","8.35394e-35 Kg","7.44692e-33 Kg","29.8723 MJ","44.743 MJ","60218.3 m/s","1.36078 m²/Kg","0.0000000455532 m²/J","60351.6 m/s","2.18089 m²/Kg","0.0000000206876 m²/J","21.8259 °","16903.1","20.6365","409.846 m/s","1.56043 m²/Kg","0.0000000329288 m²/J","111593 m","90672 m","43.7736 °","59.226 °","3.35458 °","56.4393 Km","0.9379 s","44.63 °","5.44322 °","44.2096 °","5.16806 °","0.966186 AU","6.18315 km/s","1"
"18325","2022-08-12 20:30:06","6","Confirmed","Pending","Pending","0.980606","113.207 °","139.804 °","154.839 °","0.0457711 °","2022-08-11 09:27:49","49.7927 AU","-0.373342","0.000662999 AU","0.0179535","0.348951 °","0.00015866 °","0.206824 °","0.0628147 °","466.135 s","43.9418 AU","0.0742671 cm","0.0474516 cm","0.00000135177 Kg","0.00000259107057163 Kg","0.0000777039 cm","0.000935385 cm","0.00000000000000154825 Kg","0.0000000000000559128 Kg","91.1543 MJ","167.243 MJ","60660.5 m/s","0.493305 m²/Kg","0.00000000541176 m²/J","60683.6 m/s","0.550301 m²/Kg","0.00000000408522 m²/J","23.8831 °","5626.91","6.86252","293.415 m/s","0.315188 m²/Kg","0.00000000740941 m²/J","107362 m","82403.6 m","44.298 °","58.3264 °","7.95684 °","61.8928 Km","1.024 s","49.2562 °","1.74964 °","48.7984 °","1.43717 °","0.965685 AU","56.2585 km/s","1"
"18314","2022-08-12 03:45:36","11","Confirmed","Pending","Pending","1.00724","179.232 °","138.897 °","155.397 °","0.0101412 °","2022-08-10 22:20:57","-133.727 AU","-1.27295","0.00121621 AU","0.0430993","0.146112 °","13.3788 °","13.2506 °","0.0877329 °","2405.13 s","1661.31 AU","1.0436 cm","15.6155 cm","0.0037507 Kg","0.168366370437 Kg","7.90626e-36 cm","9.53832e-33 cm","0","0","10.8946 MJ","164.662 MJ","71989.7 m/s","0.0351059 m²/Kg","0.00000000322231 m²/J","72265.8 m/s","0.456401 m²/Kg","0.00000000254211 m²/J","49.0097 °","214.787","80.8681","531.519 m/s","0.525293 m²/Kg","0.00000000133828 m²/J","113135 m","74820.1 m","54.1913 °","19.9547 °","7.73943 °","50.7519 Km","0.7496 s","46.2751 °","-0.855271 °","46.4078 °","-1.23577 °","0.968109 AU","1 km/s","1"
"18313","2022-08-12 03:40:26","8","Confirmed","Pending","Pending","0.926175","173.713 °","139.107 °","134.412 °","0.70216 °","2022-08-10 21:30:05","11.7479 AU","-0.613475","0.00307292 AU","0.0358159","0.15844 °","0.000943409 °","0.965974 °","0.534288 °","6197.27 s","4.74353 AU","0.190555 cm","0.444885 cm","0.0000228336 Kg","0.000159927456914 Kg","0.00000000000000619546 cm","0.000000000000512392 cm","1.4013e-45 Kg","1.9478e-43 Kg","26.9156 MJ","73.9776 MJ","70122.7 m/s","0.192261 m²/Kg","0.00000000714312 m²/J","70388.8 m/s","0.476222 m²/Kg","0.00000000334305 m²/J","50.0471 °","1158.27","31.0571","510.331 m/s","0.448869 m²/Kg","0.00000000456512 m²/J","105879 m","78992.1 m","59.3307 °","24.0759 °","4.04148 °","35.0708 Km","0.5011 s","44.6945 °","1.7038 °","44.7516 °","1.43533 °","0.867293 AU","1.02019 km/s","1"
"18294","2022-08-12 01:01:51","9","Confirmed","Pending","Pending","0.990599","114.921 °","139.028 °","156.138 °","0.0145133 °","2022-08-10 14:22:12","103.214 AU","-0.230742","0.00087512 AU","0.0269088","0.264305 °","0.000117595 °","0.303146 °","0.0635372 °","419.456 s","15.7887 AU","0.0447452 cm","0.0368516 cm","0.000000295633 Kg","0.00000073044016799 Kg","0.0000183832 cm","0.000145841 cm","2.05011e-17 Kg","4.87927e-16 Kg","82.0613 MJ","91.7907 MJ","61350.3 m/s","0.818778 m²/Kg","0.00000000997763 m²/J","61462.2 m/s","1.10232 m²/Kg","0.00000000654194 m²/J","48.6778 °","5034.93","7.7973","393.396 m/s","0.674336 m²/Kg","0.00000000531292 m²/J","110105 m","80888.3 m","43.397 °","56.575 °","5.22283 °","38.8982 Km","0.661 s","47.9594 °","-1.12645 °","47.8163 °","-1.38956 °","0.970323 AU","55.4773 km/s","1"
"18281","2022-08-11 23:42:12","14","Confirmed","Pending","Pending","0.972738","114.37 °","138.974 °","141.938 °","0.124051 °","2022-08-10 12:43:13","33.276 AU","-0.345973","0.00201364 AU","0.0201851","0.250041 °","0.000125093 °","0.430723 °","0.139414 °","1531.51 s","42.3423 AU","0.0750564 cm","0.11073 cm","0.00000139533 Kg","0.00000617558144736 Kg","0.0000000578399 cm","0.00000148913 cm","6.38551e-25 Kg","4.93199e-23 Kg","44.5822 MJ","86.084 MJ","60757.1 m/s","0.488118 m²/Kg","0.0000000109487 m²/J","60851.6 m/s","0.765205 m²/Kg","0.00000000557846 m²/J","35.0943 °","3920.91","14.0761","324.038 m/s","0.720118 m²/Kg","0.00000000947999 m²/J","107176 m","80843.3 m","51.6056 °","57.2948 °","6.97123 °","45.8354 Km","0.8923 s","47.234 °","-0.43249 °","46.9825 °","-0.751197 °","0.907181 AU","1.01232 km/s","1"
"18280","2022-08-11 23:31:59","6","Confirmed","Pending","Pending","0.962392","111.67 °","138.967 °","151.383 °","0.143884 °","2022-08-10 12:04:33","25.3334 AU","-0.237325","0.00182168 AU","0.020521","0.30279 °","0.000106352 °","0.506034 °","0.118438 °","460.536 s","13.4269 AU","0.751583 cm","7.40004 cm","0.00140102 Kg","0.0413831310694 Kg","0","0","0","0","4.13801 MJ","42.4216 MJ","59982.8 m/s","0.0487456 m²/Kg","0.00000001178 m²/J","60168.1 m/s","0.422389 m²/Kg","0.00000000558452 m²/J","41.6076 °","339.018","147.812","306.062 m/s","0.479945 m²/Kg","0.0000000104513 m²/J","109300 m","81324.5 m","45.2551 °","58.6661 °","9.94844 °","42.129 Km","0.7274 s","49.8172 °","4.43793 °","49.6161 °","4.13956 °","0.952732 AU","1.04376 km/s","1"
"18278","2022-08-11 23:21:20","9","Confirmed","Pending","Pending","0.966988","112.758 °","138.96 °","151.011 °","0.120028 °","2022-08-10 12:05:45","28.8083 AU","-0.296123","0.000755575 AU","0.0158611","0.192918 °","0.0000940082 °","0.225551 °","0.0879082 °","569.055 s","17.0773 AU","0.0942935 cm","0.0506099 cm","0.00000276668 Kg","0.00000445485922698 Kg","0.000000814856 cm","0.00000937779 cm","1.78549e-21 Kg","6.1645e-20 Kg","53.1398 MJ","54.6636 MJ","60369 m/s","0.388536 m²/Kg","0.00000000731158 m²/J","60403.3 m/s","0.464722 m²/Kg","0.00000000323828 m²/J","37.1032 °","2974.43","11.6589","251.802 m/s","0.208538 m²/Kg","0.00000000482969 m²/J","110505 m","80583.5 m","45.5953 °","58.1141 °","3.30997 °","49.5705 Km","1.3785 s","49.508 °","-1.49323 °","49.2437 °","-1.84502 °","0.951027 AU","1.00116 km/s","1"
"18276","2022-08-11 23:02:00","6","Confirmed","Pending","Pending","1.0251","112.214 °","138.947 °","149.412 °","0.0835517 °","2022-08-10 12:01:52","-37.5283 AU","-0.686993","0.00184062 AU","0.0289523","0.456742 °","0.000173558 °","0.45132 °","0.141628 °","468.183 s","28.631 AU","0.0772678 cm","0.0707956 cm","0.00000152233 Kg","0.00000418444603741 Kg","0.0759395 cm","0.471576 cm","0.00000144517 Kg","0.000026923 Kg","36144.9 MJ","12366100 MJ","60718.1 m/s","0.474148 m²/Kg","0.000000000013118 m²/J","60802.4 m/s","0.616551 m²/Kg","0.00000000381402 m²/J","33.7466 °","3941.72","0.0173396","431.571 m/s","0.434432 m²/Kg","0.00000000449082 m²/J","110566 m","79654.8 m","47.0811 °","58.8592 °","15.2321 °","55.5181 Km","0.9 s","49.4348 °","-4.13567 °","49.107 °","-4.50854 °","0.942063 AU","57.6542 km/s","1"
"18274","2022-08-11 22:55:00","8","Confirmed","Pending","Pending","0.993552","111.846 °","138.943 °","153.235 °","0.0093846 °","2022-08-10 11:39:06","148.786 AU","-0.509911","0.00104239 AU","0.0213141","0.367568 °","0.000118217 °","0.310342 °","0.0456923 °","3060.16 s","284.707 AU","0.144487 cm","0.524597 cm","0.00000995405 Kg","0.000108422161506 Kg","0.0297377 cm","1.48159 cm","0.0000000867829 Kg","0.0000129711 Kg","392.265 MJ","11949 MJ","60394.9 m/s","0.253562 m²/Kg","0.000000000646405 m²/J","60553.1 m/s","0.887601 m²/Kg","0.00000001809 m²/J","32.9491 °","2152.99","1.58077","291.221 m/s","0.920621 m²/Kg","0.0000000208036 m²/J","115633 m","88472.4 m","44.0933 °","58.5708 °","11.7695 °","49.9833 Km","0.86895 s","38.4954 °","12.4092 °","38.2032 °","12.1167 °","0.95934 AU","60.0614 km/s","1"
"18263","2022-08-11 20:18:20","8","Confirmed","Pending","Pending","1.00906","112.016 °","138.837 °","153.719 °","0.0152474 °","2022-08-10 09:13:44","-106.076 AU","-0.792353","0.0013279 AU","0.025495","0.509929 °","0.000295196 °","0.33938 °","0.0630532 °","9504.72 s","9.65616 AU","0.0431486 cm","0.0445755 cm","0.000000265102 Kg","0.000000821606712932 Kg","0.000000000918875 cm","0.0000000237087 cm","2.56026e-30 Kg","1.98178e-28 Kg","35.2553 MJ","53.8088 MJ","60526 m/s","0.849075 m²/Kg","0.0000000240836 m²/J","60717 m/s","1.3823 m²/Kg","0.0000000119224 m²/J","19.9048 °","11517.4","17.6648","468.366 m/s","0.877155 m²/Kg","0.0000000162816 m²/J","106440 m","88076.6 m","43.6057 °","59.0266 °","7.01562 °","53.9362 Km","0.8994 s","45.3701 °","1.48219 °","44.9519 °","1.2492 °","0.960843 AU","1.54004 km/s","1"
"18261","2022-08-11 19:44:00","6","Confirmed","Pending","Pending","0.971776","112.554 °","138.814 °","154.113 °","0.083181 °","2022-08-10 08:30:20","34.1315 AU","-0.311005","0.000907596 AU","0.0199815","0.497438 °","0.00030912 °","0.201149 °","0.0894929 °","5863.28 s","27.0391 AU","0.0798879 cm","0.0972308 cm","0.00000168251 Kg","0.0000061432960655 Kg","0.000000000328427 cm","0.0000000100263 cm","1.16905e-31 Kg","1.07066e-29 Kg","32.0551 MJ","52.8712 MJ","60340.7 m/s","0.458597 m²/Kg","0.0000000143065 m²/J","60496.6 m/s","0.743891 m²/Kg","0.00000000752283 m²/J","16.0038 °","7681.86","19.3096","408.934 m/s","0.558154 m²/Kg","0.0000000100053 m²/J","106087 m","86458.7 m","43.0911 °","58.5602 °","3.8622 °","71.1566 Km","1.199 s","43.3887 °","3.27558 °","42.8136 °","3.01292 °","0.963339 AU","1.00205 km/s","1"
"18245","2022-08-11 00:50:46","7","Confirmed","Pending","Pending","1.00516","111.744 °","138.062 °","150.239 °","0.00756976 °","2022-08-09 13:36:19","-183.533 AU","-0.475868","0.00105194 AU","0.0452837","0.434537 °","0.000212126 °","0.457144 °","0.0962355 °","11488.8 s","1847.82 AU","0.0394801 cm","0.0390891 cm","0.000000203072 Kg","0.000000603181983697 Kg","0.00000102361 cm","0.0000141745 cm","3.53929e-21 Kg","1.47032e-19 Kg","58.7291 MJ","83.3444 MJ","60400.3 m/s","0.92797 m²/Kg","0.0000000158008 m²/J","60823 m/s","1.65343 m²/Kg","0.00000000932191 m²/J","45.2897 °","6030.27","10.5602","682.414 m/s","0.91878 m²/Kg","0.00000000831573 m²/J","108183 m","81413.1 m","45.3686 °","58.5009 °","4.38377 °","37.676 Km","0.6577 s","43.7774 °","2.45096 °","43.6098 °","2.22366 °","0.946589 AU","1.00368 km/s","1"
"18232","2022-08-10 22:30:11","6","Confirmed","Pending","Pending","0.990732","111.811 °","137.967 °","150.293 °","0.0182591 °","2022-08-09 11:14:44","102.218 AU","-0.396851","0.00148389 AU","0.0291477","0.361724 °","0.000189203 °","0.37524 °","0.0875006 °","10936.8 s","311.743 AU","0.0392016 cm","0.0185454 cm","0.000000198804 Kg","0.000000282149603473 Kg","0.0361049 cm","0.122742 cm","0.000000155314 Kg","0.00000158402 Kg","7510.42 MJ","316343 MJ","60294.7 m/s","0.934563 m²/Kg","0.000000000124436 m²/J","60303.9 m/s","0.874377 m²/Kg","0.00000000458226 m²/J","32.9668 °","7931.6","0.0822894","461.762 m/s","0.442122 m²/Kg","0.00000000522938 m²/J","106697 m","79774.5 m","44.6643 °","58.5151 °","6.70113 °","49.4583 Km","0.838 s","43.2768 °","12.383 °","42.9874 °","12.0726 °","0.947325 AU","54.789 km/s","1"
"18230","2022-08-10 21:58:03","14","Confirmed","Pending","Pending","0.872379","5.4992 °","317.904 °","111.905 °","350.769 °","2022-08-07 23:13:23","2.86392 AU","2.52972","0.000718512 AU","0.000550513","0.0948295 °","0.000727536 °","0.0948299 °","0.0674288 °","1070.51 s","0.0103056 AU","1.9725 cm","0.175831 cm","0.0253261 Kg","0.00677277127762 Kg","0.02751 cm","0.0216851 cm","0.0000000687043 Kg","0.000000162471 Kg","39.8684 MJ","8.19916 MJ","31654.2 m/s","0.0185735 m²/Kg","0.000000000465871 m²/J","31663.6 m/s","0.0192574 m²/Kg","0.000000000438467 m²/J","18.8157 °","265.952","4.27251","36.9777 m/s","0.00165566 m²/Kg","0.0000000000577916 m²/J","93047 m","56700.8 m","330.994 °","-13.9494 °","2.60047 °","112.454 Km","3.94305 s","45.7769 °","0.304675 °","46.4581 °","-0.639978 °","0.365495 AU","20.1206 km/s","1"
"18228","2022-08-10 21:23:57","12","Confirmed","Pending","Pending","0.968796","112.344 °","137.922 °","151.727 °","0.107091 °","2022-08-09 10:03:40","30.5769 AU","-0.288334","0.000904134 AU","0.0137256","0.229003 °","0.000128329 °","0.219026 °","0.0720884 °","6030.43 s","57.9058 AU","0.067931 cm","0.0595499 cm","0.00000103447 Kg","0.00000272052417313 Kg","0.00000000000147046 cm","0.0000000000467453 cm","1.04924e-38 Kg","1.00065e-36 Kg","25.1316 MJ","33.513 MJ","60251.3 m/s","0.539317 m²/Kg","0.0000000214597 m²/J","60329.6 m/s","0.789442 m²/Kg","0.0000000110176 m²/J","23.6182 °","6216.74","24.5562","239.608 m/s","0.472778 m²/Kg","0.0000000129935 m²/J","113813 m","88697 m","43.3413 °","58.2576 °","3.68353 °","62.47 Km","1.2688 s","44.3242 °","3.24975 °","43.8838 °","2.90195 °","0.954123 AU","1.21949 km/s","1"
"18224","2022-08-10 20:10:41","17","Confirmed","Pending","Pending","0.981126","111.347 °","137.873 °","152.558 °","0.0485043 °","2022-08-09 08:43:36","50.7131 AU","-0.327141","0.000519014 AU","0.00540459","0.112323 °","0.0000552395 °","0.136165 °","0.0211414 °","86.7075 s","28.9948 AU","0.225712 cm","0.0484173 cm","0.0000379469 Kg","0.000024419913927 Kg","0.000219148 cm","0.000963496 cm","0.0000000000000347318 Kg","0.000000000000458101 Kg","88.2404 MJ","57.9601 MJ","60007.2 m/s","0.162315 m²/Kg","0.00000000183946 m²/J","60004 m/s","0.166799 m²/Kg","0.00000000149334 m²/J","21.7513 °","2022.79","6.93727","94.7758 m/s","0.0348181 m²/Kg","0.000000000962766 m²/J","110467 m","76613.4 m","42.7888 °","59.0859 °","2.78576 °","90.9276 Km","1.5724 s","48.6779 °","-0.75371 °","47.9741 °","-1.13333 °","0.957139 AU","55.4684 km/s","1"
"18223","2022-08-10 20:09:20","6","Confirmed","Pending","Pending","0.967009","113.17 °","137.872 °","149.887 °","0.125337 °","2022-08-09 08:56:49","28.6856 AU","-0.289316","0.00144707 AU","0.0392689","0.890417 °","0.000541161 °","0.298447 °","0.2265 °","636.06 s","257.992 AU","0.0494569 cm","0.132766 cm","0.000000399204 Kg","0.00000321496282766 Kg","2.87026e-16 cm","0.0000000000000277567 cm","0","0","18.9317 MJ","57.7522 MJ","60419.4 m/s","0.740773 m²/Kg","0.0000000391287 m²/J","60930.9 m/s","2.23297 m²/Kg","0.0000000199159 m²/J","17.6028 °","11312.3","32.7803","772.052 m/s","1.98859 m²/Kg","0.0000000354635 m²/J","108514 m","91141.9 m","44.6088 °","58.044 °","6.43925 °","57.432 Km","0.9752 s","45.0765 °","1.13983 °","44.62 °","0.909296 °","0.946376 AU","1.00101 km/s","1"
"18208","2022-08-10 01:47:37","9","Confirmed","Pending","Pending","0.971463","112.459 °","137.141 °","148.222 °","0.10722 °","2022-08-08 14:28:47","32.9006 AU","-0.297571","0.00180993 AU","0.0324194","0.311392 °","0.000135951 °","0.529801 °","0.185795 °","780.834 s","283.366 AU","0.0749393 cm","0.0614838 cm","0.00000138881 Kg","0.00000341834613196 Kg","0.00000318467 cm","0.0000378244 cm","1.06587e-19 Kg","3.79782e-18 Kg","61.2971 MJ","77.3714 MJ","60245.6 m/s","0.48888 m²/Kg","0.00000000797559 m²/J","60409.7 m/s","0.756422 m²/Kg","0.00000000405044 m²/J","53.7333 °","2800.23","10.0661","484.684 m/s","0.401101 m²/Kg","0.00000000496908 m²/J","106999 m","79163.9 m","45.4434 °","57.6549 °","7.65222 °","34.5398 Km","0.968 s","44.7436 °","4.33684 °","44.6234 °","4.14644 °","0.938879 AU","1.66405 km/s","1"
"18199","2022-08-10 00:13:50","8","Confirmed","Pending","Pending","0.948443","113.354 °","137.078 °","153.487 °","0.212395 °","2022-08-08 13:01:33","18.6564 AU","-0.196948","0.00127087 AU","0.023959","0.322339 °","0.000111137 °","0.414004 °","0.150767 °","3781.01 s","8.66514 AU","0.134483 cm","0.210342 cm","0.00000802624 Kg","0.0000376611560907 Kg","0.000000000000051846 cm","0.0000000000028678 cm","4.59626e-43 Kg","7.63161e-41 Kg","21.7124 MJ","43.2877 MJ","60421.7 m/s","0.272425 m²/Kg","0.0000000125469 m²/J","60486.5 m/s","0.502746 m²/Kg","0.00000000574738 m²/J","45.0782 °","1776.82","28.5842","347.124 m/s","0.426095 m²/Kg","0.00000000892452 m²/J","103304 m","81166.2 m","41.6918 °","56.8202 °","9.50978 °","31.2673 Km","1.3561 s","43.8371 °","9.27366 °","43.7034 °","9.07608 °","0.961875 AU","1.04147 km/s","1"
"18196","2022-08-09 23:09:37","20","Confirmed","Pending","Pending","0.981878","112.98 °","137.035 °","151.417 °","0.0478642 °","2022-08-08 12:02:06","52.5649 AU","-0.371366","0.00159914 AU","0.012155","0.175228 °","0.0000695916 °","0.407742 °","0.0481945 °","593.05 s","32.8488 AU","0.246975 cm","0.234325 cm","0.0000497134 Kg","0.000141501089723 Kg","0.152865 cm","1.35642 cm","0.0000117879 Kg","0.000313793 Kg","1301.4 MJ","23255 MJ","60601.2 m/s","0.14834 m²/Kg","0.000000000113985 m²/J","60657.6 m/s","0.203636 m²/Kg","0.00000000184373 m²/J","35.5525 °","1178.2","0.479735","182.124 m/s","0.140742 m²/Kg","0.00000000206827 m²/J","111380 m","74867 m","42.8611 °","57.3979 °","6.80466 °","62.8374 Km","1.0623 s","42.4122 °","9.67767 °","42.0713 °","9.27463 °","0.952571 AU","58.5303 km/s","1"
"18190","2022-08-09 22:12:26","9","Confirmed","Pending","Pending","0.945882","111.777 °","136.996 °","152.084 °","0.242367 °","2022-08-08 10:41:14","17.6731 AU","-0.149386","0.000955922 AU","0.0195593","0.288864 °","0.000143543 °","0.247736 °","0.133696 °","1534.96 s","6.97185 AU","0.376363 cm","1.67395 cm","0.000175928 Kg","0.00234742974674 Kg","2.49303e-35 cm","9.47443e-33 cm","0","0","7.74095 MJ","37.8751 MJ","59863.1 m/s","0.0973431 m²/Kg","0.0000000125751 m²/J","60014.8 m/s","0.432199 m²/Kg","0.00000000617691 m²/J","30.1506 °","895.028","78.6998","321.905 m/s","0.432953 m²/Kg","0.0000000101322 m²/J","110138 m","82577.6 m","41.6641 °","58.063 °","5.41375 °","54.7863 Km","0.949 s","46.3798 °","3.18798 °","46.0386 °","2.83619 °","0.95644 AU","1 km/s","1"
"18189","2022-08-09 21:59:13","6","Confirmed","Pending","Pending","0.979262","114.928 °","136.987 °","152.429 °","0.0562864 °","2022-08-08 11:13:04","46.1393 AU","-0.395807","0.00150222 AU","0.0252461","0.371158 °","0.000201215 °","0.390596 °","0.104217 °","248.961 s","65.0356 AU","0.0374724 cm","0.0278688 cm","0.00000017364 Kg","0.000000387415489374 Kg","0.0000000657984 cm","0.000000992479 cm","9.40069e-25 Kg","4.2539e-23 Kg","48.0159 MJ","57.5058 MJ","61181.1 m/s","0.977689 m²/Kg","0.0000000203618 m²/J","61296.1 m/s","1.35585 m²/Kg","0.00000000956842 m²/J","26.699 °","10049.2","13.2525","415.997 m/s","0.727123 m²/Kg","0.0000000124269 m²/J","109565 m","85499.7 m","42.3056 °","56.4005 °","6.6684 °","53.536 Km","0.8848 s","45.7644 °","2.4706 °","45.4168 °","2.12528 °","0.956826 AU","1.05148 km/s","1"
"18186","2022-08-09 21:14:07","10","Confirmed","Pending","Pending","1.00599","112.784 °","136.957 °","156.218 °","0.00732498 °","2022-08-08 10:18:21","-161.945 AU","-1.27066","0.0010675 AU","0.0214909","0.304665 °","0.000153719 °","0.314216 °","0.0381279 °","6060.74 s","2.46155 AU","0.0590978 cm","0.023167 cm","0.000000681125 Kg","0.000000801028429653 Kg","0.00304908 cm","0.00959994 cm","0.0000000000935453 Kg","0.000000000883573 Kg","211.969 MJ","243.906 MJ","60796.3 m/s","0.619928 m²/Kg","0.00000000292461 m²/J","60792.5 m/s","0.594024 m²/Kg","0.00000000382371 m²/J","30.2654 °","5680.4","2.96435","347.222 m/s","0.243019 m²/Kg","0.0000000027233 m²/J","112814 m","80306 m","39.7245 °","57.6298 °","5.87657 °","64.5525 Km","1.07402 s","49.8427 °","9.45797 °","49.435 °","9.02853 °","0.970614 AU","55.7668 km/s","1"
"18177","2022-08-09 04:18:25","8","Confirmed","Pending","Pending","1.00024","111.616 °","136.284 °","153.495 °","0.0000676652 °","2022-08-07 17:02:10","-3957.62 AU","-0.426229","0.000854313 AU","0.0299194","0.242963 °","0.0000989039 °","0.380822 °","0.00707202 °","9024.96 s","1742.76 AU","0.0724182 cm","0.0241207 cm","0.00000125331 Kg","0.00000125233495559 Kg","0.0551911 cm","0.120573 cm","0.00000055478 Kg","0.000003636 Kg","2270.85 MJ","19689.9 MJ","60239.3 m/s","0.5059 m²/Kg","0.00000000022278 m²/J","60181 m/s","0.433596 m²/Kg","0.0000000017492 m²/J","71.8375 °","2458.86","0.271657","427.326 m/s","0.168502 m²/Kg","0.00000000189081 m²/J","100120 m","71757.1 m","41.5888 °","57.8785 °","4.12088 °","29.8504 Km","0.6478 s","44.3771 °","0.312686 °","44.309 °","0.247431 °","0.960602 AU","53.0715 km/s","1"
"18172","2022-08-09 02:45:27","7","Confirmed","Pending","Pending","1.00274","132.075 °","316.226 °","24.9589 °","-0.00281151 °","2022-08-07 18:40:45","-352.671 AU","-0.829019","0.00182353 AU","0.0239352","0.154083 °","0.000138199 °","0.618805 °","27.395 °","479.312 s","8065.93 AU","0.020365 cm","0.010139 cm","0.0000000278719 Kg","0.0000000416294424072 Kg","0.0144751 cm","0.101194 cm","0.0000000100088 Kg","0.000000209911 Kg","2174.32 MJ","45274.8 MJ","66078.5 m/s","1.79899 m²/Kg","0.000000000827379 m²/J","66064.9 m/s","1.61329 m²/Kg","0.0000000150078 m²/J","20.472 °","23754.3","0.341386","280.583 m/s","0.895656 m²/Kg","0.0000000171218 m²/J","111677 m","90566.2 m","43.9906 °","-11.8618 °","6.0141 °","60.3414 Km","0.9125 s","48.3547 °","6.41314 °","48.7309 °","5.9161 °","0.966501 AU","63.5615 km/s","1"
"18166","2022-08-09 00:31:30","9","Confirmed","Pending","Pending","0.99585","116.946 °","136.131 °","146.146 °","0.00638049 °","2022-08-07 14:10:59","223.64 AU","-0.418517","0.00107763 AU","0.0336582","0.329508 °","0.000165773 °","0.430935 °","0.0808912 °","628.673 s","78.1833 AU","0.0263031 cm","0.020015 cm","0.0000000600533 Kg","0.000000137089926744 Kg","0.000000150132 cm","0.00000105256 cm","1.1167e-23 Kg","2.34872e-22 Kg","53.8557 MJ","35.2994 MJ","61846 m/s","1.39285 m²/Kg","0.0000000258626 m²/J","61932.5 m/s","1.48619 m²/Kg","0.0000000252491 m²/J","42.5423 °","9513.59","12.0737","509.129 m/s","1.05987 m²/Kg","0.00000000583838 m²/J","106464 m","87636.4 m","45.8334 °","54.9788 °","4.00984 °","27.8367 Km","0.7464 s","44.2801 °","5.72748 °","44.1602 °","5.53748 °","0.928165 AU","1.42251 km/s","1"
"18164","2022-08-08 23:16:28","10","Confirmed","Pending","Pending","0.977575","114.79 °","136.081 °","153.917 °","0.0593989 °","2022-08-07 12:28:24","42.9392 AU","-0.386157","0.00121878 AU","0.026111","0.30319 °","0.00015833 °","0.345064 °","0.105468 °","5223.89 s","48.5671 AU","0.0445414 cm","0.0440652 cm","0.000000291613 Kg","0.00000086548394538 Kg","0.00000000663229 cm","0.00000012742 cm","9.62729e-28 Kg","5.54879e-26 Kg","40.4538 MJ","51.8243 MJ","61162 m/s","0.822523 m²/Kg","0.0000000203324 m²/J","61250.3 m/s","1.10545 m²/Kg","0.0000000100644 m²/J","34.2171 °","6755.06","15.72","406.36 m/s","0.813728 m²/Kg","0.000000015008 m²/J","110698 m","84658.9 m","40.3387 °","55.9442 °","5.3661 °","46.3053 Km","0.7849 s","43.9242 °","2.66064 °","43.6739 °","2.3442 °","0.962898 AU","1.29672 km/s","1"
"18147","2022-08-08 02:22:29","8","Confirmed","Pending","Pending","0.950234","113.472 °","135.248 °","149.598 °","0.235821 °","2022-08-06 15:10:59","19.0117 AU","-0.0347275","0.00231257 AU","0.0243626","0.270348 °","0.0000982075 °","0.617081 °","0.177592 °","2060.2 s","4.42666 AU","0.0358307 cm","0.0177314 cm","0.000000151803 Kg","0.000000225366279576 Kg","0.0000534535 cm","0.000345786 cm","5.04013e-16 Kg","0.00000000000000978126 Kg","95.1833 MJ","100.479 MJ","60363.1 m/s","1.02248 m²/Kg","0.0000000107423 m²/J","60421.6 m/s","1.22058 m²/Kg","0.00000000512427 m²/J","57.49 °","5599.49","6.50775","359.226 m/s","0.505992 m²/Kg","0.00000000794145 m²/J","109979 m","86622.5 m","42.0274 °","56.3667 °","9.79612 °","27.6922 Km","0.6735 s","46.5758 °","-0.843794 °","46.4968 °","-0.996753 °","0.946136 AU","1.00043 km/s","1"
"18145","2022-08-08 00:53:33","8","Confirmed","Pending","Pending","0.980551","108.931 °","135.188 °","145.445 °","0.0663488 °","2022-08-06 12:53:27","47.5867 AU","-0.299951","0.000738729 AU","0.0231563","0.273723 °","0.000116227 °","0.31429 °","0.11967 °","521.823 s","111.16 AU","0.0617173 cm","0.0424585 cm","0.000000775774 Kg","0.00000160108233277 Kg","0.000000343524 cm","0.0000042355 cm","1.33778e-22 Kg","4.94827e-21 Kg","49.1696 MJ","52.7788 MJ","59155.5 m/s","0.593616 m²/Kg","0.0000000120728 m²/J","59187 m/s","0.739914 m²/Kg","0.00000000587485 m²/J","45.1575 °","3866.36","12.0988","359.407 m/s","0.408378 m²/Kg","0.00000000721827 m²/J","106269 m","82602.4 m","43.9917 °","59.3869 °","5.08097 °","33.3637 Km","0.9107 s","45.5085 °","0.169376 °","45.3584 °","-0.036187 °","0.925524 AU","1 km/s","1"
"18140","2022-08-07 23:48:04","8","Confirmed","Pending","Pending","0.965473","112.011 °","135.144 °","150.591 °","0.130569 °","2022-08-06 12:25:27","27.5122 AU","-0.259907","0.00097139 AU","0.0220121","0.254608 °","0.000127358 °","0.286982 °","0.126948 °","46.1079 s","17.2305 AU","0.0939625 cm","0.157478 cm","0.00000273765 Kg","0.0000137645933729 Kg","0.0000000000626711 cm","0.00000000292434 cm","8.12301e-34 Kg","1.1371e-31 Kg","29.0723 MJ","66.7769 MJ","60110.1 m/s","0.389904 m²/Kg","0.0000000134115 m²/J","60377.8 m/s","0.937265 m²/Kg","0.00000000743825 m²/J","37.4805 °","2959.21","21.1283","345.875 m/s","0.653464 m²/Kg","0.00000000921197 m²/J","110431 m","81652.9 m","40.5662 °","57.3576 °","4.16063 °","47.2731 Km","0.79787 s","43.5412 °","1.93558 °","43.2962 °","1.62707 °","0.949909 AU","1.00001 km/s","1"
"18138","2022-08-07 23:25:08","9","Confirmed","Pending","Pending","0.982905","112.357 °","135.128 °","151.859 °","0.0430516 °","2022-08-06 12:11:37","55.8444 AU","-0.365724","0.000474052 AU","0.0099449","0.135837 °","0.0000574752 °","0.133554 °","0.0376032 °","1036.38 s","30.3466 AU","52.9023 cm","11886.7 cm","488.582 Kg","329341.623929 Kg","0","","0","","0.161331 MJ","36.3299 MJ","60394.2 m/s","0.000692529 m²/Kg","0.00000000429258 m²/J","60411.5 m/s","0.127428 m²/Kg","0.00000000194531 m²/J","37.0235 °","5.31143","3843.44","152.402 m/s","0.155606 m²/Kg","0.00000000285372 m²/J","106364 m","77200.8 m","39.9481 °","57.2748 °","3.30668 °","48.4245 Km","1.16789 s","47.8618 °","-0.551931 °","47.6087 °","-0.894535 °","0.954681 AU","1 km/s","1"
"18137","2022-08-07 23:12:49","10","Confirmed","Pending","Pending","1.00598","113.278 °","135.12 °","153.63 °","0.00821508 °","2022-08-06 12:20:06","-160.822 AU","-0.513514","0.00117179 AU","0.0216148","0.258577 °","0.000129843 °","0.317946 °","0.0433248 °","1297.47 s","648.553 AU","0.041479 cm","0.0221671 cm","0.000000235505 Kg","0.000000377574121604 Kg","0.00000482962 cm","0.0000424407 cm","3.71751e-19 Kg","9.80038e-18 Kg","69.6973 MJ","71.9168 MJ","60940.2 m/s","0.88325 m²/Kg","0.0000000126727 m²/J","61072.3 m/s","1.21348 m²/Kg","0.00000000664433 m²/J","35.103 °","7093.37","9.05818","335.816 m/s","0.472025 m²/Kg","0.00000000714191 m²/J","105836 m","83882.5 m","39.161 °","56.7468 °","5.52045 °","38.1787 Km","0.983 s","45.7135 °","1.5462 °","45.5072 °","1.28292 °","0.961185 AU","43.2384 km/s","1"
"18135","2022-08-07 22:36:55","7","Confirmed","Pending","Pending","0.979433","115.453 °","135.096 °","150.046 °","0.0611962 °","2022-08-06 11:55:25","46.0497 AU","-0.402967","0.00305366 AU","0.0262962","0.33512 °","0.000163189 °","0.676766 °","0.118227 °","5303.23 s","57.3459 AU","0.0388512 cm","0.0159074 cm","0.00000019352 Kg","0.000000237707541294 Kg","0.00191861 cm","0.00482728 cm","0.0000000000233062 Kg","0.000000000175918 Kg","212.471 MJ","194.615 MJ","61316.1 m/s","0.942993 m²/Kg","0.00000000443822 m²/J","61313.2 m/s","0.939387 m²/Kg","0.00000000497865 m²/J","32.6691 °","8067.88","3.00814","403.794 m/s","0.386104 m²/Kg","0.00000000329019 m²/J","109774 m","81514.9 m","41.4819 °","55.469 °","14.1401 °","52.3318 Km","0.8795 s","43.4546 °","12.8095 °","43.1648 °","12.4508 °","0.947084 AU","55.9526 km/s","1"
"18129","2022-08-07 21:40:53","8","Confirmed","Pending","Pending","1.00613","110.58 °","135.058 °","152.499 °","0.00893982 °","2022-08-06 10:13:12","-156.108 AU","-0.466717","0.00108447 AU","0.0228451","0.35931 °","0.000197451 °","0.273188 °","0.0485888 °","1556.03 s","383.86 AU","0.046259 cm","0.0386044 cm","0.000000326666 Kg","0.000000817833464223 Kg","0.00000133605 cm","0.0000162544 cm","7.87005e-21 Kg","2.87242e-19 Kg","58.6279 MJ","72.2394 MJ","60039 m/s","0.791983 m²/Kg","0.0000000135086 m²/J","60019.7 m/s","0.876504 m²/Kg","0.00000000636118 m²/J","25.6206 °","8458.48","10.4523","390.57 m/s","0.66093 m²/Kg","0.0000000104903 m²/J","109662 m","83543.5 m","38.969 °","58.5947 °","4.834 °","60.4284 Km","1.0217 s","44.0858 °","2.64261 °","43.6734 °","2.2946 °","0.95664 AU","2.89903 km/s","1"
"18123","2022-08-07 20:43:07","16","Confirmed","Pending","Pending","1.00666","113.803 °","135.019 °","149.887 °","0.011275 °","2022-08-06 09:54:37","-141.897 AU","-0.410254","0.000858284 AU","0.00683475","0.162489 °","0.0000671207 °","0.17526 °","0.0161286 °","2675.44 s","70.7156 AU","0.192956 cm","0.0512866 cm","0.0000237077 Kg","0.0000189041144489 Kg","0.000247158 cm","0.00103583 cm","0.0000000000000498241 Kg","0.000000000000626435 Kg","94.9715 MJ","62.5187 MJ","60998 m/s","0.189869 m²/Kg","0.00000000199922 m²/J","61008.6 m/s","0.200377 m²/Kg","0.00000000143377 m²/J","18.7868 °","2722.74","6.66019","101.65 m/s","0.050466 m²/Kg","0.00000000101286 m²/J","112050 m","77241.7 m","41.2617 °","56.992 °","5.5415 °","107.496 Km","1.80085 s","45.7578 °","-0.923065 °","44.9318 °","-1.43593 °","0.945451 AU","55.1402 km/s","1"
"18095","2022-08-06 23:20:00","9","Confirmed","Pending","Pending","0.965408","23.3025 °","314.16 °","144.751 °","353.627 °","2022-08-04 18:51:14","3.15815 AU","2.0206","0.00062152 AU","0.000919052","0.687549 °","0.00022399 °","0.0562688 °","0.214386 °","1511.67 s","0.0678802 AU","0.453495 cm","0.272461 cm","0.000307774 Kg","0.000554733313095 Kg","0.00000429228 cm","0.0000498677 cm","2.60963e-19 Kg","9.09559e-18 Kg","25.2139 MJ","26.6442 MJ","41421.2 m/s","0.0807867 m²/Kg","0.00000000320406 m²/J","41479.1 m/s","0.110788 m²/Kg","0.00000000169446 m²/J","22.1906 °","987.821","11.5679","167.438 m/s","0.0485368 m²/Kg","0.00000000178195 m²/J","95830.5 m","72115.9 m","343.88 °","-13.8342 °","6.07738 °","62.7601 Km","1.52375 s","45.9929 °","3.63915 °","46.4034 °","3.1889 °","0.109246 AU","34.0634 km/s","1"
"18081","2022-08-06 02:10:16","7","Confirmed","Pending","Pending","0.976299","111.593 °","133.324 °","151.886 °","0.0702949 °","2022-08-04 14:47:36","40.3056 AU","-0.314281","0.00296902 AU","0.0216775","0.231161 °","0.000087446 °","0.73412 °","0.0971198 °","3628.66 s","43.2164 AU","0.175734 cm","0.16504 cm","0.0000179093 Kg","0.0000504583662242 Kg","0.000000563834 cm","0.000011551 cm","5.91518e-22 Kg","3.63544e-20 Kg","48.4539 MJ","81.5278 MJ","60045.5 m/s","0.208477 m²/Kg","0.00000000430258 m²/J","60098.1 m/s","0.274884 m²/Kg","0.00000000217267 m²/J","57.1557 °","1145.98","12.6497","316.447 m/s","0.195791 m²/Kg","0.00000000491256 m²/J","110197 m","73379 m","37.9547 °","56.94 °","12.9846 °","43.8205 Km","0.7187 s","46.8878 °","-0.874824 °","46.7593 °","-1.11811 °","0.955264 AU","1.03526 km/s","1"
"18071","2022-08-05 23:33:57","6","Confirmed","Pending","Pending","0.942866","111.567 °","133.219 °","150.481 °","0.280612 °","2022-08-04 11:58:00","16.6366 AU","-0.125256","0.000960081 AU","0.0280057","0.365509 °","0.000151889 °","0.355278 °","0.209534 °","7129.23 s","9.70014 AU","0.714319 cm","5.41671 cm","0.00120279 Kg","0.0273624202991 Kg","7.10458e-43 cm","5.42154e-40 cm","0","0","6.27292 MJ","50.0542 MJ","59738.6 m/s","0.0512885 m²/Kg","0.00000000817618 m²/J","59983.9 m/s","0.336819 m²/Kg","0.00000000384995 m²/J","40.8313 °","362.264","96.7139","430.347 m/s","0.388923 m²/Kg","0.00000000614243 m²/J","102882 m","78899.3 m","37.8903 °","56.8799 °","8.08249 °","36.6872 Km","0.6165 s","44.4533 °","10.3797 °","44.2796 °","10.1361 °","0.950511 AU","1 km/s","1"
"18067","2022-08-05 22:30:59","21","Confirmed","Pending","Pending","1.0077","111.227 °","133.176 °","152.362 °","0.0126541 °","2022-08-04 11:15:17","-124.273 AU","-0.481762","0.000892584 AU","0.00972486","0.147886 °","0.000066153 °","0.22956 °","0.0231089 °","4028.33 s","165.095 AU","0.199622 cm","0.109374 cm","0.0000262506 Kg","0.0000431484075031 Kg","0.000063544 cm","0.000399812 cm","8.46717e-16 Kg","0.0000000000000159823 Kg","76.6659 MJ","64.0978 MJ","60261.6 m/s","0.183529 m²/Kg","0.00000000239388 m²/J","60279 m/s","0.207082 m²/Kg","0.00000000198173 m²/J","31.3168 °","1630.67","8.05245","152.662 m/s","0.100556 m²/Kg","0.00000000125706 m²/J","114112 m","76333.8 m","36.887 °","57.5389 °","4.42596 °","72.5791 Km","1.25026 s","46.3981 °","1.42776 °","45.9622 °","0.946495 °","0.956319 AU","56.8761 km/s","1"
"18052","2022-08-05 00:17:41","6","Confirmed","Pending","Pending","0.620875","33.1653 °","132.301 °","212.504 °","352.784 °","2022-07-31 23:12:18","2.51535 AU","2.98099","0.000290157 AU","0.00847469","0.174449 °","0.000188074 °","0.189768 °","0.29052 °","795.902 s","0.0568387 AU","1.4981 cm","0.272398 cm","0.0110953 Kg","0.00605233771596 Kg","1.49476 cm","0.906081 cm","0.0110212 Kg","0.0200422 Kg","44023.7 MJ","15093800 MJ","24047.4 m/s","0.0244552 m²/Kg","0.0000000000005555 m²/J","23953 m/s","0.0211893 m²/Kg","0.000000000159257 m²/J","70.8134 °","119.581","0.00223304","208.278 m/s","0.00444666 m²/Kg","0.000000000190366 m²/J","88180.9 m","38555.5 m","290.05 °","47.4218 °","7.96252 °","52.5394 Km","2.358 s","43.7383 °","-0.851591 °","43.6838 °","-0.653365 °","0.953634 AU","14.0005 km/s","1"
"18044","2022-08-04 20:46:38","9","Confirmed","Pending","Pending","0.759224","7.74515 °","132.184 °","265.571 °","347.886 °","2022-07-31 21:54:02","2.53461 AU","2.83264","0.00424044 AU","0.0037734","0.0977622 °","0.000325141 °","0.655772 °","0.423715 °","2390.2 s","0.0635193 AU","0.437544 cm","0.451904 cm","0.000276426 Kg","0.000856494730631 Kg","5.60853e-17 cm","0.00000000000000293653 cm","0","0","2.85512 MJ","4.17677 MJ","24790.6 m/s","0.0837319 m²/Kg","0.000000029327 m²/J","24822.3 m/s","0.129399 m²/Kg","0.0000000133767 m²/J","28.9004 °","800.125","36.5931","98.9422 m/s","0.0864801 m²/Kg","0.000000018045 m²/J","100000 m","78021.1 m","308.032 °","-4.12847 °","15.1165 °","45.4416 Km","1.894 s","43.1039 °","0.490214 °","43.3263 °","0.115316 °","0.610274 AU","1.56782 km/s","1"
"18035","2022-08-04 02:50:48","7","Confirmed","Pending","Pending","1.03658","107.24 °","311.439 °","54.332 °","-0.329299 °","2022-08-02 14:31:53","-21.8498 AU","-0.569698","0.00469242 AU","0.0140751","0.0632356 °","0.000150464 °","0.794575 °","0.183209 °","4308.94 s","8.89771 AU","0.0922465 cm","0.0313617 cm","0.00000259038 Kg","0.00000264200899786 Kg","0.0884603 cm","0.719299 cm","0.00000228433 Kg","0.0000557238 Kg","13942.5 MJ","2771670 MJ","58628.4 m/s","0.397157 m²/Kg","0.0000000000284853 m²/J","58598.8 m/s","0.329929 m²/Kg","0.0000000048233 m²/J","13.4959 °","7859.25","0.0419107","189.886 m/s","0.135024 m²/Kg","0.00000000565685 m²/J","107594 m","86018.4 m","30.4164 °","-28.3308 °","8.92345 °","91.7395 Km","1.598 s","40.3693 °","0.0385455 °","41.0416 °","-0.509027 °","0.799375 AU","56.7474 km/s","1"
"18005","2022-08-03 01:34:21","8","Confirmed","Pending","Pending","1.03559","111.935 °","130.427 °","154.773 °","0.112556 °","2022-08-01 14:34:56","-27.1332 AU","-0.497439","0.00138347 AU","0.022936","0.368849 °","0.0000858398 °","0.398242 °","0.101446 °","1588.96 s","485.411 AU","0.0189778 cm","0.00462427 cm","0.0000000225553 Kg","0.0000000164880223447 Kg","0.00451665 cm","0.00732364 cm","0.000000000304063 Kg","0.00000000147909 Kg","437.096 MJ","545.964 MJ","60752.6 m/s","1.93049 m²/Kg","0.00000000441662 m²/J","60721.9 m/s","1.80396 m²/Kg","0.0000000068114 m²/J","54.0412 °","11014.3","1.4355","294.106 m/s","0.470398 m²/Kg","0.00000000479736 m²/J","106727 m","80575.5 m","32.8596 °","55.9684 °","13.4064 °","32.3105 Km","0.5851 s","46.8484 °","0.486633 °","46.7481 °","0.289998 °","0.965585 AU","51.9791 km/s","1"
"18001","2022-08-03 00:46:22","8","Confirmed","Not Detected","Not detected","0.971691","22.0212 °","310.387 °","148.967 °","353.429 °","2022-07-31 21:21:45","3.04508 AU","2.04238","0.00106442 AU","0.00144726","1.1002 °","0.000386632 °","0.143504 °","0.434214 °","192.674 s","0.130851 AU","1.34555 cm","1.86787 cm","0.00803923 Kg","0.0334798188966 Kg","0.328116 cm","3.51973 cm","0.000116573 Kg","0.00375146 Kg","213.864 MJ","1562.27 MJ","42134.4 m/s","0.0272278 m²/Kg","0.000000000127314 m²/J","42272.4 m/s","0.0479149 m²/Kg","0.000000000928272 m²/J","24.9734 °","297.83","1.41119","299.681 m/s","0.0377972 m²/Kg","0.000000000986699 m²/J","92595.3 m","68782.3 m","341.391 °","-13.5357 °","6.84118 °","56.4978 Km","1.333 s","48.6778 °","-2.57153 °","49.0971 °","-2.83911 °","0.0862017 AU","41.0914 km/s","1"
"17985","2022-08-02 01:37:54","7","Confirmed","Pending","Pending","0.982382","111.502 °","129.473 °","152.888 °","0.0431422 °","2022-07-31 14:15:49","54.4718 AU","-0.347777","0.0010477 AU","0.034633","0.325687 °","0.000146706 °","0.407239 °","0.129369 °","668.74 s","103.414 AU","0.0715771 cm","0.0728554 cm","0.00000121014 Kg","0.00000369525902244 Kg","0.0000155486 cm","0.000182621 cm","1.24047e-17 Kg","4.37087e-16 Kg","72.7649 MJ","110.972 MJ","60085.2 m/s","0.511845 m²/Kg","0.00000000703422 m²/J","60314 m/s","0.850607 m²/Kg","0.00000000478429 m²/J","53.8877 °","2925.99","8.43456","517.834 m/s","0.520986 m²/Kg","0.00000000384241 m²/J","109114 m","76099.9 m","32.3738 °","55.7044 °","4.4195 °","40.8695 Km","0.7006 s","44.7013 °","2.26794 °","44.569 °","2.03287 °","0.959696 AU","1.00038 km/s","1"
"17972","2022-08-01 01:31:51","17","Confirmed","Pending","Pending","0.974051","144.967 °","308.519 °","28.4524 °","359.906 °","2022-07-30 18:31:11","36.7879 AU","-0.844144","0.00186684 AU","0.0171931","0.172132 °","0.000110374 °","0.560025 °","0.0961389 °","2802.27 s","173.098 AU","22523.8 cm","13908500000 cm","37708700000 Kg","6.98553993443e16 Kg","0.507998 cm","3616180 cm","0.000432614 Kg","9238.66 Kg","74.2785 MJ","49448100 MJ","68374 m/s","0.00000162656 m²/Kg","0.0000000000000218981 m²/J","68503.1 m/s","0.783908 m²/Kg","0.0000000164878 m²/J","20.6096 °","0.0213404","10.6996","210.998 m/s","1.0044 m²/Kg","0.0000000193772 m²/J","113792 m","91532.7 m","34.3657 °","-7.10576 °","5.88459 °","63.3113 Km","0.943 s","44.8393 °","10.9035 °","45.133 °","10.2904 °","0.954603 AU","68.374 km/s","1"
"17969","2022-08-01 00:23:46","14","Confirmed","Pending","Pending","0.987599","111.741 °","128.466 °","154.272 °","0.0239573 °","2022-07-30 13:04:58","77.8225 AU","-0.38297","0.00151724 AU","0.0315247","0.375173 °","0.000159565 °","0.477689 °","0.0920776 °","3438.31 s","185.188 AU","18.4896 cm","3333.55 cm","20.8592 Kg","11282.3297194 Kg","0","","0","","0.61041 MJ","110.419 MJ","60251.8 m/s","0.00198146 m²/Kg","0.0000000032461 m²/J","60640.8 m/s","0.291509 m²/Kg","0.00000000185629 m²/J","43.1116 °","13.3896","1011.04","476.599 m/s","0.357243 m²/Kg","0.0000000026012 m²/J","113906 m","80920.1 m","30.069 °","55.2361 °","8.62057 °","48.1655 Km","1.1361 s","45.4907 °","-0.555816 °","45.2871 °","-0.889496 °","0.9651 AU","1.00135 km/s","1"
"17967","2022-07-31 23:31:56","6","Confirmed","Pending","Pending","0.991104","112.988 °","128.431 °","155.184 °","0.0139626 °","2022-07-30 12:29:57","108.858 AU","-0.427718","0.000767732 AU","0.0273759","0.376375 °","0.000154482 °","0.274121 °","0.0646403 °","1701.44 s","302.944 AU","0.107895 cm","0.142195 cm","0.0000041449 Kg","0.0000163877869275 Kg","0.0000000363806 cm","0.00000112233 cm","1.589e-25 Kg","1.4706e-23 Kg","42.0299 MJ","90.9883 MJ","60699.7 m/s","0.339557 m²/Kg","0.00000000807893 m²/J","60847.9 m/s","0.576955 m²/Kg","0.00000000419523 m²/J","37.3782 °","2583.11","14.9026","414.338 m/s","0.447504 m²/Kg","0.00000000773283 m²/J","108191 m","79546.2 m","29.6975 °","54.5373 °","8.32929 °","47.1408 Km","0.862 s","47.3562 °","-1.03479 °","47.1288 °","-1.38977 °","0.968445 AU","1.21854 km/s","1"
"17962","2022-07-31 21:02:29","11","Confirmed","Pending","Pending","1.00707","115.223 °","128.331 °","157.301 °","0.00890338 °","2022-07-30 10:29:53","-138.011 AU","-0.560578","0.00131504 AU","0.029106","0.529885 °","0.000310949 °","0.333091 °","0.0537343 °","859.342 s","613.547 AU","0.269471 cm","0.35646 cm","0.0000645728 Kg","0.000256253674623 Kg","0.000000331719 cm","0.0000112546 cm","1.20455e-22 Kg","1.22605e-20 Kg","47.3527 MJ","122.428 MJ","61565.9 m/s","0.135957 m²/Kg","0.00000000287115 m²/J","61648.2 m/s","0.19707 m²/Kg","0.00000000136311 m²/J","20.3469 °","1805.78","13.6077","512.182 m/s","0.179845 m²/Kg","0.00000000453964 m²/J","105975 m","91197.3 m","28.7711 °","53.3799 °","6.65517 °","42.1829 Km","1.4132 s","44.9196 °","3.45397 °","44.6263 °","3.18553 °","0.975662 AU","26.8003 km/s","1"
"17958","2022-07-31 02:15:42","6","Confirmed","Pending","Pending","0.967309","27.2322 °","307.579 °","149.648 °","351.636 °","2022-07-28 22:36:57","2.60997 AU","2.31288","0.00198007 AU","0.00279568","1.77733 °","0.000302946 °","0.38959 °","0.998746 °","3220 s","0.19857 AU","3.64253 cm","71.4691 cm","0.159487 Kg","9.38773426785 Kg","0","0","0","0","1.29326 MJ","26.263 MJ","41820.7 m/s","0.0100579 m²/Kg","0.00000000777717 m²/J","42193.9 m/s","0.160229 m²/Kg","0.00000000380173 m²/J","29.638 °","93.9289","229.903","572.403 m/s","0.197344 m²/Kg","0.00000000773104 m²/J","94145.9 m","76194.8 m","340.755 °","-15.5919 °","13.3548 °","36.2923 Km","0.8602 s","44.712 °","0.437031 °","44.9919 °","0.452454 °","0.0853237 AU","1.02232 km/s","1"
"17954","2022-07-31 00:58:08","6","Confirmed","Pending","Pending","0.988725","115.218 °","127.532 °","151.571 °","0.0233326 °","2022-07-29 14:19:34","84.6435 AU","-0.453194","0.00113065 AU","0.0236872","0.293473 °","0.000106993 °","0.360221 °","0.0740541 °","1754.58 s","163.101 AU","0.179402 cm","0.505594 cm","0.0000190544 Kg","0.000161098377425 Kg","0.00000000000000256442 cm","0.000000000000254074 cm","0","1.68156e-44 Kg","20.0375 MJ","64.1599 MJ","61298.4 m/s","0.204214 m²/Kg","0.0000000101916 m²/J","61442.9 m/s","0.586471 m²/Kg","0.00000000541252 m²/J","48.509 °","1259.05","31.8789","346.725 m/s","0.57552 m²/Kg","0.00000000730889 m²/J","104250 m","83440.5 m","31.5159 °","53.0871 °","7.81826 °","27.7727 Km","1.5523 s","49.2018 °","0.296198 °","49.1138 °","0.087014 °","0.954354 AU","2.5875 km/s","1"
"17953","2022-07-31 00:18:32","8","Confirmed","Pending","Pending","0.453842","3.19876 °","127.643 °","210.6 °","344.952 °","2022-07-20 08:04:50","1.77755 AU","3.96707","0.0000652702 AU","0.00301812","0.0504487 °","0.00087578 °","0.0931072 °","0.189141 °","4355.16 s","0.00991162 AU","8.65553 cm","1.4893 cm","2.13991 Kg","1.10459682991 Kg","1.85537 cm","1.47011 cm","0.0210767 Kg","0.0501007 Kg","20.1182 MJ","12.3245 MJ","13500.4 m/s","0.00423271 m²/Kg","0.000000000210392 m²/J","13511.6 m/s","0.0044673 m²/Kg","0.000000000171935 m²/J","31.9603 °","36.9287","1.54012","61.7164 m/s","0.000728294 m²/Kg","0.0000000000989461 m²/J","81369.8 m","32973.9 m","273.805 °","4.34092 °","2.60614 °","91.435 Km","7.345 s","47.6668 °","5.39494 °","48.0514 °","6.24886 °","0.970821 AU","6.7623 km/s","1"
"17951","2022-07-31 00:07:10","12","Confirmed","Pending","Pending","0.750046","3.28627 °","307.43 °","97.208 °","343.522 °","2022-07-27 05:37:25","2.10462 AU","3.31204","0.00174912 AU","0.00423395","0.282426 °","0.00661065 °","0.228251 °","0.433746 °","1311.21 s","0.0329363 AU","233.373 cm","90766.2 cm","41943.5 Kg","48939534.3217 Kg","0","","0","","0.0181679 MJ","7.07047 MJ","25530.1 m/s","0.000156986 m²/Kg","0.00000000864088 m²/J","25684.2 m/s","0.049315 m²/Kg","0.00000000662139 m²/J","28.1042 °","1.53902","6098.87","197.985 m/s","0.0610571 m²/Kg","0.00000000508787 m²/J","86493.6 m","74580.6 m","315.033 °","-17.8572 °","7.24441 °","25.2843 Km","0.9934 s","44.0145 °","3.95696 °","44.2127 °","3.95186 °","0.526058 AU","25.5283 km/s","1"
"17950","2022-07-30 23:48:07","7","Confirmed","Pending","Pending","0.97456","22.3465 °","307.477 °","150.549 °","353.548 °","2022-07-28 20:59:01","3.06124 AU","2.01761","0.000975884 AU","0.000799446","0.918552 °","0.000363258 °","0.177189 °","0.252238 °","1021.06 s","0.0751099 AU","1.04335 cm","1.15267 cm","0.00374805 Kg","0.0124222290848 Kg","0.000000000000812991 cm","0.0000000000360346 cm","1.77325e-39 Kg","2.35791e-37 Kg","11.0651 MJ","18.0573 MJ","42599.4 m/s","0.0351141 m²/Kg","0.00000000317341 m²/J","42667.6 m/s","0.055124 m²/Kg","0.00000000145177 m²/J","21.0806 °","450.856","27.8805","185.969 m/s","0.0387931 m²/Kg","0.00000000236006 m²/J","95440 m","73047.1 m","338.872 °","-14.0855 °","7.71438 °","62.5475 Km","1.46933 s","49.8534 °","4.44632 °","50.2996 °","4.03684 °","0.0778772 AU","1.00555 km/s","1"
"17949","2022-07-30 23:37:28","8","Confirmed","Pending","Pending","1.03405","114.29 °","127.478 °","155.883 °","0.100196 °","2022-07-29 13:05:10","-28.4927 AU","-0.689285","0.00254792 AU","0.0428307","0.526953 °","0.000226018 °","0.714563 °","0.185737 °","2200.35 s","37.6278 AU","0.0459572 cm","0.0361454 cm","0.000000320313 Kg","0.000000755779060792 Kg","0.0417763 cm","0.197446 cm","0.000000240605 Kg","0.00000341149 Kg","6749.26 MJ","319553 MJ","61536.6 m/s","0.797184 m²/Kg","0.000000000118114 m²/J","61692 m/s","0.966199 m²/Kg","0.00000000484197 m²/J","38.0685 °","5970.71","0.0953806","626.93 m/s","0.626986 m²/Kg","0.00000000561029 m²/J","112195 m","79897.8 m","28.8097 °","53.5312 °","18.5041 °","52.3877 Km","0.865 s","42.2996 °","6.32726 °","42.0543 °","5.96247 °","0.970181 AU","57.1628 km/s","1"
"17943","2022-07-30 03:37:02","8","Confirmed","Pending","Pending","0.654107","15.7803 °","126.705 °","221.734 °","351.594 °","2022-07-24 11:10:15","2.64056 AU","3.00748","0.000235993 AU","0.00357156","0.0295159 °","0.0000910239 °","0.114119 °","0.162558 °","1739.03 s","0.0277027 AU","3.94476 cm","0.217004 cm","0.20257 Kg","0.0334306386916 Kg","0.721075 cm","0.120813 cm","0.00123724 Kg","0.000621884 Kg","34.44 MJ","4.60762 MJ","18554.8 m/s","0.00928735 m²/Kg","0.000000000269667 m²/J","18559.9 m/s","0.00938675 m²/Kg","0.000000000264544 m²/J","22.1858 °","113.585","1.6994","46.8881 m/s","0.000510903 m²/Kg","0.0000000000217399 m²/J","79814.3 m","41817.1 m","284.049 °","22.855 °","2.36203 °","101.836 Km","6.148 s","45.7591 °","3.17954 °","45.6007 °","4.35942 °","0.913353 AU","9.06946 km/s","1"
"17931","2022-07-29 01:17:47","10","Confirmed","Pending","Pending","0.954664","73.7283 °","125.636 °","114.98 °","0.53873 °","2022-07-27 02:29:29","16.0791 AU","0.59618","0.00244799 AU","0.00975875","0.13852 °","0.0000916677 °","0.376118 °","0.178366 °","3505.27 s","5.64505 AU","1.04026 cm","1.94123 cm","0.00371481 Kg","0.0207966625941 Kg","1.81695e-20 cm","1.93975e-18 cm","0","0","7.9147 MJ","18.9408 MJ","46022.5 m/s","0.0352186 m²/Kg","0.00000000444976 m²/J","46136.3 m/s","0.0760922 m²/Kg","0.00000000201586 m²/J","38.8414 °","259.335","45.494","206.552 m/s","0.0657215 m²/Kg","0.0000000034925 m²/J","101653 m","72564 m","73.9062 °","72.0385 °","6.67204 °","46.3824 Km","1.0328 s","43.8888 °","10.5746 °","43.5936 °","10.4014 °","0.728964 AU","1.0081 km/s","1"
"17911","2022-07-25 21:59:34","6","Confirmed","Pending","Pending","0.977855","103.198 °","122.633 °","166.042 °","0.0279942 °","2022-07-24 08:48:15","45.1984 AU","-0.166569","0.000599973 AU","0.0400065","0.672802 °","0.000311162 °","0.20988 °","0.0742801 °","12019.2 s","76.8671 AU","0.59729 cm","9.26148 cm","0.000703184 Kg","0.0327103736156 Kg","0","0","0","0","4.2689 MJ","67.8623 MJ","57314.8 m/s","0.0613377 m²/Kg","0.0000000143685 m²/J","57664.8 m/s","0.805608 m²/Kg","0.00000000736261 m²/J","31.3824 °","543.967","130.818","680.768 m/s","0.951092 m²/Kg","0.00000000962018 m²/J","102144 m","82791 m","12.4865 °","56.8649 °","11.4215 °","37.1646 Km","0.6686 s","44.9747 °","-1.12563 °","44.7555 °","-1.3739 °","1.00093 AU","1 km/s","1"
"17880","2022-07-19 22:05:52","6","Confirmed","Pending","Pending","0.546861","45.3198 °","116.915 °","177.593 °","359.621 °","2022-07-16 15:03:22","2.24191 AU","3.09361","0.000175216 AU","0.014004","0.357797 °","0.000231603 °","0.628469 °","21.6994 °","1929.47 s","0.0696567 AU","7.69878 cm","8.98065 cm","1.50585 Kg","5.26971719252 Kg","0.00000109992 cm","0.000026771 cm","4.39132e-21 Kg","3.20642e-19 Kg","8.84719 MJ","14.4315 MJ","28640.1 m/s","0.00475872 m²/Kg","0.000000000537879 m²/J","28725.3 m/s","0.00766673 m²/Kg","0.000000000257174 m²/J","64.4011 °","24.3687","15.7613","328.751 m/s","0.00555106 m²/Kg","0.000000000341507 m²/J","80174.4 m","48459.9 m","288.822 °","69.2128 °","22.038 °","35.1664 Km","1.236 s","45.1904 °","2.75058 °","45.0589 °","2.70499 °","1.0159 AU","25.8488 km/s","1"
"17873","2022-07-18 00:07:54","6","Confirmed","Pending","Pending","0.685506","0.826424 °","115.434 °","253.138 °","345.826 °","2022-07-13 04:16:43","2.29092 AU","3.23723","0.00077148 AU","0.0022525","0.112677 °","0.0512414 °","0.151066 °","0.174964 °","2956.29 s","0.0155738 AU","1.79184 cm","0.177564 cm","0.0189851 Kg","0.0056440190506 Kg","0.201168 cm","0.0732073 cm","0.0000268654 Kg","0.0000293298 Kg","34.4252 MJ","7.4196 MJ","21043.8 m/s","0.0204462 m²/Kg","0.000000000593931 m²/J","21061.4 m/s","0.021081 m²/Kg","0.000000000567996 m²/J","30.3334 °","186.968","2.18686","77.7241 m/s","0.00202613 m²/Kg","0.0000000000718336 m²/J","76098.5 m","47086 m","288.364 °","-15.8564 °","6.33268 °","57.4634 Km","3.101 s","43.1137 °","-0.528597 °","43.5497 °","-0.4274 °","0.720479 AU","10.3375 km/s","1"
"17868","2022-07-17 01:55:22","6","Confirmed","Pending","Pending","0.99651","77.7043 °","114.202 °","228.496 °","359.991 °","2022-07-15 04:40:05","242.178 AU","0.264043","0.00139126 AU","0.0162288","0.283227 °","0.000105772 °","0.394831 °","8.89756 °","4891.58 s","981.235 AU","0.338613 cm","0.148606 cm","0.000128122 Kg","0.000168684997766 Kg","0.00279935 cm","0.0111986 cm","0.0000000000723908 Kg","0.000000000868783 Kg","79.5633 MJ","73.7727 MJ","47374.8 m/s","0.108196 m²/Kg","0.00000000135987 m²/J","47497 m/s","0.139889 m²/Kg","0.000000000786265 m²/J","85.1732 °","501.447","4.79547","333.591 m/s","0.0474833 m²/Kg","0.000000000732984 m²/J","96761 m","62137.9 m","321.852 °","43.0525 °","4.10606 °","34.7463 Km","0.7667 s","47.7577 °","0.307725 °","47.7825 °","0.319293 °","0.845211 AU","32.9467 km/s","1"
"17864","2022-07-16 23:09:19","11","Confirmed","Pending","Pending","1.01683","105.971 °","114.088 °","165.505 °","0.0192657 °","2022-07-15 10:49:50","-59.4148 AU","-0.430205","0.000745943 AU","0.0174721","0.239629 °","0.000108007 °","0.326911 °","0.0295648 °","2509.8 s","69.8264 AU","0.0382816 cm","0.0193843 cm","0.000000185134 Kg","0.000000281233373634 Kg","0.0000168005 cm","0.000115828 cm","1.56487e-17 Kg","3.23662e-16 Kg","75.5611 MJ","72.1091 MJ","58620.8 m/s","0.957022 m²/Kg","0.0000000126655 m²/J","58698.9 m/s","1.21426 m²/Kg","0.00000000690293 m²/J","38.1712 °","7151.49","7.73132","276.81 m/s","0.484599 m²/Kg","0.00000000709714 m²/J","108902 m","81539.9 m","5.67158 °","52.147 °","6.57907 °","44.2632 Km","0.78 s","46.347 °","0.389174 °","46.1516 °","0.0452138 °","1.00008 AU","48.0598 km/s","1"
"17853","2022-07-15 01:22:40","25","Confirmed","Pending","Pending","0.989079","175.789 °","292.337 °","318.312 °","0.0353886 °","2022-07-13 19:30:44","81.3205 AU","-1.0673","0.00138414 AU","0.0122983","0.174994 °","0.00283218 °","0.260636 °","0.0610657 °","297.403 s","68.1214 AU","0.265168 cm","0.249321 cm","0.0000615284 Kg","0.000173553834516 Kg","0.000225162 cm","0.00516509 cm","0.0000000000000376702 Kg","0.0000000000025924 Kg","121.074 MJ","401.767 MJ","70966.2 m/s","0.138163 m²/Kg","0.00000000114114 m²/J","70995.5 m/s","0.173439 m²/Kg","0.00000000168217 m²/J","14.0867 °","2621.57","7.0713","154.466 m/s","0.129906 m²/Kg","0.00000000329101 m²/J","116463 m","81458.2 m","32.7506 °","11.1707 °","4.71458 °","143.047 Km","2.0427 s","47.2356 °","-0.879533 °","47.2059 °","-2.68235 °","0.888092 AU","68.7964 km/s","1"
"17798","2022-07-11 00:44:57","10","Confirmed","Pending","Pending","0.943684","158.065 °","108.421 °","221.908 °","359.54 °","2022-07-09 18:06:18","15.8089 AU","-0.930418","0.01224 AU","0.0852665","0.78581 °","0.000865878 °","3.14092 °","1.09164 °","23024.9 s","124.149 AU","0.297317 cm","13.763 cm","0.0000867307 Kg","0.0120444325127 Kg","0","0","0","0","5.07884 MJ","237.75 MJ","69273.7 m/s","0.123223 m²/Kg","0.0000000242621 m²/J","70252.1 m/s","4.3807 m²/Kg","0.0000000125208 m²/J","32.7732 °","1051.27","160.628","1321.26 m/s","5.70407 m²/Kg","0.0000000184149 m²/J","112887 m","87066.2 m","0.523031 °","13.8428 °","5.74817 °","47.6854 Km","0.6995 s","45.7202 °","3.8676 °","45.809 °","3.37629 °","0.890295 AU","1.00745 km/s","1"
"17724","2022-07-04 22:23:46","6","Confirmed","Pending","Pending","0.61728","7.50063 °","102.667 °","117.189 °","11.9591 °","2022-06-29 08:05:27","2.10657 AU","3.46245","0.000606976 AU","0.000694803","0.0600212 °","0.00025169 °","0.0827594 °","0.0238243 °","581.552 s","0.00272798 AU","2.71318 cm","0.116282 cm","0.0659097 Kg","0.00847435160118 Kg","0.0372752 cm","0.0117728 cm","0.000000170912 Kg","0.000000161939 Kg","14.1218 MJ","1.20974 MJ","18872.3 m/s","0.0135031 m²/Kg","0.00000000095619 m²/J","18876.5 m/s","0.0136325 m²/Kg","0.000000000945495 m²/J","12.658 °","284.578","4.28755","23.8974 m/s","0.000578721 m²/Kg","0.0000000000420786 m²/J","78497.3 m","57075.1 m","129.252 °","45.3456 °","1.33759 °","97.5322 Km","5.533 s","47.9522 °","0.410398 °","47.2465 °","1.10247 °","0.806227 AU","13.1633 km/s","1"
"17683","2022-06-29 00:19:50","10","Confirmed","Pending","Pending","0.97161","114.042 °","96.9723 °","113.966 °","0.276546 °","2022-06-27 12:34:50","25.3332 AU","-0.219995","0.00166927 AU","0.0113917","0.209789 °","0.000115692 °","0.33874 °","0.169187 °","1703.54 s","23.8304 AU","0.189378 cm","0.103953 cm","0.0000224132 Kg","0.0000369089111424 Kg","0.000000786464 cm","0.00000936977 cm","1.60528e-21 Kg","5.73748e-20 Kg","48.7211 MJ","49.1133 MJ","59593.6 m/s","0.193456 m²/Kg","0.00000000397069 m²/J","59702.5 m/s","0.265801 m²/Kg","0.0000000022107 m²/J","28.1524 °","1893.57","12.3917","235.535 m/s","0.106191 m²/Kg","0.00000000211499 m²/J","107042 m","76483.8 m","16.2759 °","43.5574 °","3.61183 °","64.6475 Km","1.094 s","44.8927 °","3.33369 °","44.6038 °","2.75183 °","0.719197 AU","1.00109 km/s","1"
"17620","2022-06-11 22:44:41","6","Confirmed","Pending","Pending","0.538289","21.4399 °","80.7045 °","121.32 °","14.8568 °","2022-06-06 21:07:47","1.82983 AU","1.22196","0.00223561 AU","0.0046896","0.11627 °","0.000207336 °","0.388681 °","0.279264 °","1504.56 s","674.211 AU","9.18814 cm","17.1613 cm","2.55975 Kg","14.3429925928 Kg","0.0000000000001978 cm","0.0000000000250479 cm","2.55387e-41 Kg","9.70198e-39 Kg","2.24045 MJ","9.14237 MJ","20365.2 m/s","0.00398735 m²/Kg","0.00000000177971 m²/J","20412.6 m/s","0.00755076 m²/Kg","0.000000000819065 m²/J","32.86 °","33.9381","31.4694","114.514 m/s","0.00744743 m²/Kg","0.0000000046279 m²/J","84056.1 m","56363.3 m","90.7222 °","74.6226 °","17.1078 °","51.0316 Km","2.534 s","47.5857 °","8.50458 °","47.2069 °","8.56951 °","0.844852 AU","1 km/s","1"
"17585","2022-06-02 01:34:14","14","Confirmed","Pending","Pending","0.99191","132.758 °","71.2249 °","120.521 °","0.0359181 °","2022-05-31 16:47:59","94.647 AU","-0.680158","0.00184419 AU","0.0143304","0.241618 °","0.000133914 °","0.417965 °","0.0972751 °","74.9219 s","157.228 AU","0.0925087 cm","0.04348 cm","0.00000261253 Kg","0.00000368375134704 Kg","0.0000203923 cm","0.000141389 cm","2.79842e-17 Kg","5.82081e-16 Kg","84.7613 MJ","74.3161 MJ","64793 m/s","0.396031 m²/Kg","0.00000000467231 m²/J","64872.8 m/s","0.497777 m²/Kg","0.00000000282719 m²/J","26.8727 °","4046.27","8.4199","256.826 m/s","0.186139 m²/Kg","0.00000000238454 m²/J","109434 m","79368.9 m","350.936 °","23.5989 °","4.28978 °","66.4753 Km","1.0585 s","48.5232 °","1.93227 °","48.4667 °","1.14635 °","0.765656 AU","55.9311 km/s","1"
"17584","2022-06-01 21:57:46","6","Confirmed","Pending","Pending","0.930159","2.8398 °","250.988 °","135.243 °","350.444 °","2022-05-30 11:30:05","2.56231 AU","2.65855","0.0113622 AU","0.00529666","1.43429 °","14.6058 °","15.0756 °","0.616419 °","9465.46 s","0.130352 AU","1.13725 cm","3.60024 cm","0.0048538 Kg","0.0460976728076 Kg","2.79047e-23 cm","6.64995e-21 cm","0","0","4.60157 MJ","21.4588 MJ","37539.5 m/s","0.0322149 m²/Kg","0.00000000700084 m²/J","37861.2 m/s","0.091835 m²/Kg","0.00000000311249 m²/J","18.311 °","473.542","52.0619","634.63 m/s","0.101984 m²/Kg","0.00000001303 m²/J","86327.9 m","76938.8 m","270.562 °","-23.0138 °","21.1363 °","29.8727 Km","0.8048 s","39.5002 °","13.7936 °","39.704 °","13.6017 °","0.178954 AU","1.01053 km/s","1"
"17578","2022-05-31 23:22:27","8","Confirmed","Not Detected","Not detected","0.617372","21.9541 °","70.2016 °","181.964 °","358.319 °","2022-05-26 05:39:06","2.64944 AU","3.00405","0.0000126881 AU","0.00493812","0.0968216 °","0.000269423 °","0.0593218 °","0.050827 °","2957.32 s","0.0319643 AU","1.37336 cm","0.216544 cm","0.00854807 Kg","0.00404344512586 Kg","0.319775 cm","0.154075 cm","0.000107906 Kg","0.000155975 Kg","40.8669 MJ","18.292 MJ","18717.6 m/s","0.0266764 m²/Kg","0.000000000652764 m²/J","18767.4 m/s","0.028581 m²/Kg","0.000000000560428 m²/J","71.1551 °","130.175","1.4574","139.572 m/s","0.0042062 m²/Kg","0.000000000192357 m²/J","76944.2 m","41336.4 m","224.908 °","60.8033 °","2.09229 °","37.6257 Km","2.28 s","44.5683 °","1.20018 °","44.4702 °","1.26439 °","1.01375 AU","8.72285 km/s","1"
"17565","2022-05-29 02:17:39","6","Confirmed","Detected","Detected","0.946658","134.07 °","67.4172 °","137.074 °","0.397163 °","2022-05-27 17:49:10","16.5268 AU","-0.484098","0.00215846 AU","0.0290945","0.345516 °","0.000180351 °","0.650073 °","0.335717 °","3789.65 s","15.4639 AU","147.968 cm","574136 cm","10690.9 Kg","124447014.71 Kg","0","","0","","0.031155 MJ","120.878 MJ","65441.4 m/s","0.000247597 m²/Kg","0.00000000794726 m²/J","65721.1 m/s","0.743007 m²/Kg","0.0000000112239 m²/J","38.2094 °","1.84864","23368.2","453.937 m/s","0.960711 m²/Kg","0.00000000950305 m²/J","108748 m","86606.5 m","341.884 °","20.2949 °","6.40652 °","35.8027 Km","0.5916 s","46.446 °","5.80102 °","46.4919 °","5.44639 °","0.88157 AU","65.4408 km/s","1"
"17556","2022-05-27 22:42:20","6","Confirmed","Not Detected","Not detected","0.614935","22.6832 °","66.3343 °","205.767 °","353.728 °","2022-05-22 15:34:55","2.53182 AU","3.0701","0.000259971 AU","0.00347848","0.0901219 °","0.000189972 °","0.0699588 °","0.0925092 °","1388.11 s","0.0224533 AU","0.907142 cm","0.112322 cm","0.00246342 Kg","0.000915062663592 Kg","0.741743 cm","0.266606 cm","0.00134671 Kg","0.00145215 Kg","331.348 MJ","768.083 MJ","19807.8 m/s","0.0403866 m²/Kg","0.000000000121886 m²/J","19770.2 m/s","0.0375961 m²/Kg","0.000000000298852 m²/J","85.4212 °","187.111","0.201296","115.436 m/s","0.00500066 m²/Kg","0.000000000269162 m²/J","84283.2 m","40121.5 m","234.982 °","43.8788 °","3.97101 °","44.303 Km","2.553 s","43.6093 °","2.79841 °","43.6067 °","2.75517 °","0.974913 AU","9.64319 km/s","1"
"17464","2022-04-30 21:53:14","11","Confirmed","Detected","Not detected","0.797722","2.52487 °","220.138 °","100.911 °","346.766 °","2022-04-27 13:10:50","2.35556 AU","3.0056","0.000884072 AU","0.000409337","0.0382492 °","0.00136531 °","0.11225 °","0.0522405 °","242.311 s","0.0112953 AU","1.45815 cm","0.0768847 cm","0.0102311 Kg","0.00161838487194 Kg","0.0809681 cm","0.0243684 cm","0.00000175169 Kg","0.00000158158 Kg","46.8334 MJ","5.7628 MJ","28220.7 m/s","0.0251252 m²/Kg","0.00000000053648 m²/J","28223.9 m/s","0.0253536 m²/Kg","0.000000000528157 m²/J","22.7366 °","300.219","2.89087","30.6878 m/s","0.00132479 m²/Kg","0.0000000000390308 m²/J","92095 m","54001.5 m","221.367 °","-15.8674 °","1.66811 °","98.9556 Km","3.6926 s","46.0058 °","6.46696 °","46.7118 °","5.88648 °","0.476476 AU","19.1809 km/s","1"
"17462","2022-04-29 02:24:41","6","Confirmed","Not Detected","Not detected","0.999636","158.577 °","38.4574 °","303.92 °","359.998 °","2022-04-27 16:25:04","611.414 AU","-0.568978","0.00425327 AU","0.00428345","0.428912 °","0.000343647 °","0.796403 °","20.1233 °","3828.25 s","1114.24 AU","0.0604004 cm","0.026767 cm","0.000000727165 Kg","0.000000966748771275 Kg","0.0228479 cm","0.107911 cm","0.00000003936 Kg","0.000000557695 Kg","679.087 MJ","3415.54 MJ","62316.3 m/s","0.606558 m²/Kg","0.000000000893196 m²/J","62293.8 m/s","0.545097 m²/Kg","0.00000000433394 m²/J","29.7203 °","5650.27","0.972135","290.791 m/s","0.268802 m²/Kg","0.00000000434444 m²/J","107608 m","81798.3 m","270.766 °","-16.1449 °","5.08134 °","52.0589 Km","0.9092 s","43.76 °","12.8769 °","44.159 °","12.8233 °","0.222572 AU","58.9358 km/s","1"
"17461","2022-04-28 19:49:03","8","Confirmed","Not Detected","Not detected","0.509282","23.1883 °","38.2136 °","150.39 °","6.52807 °","2022-04-23 05:31:05","1.96149 AU","3.63598","0.000375901 AU","0.00117127","0.0614646 °","0.000122844 °","0.115724 °","0.0374524 °","1807.35 s","0.00208104 AU","2.29336 cm","0.109492 cm","0.0398043 Kg","0.00570114813001 Kg","0.382285 cm","0.0501868 cm","0.000184364 Kg","0.0000726106 Kg","34.489 MJ","3.56513 MJ","19065 m/s","0.015975 m²/Kg","0.000000000463191 m²/J","19069.6 m/s","0.0161106 m²/Kg","0.000000000457331 m²/J","40.5982 °","113.37","1.79161","57.9762 m/s","0.000762696 m²/Kg","0.0000000000267761 m²/J","76144.4 m","40951.7 m","10.3503 °","85.965 °","4.16967 °","54.0574 Km","3.37915 s","44.1594 °","5.02992 °","43.7938 °","5.05397 °","0.962538 AU","7.87201 km/s","1"
"17440","2022-04-20 03:49:57","12","Confirmed","Detected","Detected","0.733574","6.91111 °","29.7967 °","250.194 °","349.735 °","2022-04-15 17:31:19","2.7145 AU","2.89134","0.000837308 AU","0.00269257","0.079165 °","0.000297013 °","0.114758 °","0.170739 °","2334.42 s","0.0262589 AU","1.23266 cm","0.647763 cm","0.00618085 Kg","0.00974408190843 Kg","1.12228 cm","7.17254 cm","0.00466464 Kg","0.0894357 Kg","893.785 MJ","61665.8 MJ","22209 m/s","0.0297213 m²/Kg","0.0000000000332533 m²/J","22206.4 m/s","0.0278731 m²/Kg","0.00000000197029 m²/J","23.3813 °","345.872","0.0938153","75.4844 m/s","0.0156185 m²/Kg","0.00000000229094 m²/J","103020 m","64816.2 m","206.391 °","7.34244 °","3.55182 °","95.8949 Km","4.64007 s","48.9323 °","2.57129 °","49.1595 °","3.70745 °","0.723214 AU","21.2362 km/s","1"
"17409","2022-04-14 23:11:11","7","Confirmed","Detected","Detected","0.656361","0.843341 °","24.9584 °","191.176 °","356.302 °","2022-04-05 11:53:51","2.89606 AU","2.92216","0.000059064 AU","0.00288802","0.0248054 °","0.00748151 °","0.0460279 °","0.0604701 °","4233.39 s","0.024302 AU","1.42148 cm","0.142753 cm","0.00947852 Kg","0.00285565878933 Kg","0.600802 cm","0.232836 cm","0.000715663 Kg","0.00083205 Kg","39.8119 MJ","22.5704 MJ","14201.4 m/s","0.0257733 m²/Kg","0.000000000647376 m²/J","14208.9 m/s","0.0263098 m²/Kg","0.00000000057133 m²/J","50.6015 °","154.029","0.861192","62.9181 m/s","0.0025883 m²/Kg","0.000000000305371 m²/J","71835.2 m","43474.9 m","149.284 °","25.7695 °","3.43616 °","36.6983 Km","2.858 s","45.3963 °","1.32666 °","45.451 °","1.61118 °","0.9952 AU","9.39108 km/s","1"
"17402","2022-04-12 21:13:45","6","Confirmed","Not Detected","Not detected","0.27662","10.6193 °","22.7134 °","189.278 °","347.577 °","2022-03-31 19:50:24","1.38192 AU","4.70941","0.0000386529 AU","0.00223444","0.0594085 °","0.000827748 °","0.0647509 °","0.0977172 °","4700.05 s","0.00231809 AU","3.40365 cm","0.226221 cm","0.130122 Kg","0.0259453078235 Kg","1.21384 cm","0.222322 cm","0.00590198 Kg","0.00324295 Kg","29.0824 MJ","7.06659 MJ","13281.1 m/s","0.0107638 m²/Kg","0.000000000370116 m²/J","13287.5 m/s","0.0109111 m²/Kg","0.000000000354126 m²/J","70.8461 °","52.6227","1.03106","58.6634 m/s","0.000715411 m²/Kg","0.0000000000669818 m²/J","71295.3 m","31681.9 m","183.041 °","61.6568 °","10.0707 °","41.9359 Km","3.645 s","43.9687 °","11.1037 °","43.8523 °","11.0493 °","0.999652 AU","5.41812 km/s","1"
"17401","2022-04-12 20:19:33","9","Confirmed","Not Detected","Not detected","0.670198","2.5204 °","202.542 °","76.5401 °","343.862 °","2022-04-08 05:11:06","2.1051 AU","3.41483","0.00174499 AU","0.000916311","0.0677096 °","0.00184435 °","0.255185 °","0.111236 °","1253.54 s","0.00773685 AU","11050000 cm","13152100000000 cm","4.45249e18 Kg","1.58984460687e25 Kg","5031430 cm","195098000000000 cm","4.20328e17 Kg","4.88957e25 Kg","103.892 MJ","5032960000 MJ","21927 m/s","0.0000000033155 m²/Kg","3.1913e-17 m²/J","21972.6 m/s","0.00301179 m²/Kg","0.00000000132095 m²/J","30.1731 °","0.0000304641","0.786728","66.5661 m/s","0.00394621 m²/Kg","0.00000000156709 m²/J","81032.7 m","60468.6 m","191.267 °","-5.65184 °","4.6414 °","40.8965 Km","1.8707 s","46.0368 °","12.3842 °","46.2801 °","12.0974 °","0.694266 AU","21.927 km/s","1"
"17398","2022-04-11 20:46:51","7","Confirmed","Not Detected","Not detected","0.991931","57.3035 °","21.6407 °","262.203 °","359.932 °","2022-04-09 17:29:46","70.7401 AU","0.552829","0.00194956 AU","0.00392231","0.323445 °","0.00013825 °","0.247853 °","19.8423 °","692.51 s","54.2013 AU","1957.25 cm","17211700 cm","24743100 Kg","652757206942 Kg","0","","0","","0.0844479 MJ","740.7 MJ","42403.5 m/s","0.0000187183 m²/Kg","0.000000000221655 m²/J","42545.9 m/s","0.129774 m²/Kg","0.00000000703305 m²/J","29.7208 °","0.174363","3619.63","209.269 m/s","0.164605 m²/Kg","0.00000000901515 m²/J","101245 m","79912.5 m","234.47 °","23.333 °","5.62971 °","42.9889 Km","1.065 s","43.8995 °","12.7954 °","43.8726 °","12.339 °","0.570804 AU","42.4034 km/s","1"
"17380","2022-04-08 22:14:09","15","Confirmed","Not Detected","Detected","0.943442","26.3651 °","18.759 °","326.317 °","346.623 °","2022-04-06 16:29:48","1.95771 AU","2.86083","0.00127157 AU","0.000760088","0.117556 °","0.0000923949 °","0.19338 °","0.0835463 °","2226.9 s","0.022506 AU","8.12691 cm","2.0151 cm","1.77129 Kg","1.3175997136 Kg","0.270855 cm","0.508907 cm","0.0000655728 Kg","0.000369613 Kg","82.0952 MJ","51.1196 MJ","40528.5 m/s","0.00450803 m²/Kg","0.0000000000549122 m²/J","40556 m/s","0.00515929 m²/Kg","0.0000000000414553 m²/J","23.642 °","51.915","3.40135","91.6464 m/s","0.00111779 m²/Kg","0.0000000000218514 m²/J","96816.7 m","38754.8 m","225.505 °","-6.57278 °","1.70653 °","144.481 Km","3.712 s","45.4386 °","10.2162 °","46.1844 °","8.91247 °","0.110724 AU","18.8141 km/s","1"
"17355","2022-03-26 02:55:04","13","Confirmed","Not Detected","Detected","1.01624","150.438 °","5.12417 °","218.333 °","-0.0635029 °","2022-03-24 20:46:53","-54.7383 AU","-1.11613","0.00907849 AU","0.0656675","0.682442 °","0.00048647 °","2.25305 °","66.2199 °","25232.1 s","1718.63 AU","0.0218368 cm","0.036996 cm","0.0000000343622 Kg","0.000000174649556313 Kg","0.0000000571819 cm","0.00000112565 cm","6.17007e-25 Kg","3.64381e-23 Kg","65.0932 MJ","106.094 MJ","70152.5 m/s","1.67773 m²/Kg","0.0000000257744 m²/J","70419.2 m/s","2.78864 m²/Kg","0.0000000127292 m²/J","27.6932 °","16672.1","12.8529","998.395 m/s","2.84242 m²/Kg","0.0000000349096 m²/J","116082 m","89420.3 m","262.792 °","-6.24498 °","15.574 °","57.2652 Km","0.84741 s","50.4267 °","6.62145 °","50.801 °","6.23366 °","0.889008 AU","1.00228 km/s","1"
"17351","2022-03-25 00:02:16","6","Confirmed","Not Detected","Not detected","0.656864","3.71456 °","183.992 °","33.4785 °","352.929 °","2022-03-17 17:40:53","2.71523 AU","3.0033","0.000149581 AU","0.00170435","0.0390454 °","0.000329074 °","0.0457366 °","0.0631712 °","1462.41 s","0.0134507 AU","3.78272 cm","0.222207 cm","0.178619 Kg","0.0314776053044 Kg","0.678219 cm","0.124515 cm","0.00102949 Kg","0.000567019 Kg","25.4701 MJ","3.67944 MJ","16047 m/s","0.00968519 m²/Kg","0.000000000380257 m²/J","16054 m/s","0.00981775 m²/Kg","0.000000000371057 m²/J","39.0949 °","70.9287","1.71873","46.5338 m/s","0.000568934 m²/Kg","0.0000000000333746 m²/J","75038.3 m","36694.2 m","150.815 °","8.53616 °","2.65669 °","60.8103 Km","4.233 s","42.9008 °","10.6614 °","43.1111 °","11.1586 °","0.931692 AU","7.74618 km/s","1"
"17288","2022-03-05 18:55:52","11","Confirmed","Not Detected","Not detected","0.486575","2.28813 °","344.917 °","126.003 °","14.3397 °","2022-02-25 18:26:53","1.67153 AU","4.13427","0.000555573 AU","0.000348778","0.0118197 °","0.0000443334 °","0.134631 °","0.0690448 °","643.241 s","0.0160381 AU","22.3704 cm","3.96273 cm","36.9431 Kg","19.6325202549 Kg","0.0185801 cm","0.0783615 cm","0.0000000211668 Kg","0.000000267814 Kg","5.49124 MJ","3.39689 MJ","15136.9 m/s","0.00163772 m²/Kg","0.000000000298242 m²/J","15142.7 m/s","0.0018258 m²/Kg","0.000000000197849 m²/J","17.2407 °","25.5183","7.0934","14.9512 m/s","0.000290109 m²/Kg","0.000000000137348 m²/J","88857 m","41721.3 m","14.311 °","19.634 °","1.24868 °","161.227 Km","15.4668 s","43.4457 °","11.1269 °","43.1744 °","12.9712 °","0.858206 AU","12.4453 km/s","1"
"17282","2022-03-02 02:47:49","10","Confirmed","Detected","Detected","1.00352","88.7144 °","341.193 °","273.454 °","-0.025805 °","2022-02-28 10:38:08","-132.143 AU","-0.0203909","0.00222057 AU","0.00750273","0.324468 °","0.0000768143 °","0.471314 °","9.80183 °","1927.71 s","298.445 AU","0.103259 cm","0.048671 cm","0.00000363326 Kg","0.00000513759998986 Kg","0.00000512501 cm","0.0000427397 cm","4.44219e-19 Kg","1.11136e-17 Kg","48.3011 MJ","42.4923 MJ","53065.2 m/s","0.354801 m²/Kg","0.0000000073456 m²/J","53050.3 m/s","0.411508 m²/Kg","0.00000000420714 m²/J","64.3566 °","1817.56","9.91086","268.514 m/s","0.167235 m²/Kg","0.00000000444813 m²/J","105934 m","73266.4 m","215.69 °","22.4089 °","3.98167 °","36.2364 Km","0.7117 s","46.9604 °","5.65875 °","47.0924 °","5.59473 °","0.464724 AU","1.20796 km/s","1"
"17268","2022-02-27 02:38:57","9","Confirmed","Not Detected","Detected","0.617968","4.68069 °","338.23 °","193.317 °","355.216 °","2022-02-17 14:19:02","2.56548 AU","3.14545","0.0000837842 AU","0.0031961","0.0251138 °","0.000253834 °","0.075904 °","0.082938 °","2154.77 s","0.0187643 AU","3.74526 cm","0.326899 cm","0.173365 Kg","0.045395594554 Kg","3.73954 cm","0.644772 cm","0.172571 Kg","0.0892641 Kg","22253.2 MJ","3692520 MJ","14153.7 m/s","0.00978205 m²/Kg","0.00000000000043958 m²/J","14121.4 m/s","0.00909404 m²/Kg","0.0000000000621185 m²/J","32.7692 °","83.464","0.00153038","52.3731 m/s","0.00085381 m²/Kg","0.0000000000729039 m²/J","82564.3 m","28517.7 m","112.105 °","53.1116 °","1.66736 °","99.7028 Km","8.6141 s","44.6051 °","7.71186 °","44.0822 °","8.45616 °","0.980097 AU","3.89354 km/s","1"
"17253","2022-02-23 00:06:34","8","Confirmed","Not Detected","Detected","1.00433","108.606 °","334.041 °","219.371 °","-0.0091158 °","2022-02-21 12:46:13","-202.39 AU","-0.332419","0.00260666 AU","0.0150499","0.251853 °","0.000122904 °","0.614683 °","9.92589 °","46.4456 s","356.516 AU","0.0490488 cm","0.0410947 cm","0.000000389402 Kg","0.000000978762310122 Kg","0.000000000244768 cm","0.00000000595673 cm","4.83922e-32 Kg","3.53305e-30 Kg","32.3737 MJ","42.6925 MJ","60334.8 m/s","0.746937 m²/Kg","0.0000000230723 m²/J","60416.7 m/s","1.067 m²/Kg","0.0000000113274 m²/J","27.1524 °","7558.77","19.1158","281.783 m/s","0.625809 m²/Kg","0.0000000151213 m²/J","111366 m","87837.8 m","233.898 °","22.1217 °","4.1933 °","51.5856 Km","0.938 s","45.7922 °","6.72147 °","45.7604 °","6.14205 °","0.876821 AU","1.02536 km/s","1"
"17199","2022-02-05 23:11:36","8","Confirmed","Not Detected","Not detected","0.805617","3.18348 °","136.839 °","106.751 °","345.468 °","2022-02-02 18:11:26","2.15679 AU","3.17251","0.00162628 AU","0.00166363","0.0662203 °","0.000261139 °","0.168609 °","0.155947 °","123.559 s","0.0223353 AU","2.57812 cm","0.670748 cm","0.0565486 Kg","0.0441366797248 Kg","0.0385877 cm","0.077037 cm","0.00000018961 Kg","0.00000113562 Kg","34.7533 MJ","18.8055 MJ","29308.6 m/s","0.0142105 m²/Kg","0.000000000408896 m²/J","29352.8 m/s","0.0164013 m²/Kg","0.000000000336994 m²/J","53.7259 °","81.4033","4.20188","104.255 m/s","0.00369715 m²/Kg","0.000000000118246 m²/J","89990.1 m","44216.7 m","146.584 °","11.4537 °","3.54642 °","56.7803 Km","2.0138 s","43.4817 °","3.78424 °","43.7325 °","3.55968 °","0.419244 AU","18.1569 km/s","1"
"17191","2022-02-02 02:31:26","9","Confirmed","Not Detected","Not detected","0.538775","2.90179 °","312.948 °","211.453 °","348.68 °","2022-01-24 02:18:47","2.02676 AU","3.61735","0.00019355 AU","0.00262786","0.0193384 °","0.000294103 °","0.102947 °","0.14209 °","3113.98 s","0.0118172 AU","3.58715 cm","0.635995 cm","0.152321 Kg","0.0810190472308 Kg","0.527079 cm","0.590882 cm","0.000483216 Kg","0.00162513 Kg","18.3849 MJ","12.1233 MJ","14401.3 m/s","0.0102132 m²/Kg","0.000000000555524 m²/J","14405.6 m/s","0.0105569 m²/Kg","0.000000000454061 m²/J","37.8733 °","76.8292","1.91776","50.6236 m/s","0.00181079 m²/Kg","0.000000000292891 m²/J","83969.3 m","40349.7 m","107.489 °","41.5985 °","3.12151 °","71.1074 Km","5.222 s","42.3516 °","9.83049 °","42.1366 °","10.4391 °","0.934792 AU","9.91384 km/s","1"
"17165","2022-01-25 04:50:05","9","Confirmed","Not Detected","Not detected","0.998434","123.18 °","304.882 °","45.9997 °","0.0320018 °","2022-01-23 16:13:30","96.3729 AU","-0.20105","0.000683072 AU","0.00256921","0.268327 °","0.000103896 °","0.237347 °","0.0802059 °","176.052 s","107.446 AU","0.119473 cm","0.0373126 cm","0.00000562765 Kg","0.00000527270307182 Kg","0.117797 cm","0.563963 cm","0.0000053941 Kg","0.000077474 Kg","40890.3 MJ","14416700 MJ","58295.9 m/s","0.306649 m²/Kg","0.00000000000749931 m²/J","58244.6 m/s","0.254468 m²/Kg","0.00000000227285 m²/J","21.0737 °","3938.51","0.0141288","189.348 m/s","0.0957692 m²/Kg","0.00000000264254 m²/J","105327 m","77890.5 m","259.398 °","-8.32326 °","3.51753 °","76.3503 Km","1.35596 s","41.0749 °","10.7404 °","41.4193 °","10.0375 °","0.150949 AU","54.938 km/s","1"
"17147","2022-01-22 06:29:12","6","Confirmed","Not Detected","Detected","0.591839","48.1996 °","301.901 °","192.349 °","356.628 °","2022-01-19 06:02:51","2.39044 AU","2.90488","0.000191816 AU","0.0077568","0.128233 °","0.0000763573 °","0.15968 °","0.117798 °","1407.49 s","0.0454456 AU","1.54588 cm","0.517086 cm","0.0121911 Kg","0.0122334911377 Kg","0.0252542 cm","0.0767835 cm","0.0000000531513 Kg","0.000000484808 Kg","39.4128 MJ","32.4314 MJ","30884.8 m/s","0.0236993 m²/Kg","0.000000000601311 m²/J","30951.9 m/s","0.0287781 m²/Kg","0.000000000376801 m²/J","67.033 °","118.871","4.11436","157.103 m/s","0.00792724 m²/Kg","0.000000000309056 m²/J","80816.1 m","48243.2 m","241.775 °","62.9886 °","5.06463 °","35.3773 Km","1.2304 s","43.6946 °","1.37537 °","43.5835 °","1.30266 °","0.975687 AU","23.4929 km/s","1"
"17144","2022-01-22 01:06:25","10","Confirmed","Not Detected","Detected","0.434483","12.8865 °","301.698 °","162.488 °","2.34025 °","2022-01-13 02:15:14","1.71588 AU","4.04063","0.000694809 AU","0.00370441","0.037948 °","0.000430459 °","0.397822 °","0.129462 °","2997.66 s","0.0101249 AU","8.91829 cm","1.31803 cm","2.34077 Kg","1.03782262296 Kg","1.1891 cm","0.943195 cm","0.0055484 Kg","0.013203 Kg","18.3666 MJ","8.6822 MJ","14754.2 m/s","0.00410801 m²/Kg","0.000000000223668 m²/J","14779.8 m/s","0.00439554 m²/Kg","0.000000000186341 m²/J","18.6098 °","59.4495","2.01491","67.0574 m/s","0.00060712 m²/Kg","0.0000000000736484 m²/J","66670.9 m","37349.4 m","326.082 °","64.8428 °","6.20149 °","92.3017 Km","6.878 s","43.9688 °","8.71531 °","43.1875 °","8.71121 °","0.970358 AU","9.0455 km/s","1"
"17141","2022-01-21 18:47:21","10","Confirmed","Detected","Detected","0.714554","2.37773 °","121.43 °","85.1577 °","344.495 °","2022-01-17 15:41:47","2.13144 AU","3.33578","0.00198523 AU","0.000434297","0.0711516 °","0.000895006 °","0.266275 °","0.0632598 °","2058.91 s","0.0052585 AU","4.91374 cm","0.926587 cm","0.391518 Kg","0.221486107299 Kg","0.173831 cm","0.27079 cm","0.0000173338 Kg","0.0000810067 Kg","29.3429 MJ","15.3878 MJ","24016.6 m/s","0.00745589 m²/Kg","0.000000000254095 m²/J","24035.1 m/s","0.00813217 m²/Kg","0.000000000205492 m²/J","27.3074 °","75.0556","3.34171","73.1846 m/s","0.00140596 m²/Kg","0.000000000087558 m²/J","85331.2 m","42878.6 m","118.186 °","19.5394 °","3.19861 °","92.2178 Km","4.192 s","47.7806 °","5.75936 °","47.7897 °","4.67778 °","0.608411 AU","16.7026 km/s","1"
"17123","2022-01-18 20:19:04","9","Confirmed","Not Detected","Not detected","0.505369","2.55635 °","298.395 °","267.459 °","323.379 °","2022-01-13 03:43:30","1.35126 AU","4.73424","0.00469623 AU","0.0026571","0.110854 °","0.00139016 °","0.710532 °","0.416196 °","2500.5 s","0.00718114 AU","7.54973 cm","3.27824 cm","1.42006 Kg","1.84986085245 Kg","0.367754 cm","0.814788 cm","0.000164129 Kg","0.00109092 Kg","20.367 MJ","17.7299 MJ","19027.2 m/s","0.00485267 m²/Kg","0.000000000238262 m²/J","19098.3 m/s","0.00615959 m²/Kg","0.000000000147264 m²/J","45.6672 °","31.3307","3.02185","181.797 m/s","0.00210713 m²/Kg","0.00000000012259 m²/J","80759.3 m","32645.4 m","117.998 °","28.5816 °","13.9676 °","67.2613 Km","3.7701 s","49.5345 °","3.78317 °","49.5963 °","3.14621 °","0.668375 AU","7.38981 km/s","1"
"17117","2022-01-17 05:34:59","6","Confirmed","Not Detected","Detected","0.604066","20.6159 °","296.779 °","218.936 °","350.355 °","2022-01-11 22:52:14","2.27677 AU","3.27283","0.000308796 AU","0.0102016","0.0632405 °","0.000324938 °","0.265272 °","0.480351 °","7694.3 s","0.059253 AU","2.31121 cm","3.29425 cm","0.0407413 Kg","0.174209831942 Kg","0.000000000000621837 cm","0.0000000000331216 cm","7.93494e-40 Kg","1.26794e-37 Kg","2.29013 MJ","4.36215 MJ","19746.2 m/s","0.0158516 m²/Kg","0.00000000692168 m²/J","19836.3 m/s","0.0295938 m²/Kg","0.00000000294466 m²/J","43.5397 °","106.271","28.9439","202.398 m/s","0.0225938 m²/Kg","0.00000000450966 m²/J","76127.4 m","61609.3 m","119.773 °","76.8373 °","3.79436 °","21.0751 Km","1.13437 s","43.4552 °","3.13364 °","43.3261 °","3.19208 °","0.901452 AU","1.01644 km/s","1"
"17090","2022-01-14 00:30:30","14","Confirmed","Not Detected","Detected","0.958587","84.5318 °","293.503 °","171.552 °","0.0359704 °","2022-01-12 06:18:48","23.6244 AU","0.335896","0.000373862 AU","0.0119309","0.133962 °","0.000111889 °","0.283884 °","0.0146269 °","598.76 s","12.9658 AU","0.192888 cm","0.142426 cm","0.0000236826 Kg","0.0000524607836115 Kg","0.000000000312671 cm","0.0000000085143 cm","1.00873e-31 Kg","8.24061e-30 Kg","21.7406 MJ","30.0085 MJ","50876.8 m/s","0.189936 m²/Kg","0.00000000873644 m²/J","50899.5 m/s","0.243943 m²/Kg","0.00000000399931 m²/J","21.5401 °","2389.1","20.2402","181.134 m/s","0.140246 m²/Kg","0.0000000072599 m²/J","98858.6 m","80355.2 m","230.308 °","42.3372 °","4.49374 °","50.3455 Km","5.4343 s","43.6714 °","9.34465 °","43.4129 °","8.89729 °","0.978363 AU","3.97353 km/s","1"
"17077","2022-01-13 01:38:38","7","Confirmed","Detected","Detected","0.972201","146.31 °","292.535 °","179.415 °","359.996 °","2022-01-11 19:37:45","35.379 AU","-0.869006","0.0000545773 AU","0.0277768","0.135505 °","0.000162888 °","0.602736 °","27.0378 °","4009.53 s","34.4062 AU","27846.3 cm","14281500000 cm","71255100000 Kg","1.09633552014e17 Kg","0","0","0","0","5.47554 MJ","2697930 MJ","70615.8 m/s","0.00000131566 m²/Kg","0.00000000000024028 m²/J","70857 m/s","0.51912 m²/Kg","0.00000000606657 m²/J","19.8642 °","0.0178816","154.82","354.6 m/s","0.674763 m²/Kg","0.0000000070845 m²/J","114520 m","87821.1 m","207.976 °","9.80213 °","4.93278 °","78.3616 Km","1.1189 s","45.2567 °","0.0943831 °","45.3295 °","-0.824406 °","0.983518 AU","70.6158 km/s","1"
"16978","2021-12-19 03:25:28","8","Confirmed","Not Detected","Not detected","0.897445","161.404 °","87.1316 °","349.393 °","0.212817 °","2021-12-17 21:53:00","9.51661 AU","-0.584187","0.000610012 AU","0.0357137","0.171151 °","0.000150194 °","0.362728 °","0.114356 °","5249.56 s","3.28571 AU","0.350881 cm","2.27053 cm","0.000142558 Kg","0.00276746712849 Kg","0","0","0","0","7.00482 MJ","48.3028 MJ","71636.1 m/s","0.104413 m²/Kg","0.0000000149058 m²/J","71920.7 m/s","0.60797 m²/Kg","0.0000000073434 m²/J","32.8116 °","889.865","124.542","440.922 m/s","0.675649 m²/Kg","0.0000000133816 m²/J","112430 m","85792.2 m","176.03 °","-9.54663 °","6.62291 °","49.1374 Km","0.6937 s","42.9022 °","12.8557 °","43.223 °","12.6154 °","0.97598 AU","1.00023 km/s","1"
"16962","2021-12-17 22:37:38","11","Confirmed","Not Detected","Not detected","0.897398","20.0968 °","265.909 °","324.863 °","334.874 °","2021-12-15 09:43:19","1.34545 AU","4.28846","0.00104491 AU","0.00106606","0.187863 °","0.0000496708 °","0.116553 °","0.176394 °","596.78 s","0.00477802 AU","1.36732 cm","0.29286 cm","0.00843584 Kg","0.00542049406049 Kg","0.039612 cm","0.0723257 cm","0.000000205113 Kg","0.00000112352 Kg","62.7369 MJ","36.1928 MJ","36151.8 m/s","0.0267942 m²/Kg","0.000000000427089 m²/J","36194.3 m/s","0.0301726 m²/Kg","0.000000000325714 m²/J","53.4503 °","154.033","3.54148","102.985 m/s","0.00573892 m²/Kg","0.000000000161106 m²/J","92205 m","47653.6 m","116.824 °","30.553 °","3.82221 °","55.466 Km","1.6149 s","45.4189 °","8.09895 °","45.4645 °","7.68627 °","0.138045 AU","23.2354 km/s","1"
"16960","2021-12-17 21:31:21","16","Confirmed","Not Detected","Not detected","1.00164","134.591 °","265.868 °","260.491 °","-0.00583608 °","2021-12-16 12:54:50","-349.85 AU","-0.711694","0.00266431 AU","0.00214401","0.143867 °","0.0000903487 °","0.360411 °","24.5956 °","394.831 s","201.669 AU","0.181113 cm","0.0872562 cm","0.0000196049 Kg","0.0000283355472441 Kg","0.0285904 cm","0.409687 cm","0.0000000771211 Kg","0.00000331533 Kg","391.093 MJ","3066.15 MJ","65168.5 m/s","0.202284 m²/Kg","0.000000000517228 m²/J","65163.6 m/s","0.1856 m²/Kg","0.00000000377979 m²/J","8.72227 °","6160.37","1.84605","91.2373 m/s","0.0974559 m²/Kg","0.00000000398444 m²/J","113571 m","87880.7 m","158.523 °","32.0162 °","1.80527 °","166.927 Km","2.581 s","44.9798 °","-0.92803 °","44.1072 °","-2.56709 °","0.572987 AU","63.9443 km/s","1"
"16946","2021-12-16 22:58:23","10","Confirmed","Not Detected","Detected","0.667089","31.9198 °","264.911 °","168.741 °","0.865701 °","2021-12-12 18:55:15","2.93335 AU","2.72561","0.000260324 AU","0.00234673","0.0410904 °","0.0000942356 °","0.184543 °","0.0247404 °","2190.13 s","0.0197685 AU","1.90993 cm","0.110472 cm","0.0229914 Kg","0.00398954144176 Kg","0.160694 cm","0.0384771 cm","0.0000136934 Kg","0.00000983639 Kg","37.9817 MJ","4.68837 MJ","23516.8 m/s","0.0191821 m²/Kg","0.000000000505034 m²/J","23525.7 m/s","0.0194078 m²/Kg","0.000000000496989 m²/J","22.0508 °","235.961","2.47532","59.9904 m/s","0.00110951 m²/Kg","0.0000000000342429 m²/J","83074.7 m","47780.4 m","283.415 °","61.3931 °","2.82861 °","93.9604 Km","4.333 s","48.0176 °","0.904846 °","47.2719 °","1.2187 °","0.976545 AU","13.6481 km/s","1"
"16940","2021-12-16 05:24:17","8","Confirmed","Not Detected","Not detected","1.01985","150.102 °","264.171 °","105.219 °","0.199553 °","2021-12-14 22:26:42","-31.1097 AU","-1.01628","0.00775639 AU","0.0317275","0.394543 °","0.00012711 °","1.50501 °","0.468548 °","1857.18 s","50.7321 AU","0.0381714 cm","0.0239276 cm","0.000000183539 Kg","0.000000345151444685 Kg","0.0000132917 cm","0.000118028 cm","7.74916e-18 Kg","2.06433e-16 Kg","99.7006 MJ","120.082 MJ","68336.8 m/s","0.959786 m²/Kg","0.00000000962669 m²/J","68531.9 m/s","1.32902 m²/Kg","0.00000000503118 m²/J","48.5667 °","5912.14","7.9627","608.743 m/s","0.601639 m²/Kg","0.00000000598269 m²/J","110229 m","79663.6 m","202.329 °","6.57051 °","12.1184 °","40.7699 Km","0.6635 s","42.0528 °","12.7648 °","42.2433 °","12.5701 °","0.617673 AU","52.03 km/s","1"
"16923","2021-12-15 04:55:10","6","Confirmed","Not Detected","Not detected","0.887702","25.3827 °","263.129 °","323.187 °","334.418 °","2021-12-12 15:53:10","1.34344 AU","4.29556","0.00105691 AU","0.00135028","0.146632 °","0.0000500689 °","0.146523 °","0.370541 °","1089.46 s","0.0110554 AU","1.19695 cm","0.204241 cm","0.00565901 Kg","0.00289686355946 Kg","0.138722 cm","0.14834 cm","0.00000880956 Kg","0.0000282609 Kg","100.442 MJ","57.8702 MJ","35683.1 m/s","0.0306081 m²/Kg","0.000000000304735 m²/J","35712.9 m/s","0.0329975 m²/Kg","0.000000000237612 m²/J","56.2754 °","169.955","2.15506","137.52 m/s","0.0052228 m²/Kg","0.000000000126507 m²/J","95605.2 m","46437.4 m","116.386 °","33.9421 °","4.19899 °","59.1179 Km","1.735 s","41.8357 °","0.639862 °","41.8337 °","1.03068 °","0.150866 AU","23.6159 km/s","1"
"16914","2021-12-15 01:30:36","6","Confirmed","Not Detected","Detected","0.887105","22.4538 °","262.982 °","324.008 °","333.193 °","2021-12-12 11:41:48","1.30423 AU","4.40751","0.00122457 AU","0.00156456","0.182533 °","0.0000371698 °","0.1115 °","0.320524 °","92.2804 s","0.0118719 AU","0.941934 cm","0.231822 cm","0.00275788 Kg","0.00203625062077 Kg","0.0299622 cm","0.0664934 cm","0.0000000887637 Kg","0.000000590964 Kg","62.081 MJ","43.6494 MJ","35484.5 m/s","0.0388948 m²/Kg","0.000000000626518 m²/J","35503 m/s","0.0414766 m²/Kg","0.000000000480587 m²/J","78.1418 °","183.541","3.448","156.273 m/s","0.00957252 m²/Kg","0.000000000329389 m²/J","94833 m","53372.1 m","115.054 °","32.3824 °","3.2471 °","42.3644 Km","1.6358 s","43.9322 °","5.93422 °","44.0079 °","5.91206 °","0.147241 AU","29.8081 km/s","1"
"16905","2021-12-14 23:03:06","6","Confirmed","Not Detected","Not detected","0.885156","22.9235 °","262.877 °","324.058 °","332.607 °","2021-12-12 09:04:47","1.28853 AU","4.46438","0.0031988 AU","0.00192252","0.269075 °","0.0000521451 °","0.538402 °","0.596944 °","860.418 s","0.0183049 AU","0.819302 cm","0.254321 cm","0.00181487 Kg","0.00169006857952 Kg","0.00297932 cm","0.0122386 cm","0.0000000000872704 Kg","0.00000000107548 Kg","38.2132 MJ","29.9641 MJ","35532.4 m/s","0.0447166 m²/Kg","0.00000000117019 m²/J","35560.2 m/s","0.0520748 m²/Kg","0.000000000713288 m²/J","61.914 °","234.074","5.61676","174.448 m/s","0.0138805 m²/Kg","0.000000000620353 m²/J","89564.2 m","57310.4 m","114.388 °","32.5492 °","13.4282 °","36.5673 Km","1.18013 s","42.4857 °","11.8027 °","42.5115 °","11.5985 °","0.14798 AU","28.4485 km/s","1"
"16902","2021-12-14 22:37:38","6","Confirmed","Not Detected","Detected","0.985397","91.4462 °","262.862 °","240.172 °","359.903 °","2021-12-13 06:52:00","50.591 AU","0.0760419","0.00586362 AU","0.0224662","0.544113 °","0.000204918 °","1.16213 °","14.3683 °","7710 s","90.7583 AU","0.582139 cm","2.22384 cm","0.000651021 Kg","0.00746091733005 Kg","0.000000000000177517 cm","0.0000000000220483 cm","1.84593e-41 Kg","6.87841e-39 Kg","17.0595 MJ","76.0793 MJ","53776.9 m/s","0.062934 m²/Kg","0.00000000368908 m²/J","54128.1 m/s","0.236472 m²/Kg","0.00000000189407 m²/J","33.7478 °","523.171","28.8187","544.722 m/s","0.240415 m²/Kg","0.00000000292752 m²/J","104566 m","77032.7 m","163.256 °","55.8579 °","5.51523 °","49.5215 Km","1.108 s","43.3695 °","9.09534 °","43.1007 °","8.75707 °","0.738798 AU","1.00027 km/s","1"
"16899","2021-12-14 22:21:25","11","Confirmed","Not Detected","Not detected","0.894442","23.0621 °","262.847 °","324.109 °","335.04 °","2021-12-12 09:39:16","1.35569 AU","4.27295","0.00178638 AU","0.00168695","0.244837 °","0.0000509618 °","0.213867 °","0.263183 °","168.369 s","0.00783335 AU","0.385539 cm","0.0599497 cm","0.000189113 Kg","0.0000882184823027 Kg","0.065007 cm","0.060002 cm","0.000000906556 Kg","0.00000251027 Kg","125.366 MJ","75.5962 MJ","36232 m/s","0.0950262 m²/Kg","0.000000000757993 m²/J","36266.5 m/s","0.0999066 m²/Kg","0.000000000610494 m²/J","53.8768 °","543.299","1.78015","161.789 m/s","0.0147762 m²/Kg","0.000000000351872 m²/J","88409 m","54755.8 m","113.771 °","32.3893 °","5.34798 °","41.6648 Km","1.2575 s","44.9358 °","11.0491 °","44.9545 °","10.7425 °","0.143104 AU","25.0437 km/s","1"
"16895","2021-12-14 21:40:16","8","Confirmed","Detected","Detected","0.892292","22.452 °","262.818 °","324.904 °","333.408 °","2021-12-12 08:21:42","1.30386 AU","4.42712","0.00112753 AU","0.000944684","0.109286 °","0.0000275098 °","0.15458 °","0.154027 °","1658.52 s","0.00980328 AU","1.67292 cm","0.233448 cm","0.0154505 Kg","0.0064680988852 Kg","0.171361 cm","0.153166 cm","0.0000166055 Kg","0.0000445269 Kg","96.6168 MJ","43.7602 MJ","35985.8 m/s","0.0218996 m²/Kg","0.000000000226665 m²/J","36008.9 m/s","0.0232556 m²/Kg","0.000000000190638 m²/J","43.5079 °","146.904","2.27855","87.7594 m/s","0.00305597 m²/Kg","0.0000000000732004 m²/J","97346.9 m","43168.6 m","113.707 °","32.1494 °","2.99087 °","78.6228 Km","2.336 s","43.586 °","7.27749 °","43.5314 °","6.58405 °","0.140437 AU","17.3845 km/s","1"
"16894","2021-12-14 21:16:57","6","Confirmed","Not Detected","Not detected","0.887352","22.859 °","262.801 °","324.338 °","332.819 °","2021-12-12 07:28:39","1.29214 AU","4.45005","0.00155189 AU","0.00135382","0.284339 °","0.0000618256 °","0.212787 °","0.260934 °","366.818 s","0.00722377 AU","0.808253 cm","0.170861 cm","0.00174243 Kg","0.00110502614091 Kg","0.000798711 cm","0.00185943 cm","0.00000000000168145 Kg","0.0000000000117434 Kg","31.3612 MJ","11.6129 MJ","35728.4 m/s","0.0453278 m²/Kg","0.00000000144535 m²/J","35776.6 m/s","0.0513416 m²/Kg","0.00000000128265 m²/J","43.504 °","304.084","6.91963","122.211 m/s","0.00958208 m²/Kg","0.000000000248137 m²/J","91235.5 m","58463.9 m","113.64 °","32.6417 °","6.88316 °","47.6489 Km","1.4921 s","45.1051 °","12.1833 °","45.0741 °","11.7512 °","0.145557 AU","24.3129 km/s","1"
"16860","2021-12-14 04:35:51","9","Confirmed","Not Detected","Not detected","0.889189","22.7861 °","262.098 °","324.418 °","333.209 °","2021-12-11 15:00:55","1.30189 AU","4.41843","0.00169598 AU","0.00139771","0.21421 °","0.0000605913 °","0.28362 °","0.428503 °","1646.12 s","0.0130004 AU","0.902445 cm","0.163085 cm","0.00242536 Kg","0.0013148924169 Kg","0.0965222 cm","0.121581 cm","0.00000296753 Kg","0.0000112139 Kg","95.2425 MJ","60.928 MJ","35388.5 m/s","0.0405968 m²/Kg","0.000000000426247 m²/J","35416.9 m/s","0.0436471 m²/Kg","0.000000000321401 m²/J","51.2784 °","240.304","2.23533","135.32 m/s","0.00733643 m²/Kg","0.000000000205278 m²/J","90306.5 m","47889.9 m","115.165 °","32.9913 °","8.3124 °","54.3819 Km","1.6629 s","44.9127 °","11.459 °","44.9174 °","11.8854 °","0.144264 AU","20.7147 km/s","1"
"16850","2021-12-14 04:02:53","11","Confirmed","Not Detected","Not detected","0.88998","23.3742 °","262.075 °","323.888 °","334.122 °","2021-12-11 14:49:24","1.33051 AU","4.33616","0.00308709 AU","0.00328008","0.394652 °","0.000125946 °","0.45133 °","0.893917 °","2748.42 s","0.030223 AU","0.993691 cm","0.957684 cm","0.00323794 Kg","0.00936181642258 Kg","0.0014871 cm","0.018106 cm","0.0000000000108525 Kg","0.000000000396401 Kg","33.0792 MJ","67.2517 MJ","35576.5 m/s","0.036869 m²/Kg","0.00000000111457 m²/J","35711.6 m/s","0.0535767 m²/Kg","0.000000000565449 m²/J","56.4774 °","204.24","6.5046","326.468 m/s","0.035533 m²/Kg","0.00000000122316 m²/J","93084.7 m","53638.9 m","114.857 °","33.1899 °","13.3159 °","47.3004 Km","1.3688 s","44.3843 °","12.2667 °","44.4059 °","12.5892 °","0.146382 AU","1.00313 km/s","1"
"16842","2021-12-14 03:20:48","7","Confirmed","Not Detected","Not detected","0.889693","23.6858 °","262.044 °","324.65 °","333.042 °","2021-12-11 14:00:25","1.29574 AU","4.43268","0.00202413 AU","0.00305721","0.451807 °","0.000103429 °","0.113004 °","0.749722 °","7781.01 s","0.0177734 AU","1.23311 cm","0.531833 cm","0.00618758 Kg","0.00800598946154 Kg","0.0421962 cm","0.0968258 cm","0.000000247933 Kg","0.00000170676 Kg","63.8104 MJ","51.8872 MJ","35592.3 m/s","0.0297105 m²/Kg","0.000000000465606 m²/J","35734 m/s","0.0381516 m²/Kg","0.000000000336825 m²/J","70.6411 °","145.432","3.37497","312.256 m/s","0.0128139 m²/Kg","0.000000000194385 m²/J","95231.6 m","45309.3 m","115.049 °","32.9265 °","8.23705 °","52.9083 Km","1.567 s","44.6465 °","1.85658 °","44.7265 °","2.0443 °","0.142929 AU","14.0033 km/s","1"
"16837","2021-12-14 02:43:01","6","Confirmed","Not Detected","Detected","0.888506","23.0169 °","262.017 °","324.658 °","332.701 °","2021-12-11 13:04:32","1.28694 AU","4.46293","0.0015063 AU","0.0017273","0.229908 °","0.0000539569 °","0.185419 °","0.399879 °","317.87 s","0.0106289 AU","0.511765 cm","0.0867163 cm","0.000442308 Kg","0.000224841615843 Kg","0.122051 cm","0.0896247 cm","0.00000599989 Kg","0.0000132175 Kg","149.026 MJ","93.5539 MJ","35448.1 m/s","0.0715883 m²/Kg","0.000000000480375 m²/J","35474.9 m/s","0.0755984 m²/Kg","0.000000000383859 m²/J","70.5171 °","350.689","1.43342","171.673 m/s","0.0121303 m²/Kg","0.000000000226454 m²/J","95595.3 m","49407 m","114.875 °","32.7387 °","6.13793 °","48.9937 Km","1.46962 s","45.2532 °","10.6374 °","45.3337 °","10.8089 °","0.143487 AU","21.8841 km/s","1"
"16831","2021-12-14 02:10:35","6","Confirmed","Not Detected","Not detected","0.891545","23.3858 °","261.994 °","323.975 °","334.431 °","2021-12-11 13:08:23","1.33876 AU","4.3081","0.00108222 AU","0.00134532","0.15633 °","0.0000371879 °","0.113766 °","0.30376 °","1191.87 s","0.00852814 AU","0.374541 cm","0.0609235 cm","0.000173385 Kg","0.0000846094266216 Kg","0.371007 cm","0.466619 cm","0.000168524 Kg","0.000635862 Kg","22981.5 MJ","3357000 MJ","35797.9 m/s","0.0978167 m²/Kg","0.00000000000425632 m²/J","35747.8 m/s","0.0876521 m²/Kg","0.000000000502755 m²/J","73.7554 °","470.522","0.00947948","136.279 m/s","0.015911 m²/Kg","0.000000000621182 m²/J","91756.9 m","55628.4 m","114.294 °","32.8709 °","3.3452 °","37.6305 Km","1.0735 s","45.1593 °","12.5974 °","45.2254 °","12.6912 °","0.145196 AU","30.0825 km/s","1"
"16828","2021-12-14 01:44:26","6","Confirmed","Not Detected","Not detected","0.887261","22.7564 °","261.975 °","324.37 °","332.751 °","2021-12-11 11:54:30","1.29027 AU","4.45606","0.00249235 AU","0.00296556","0.35481 °","0.0000748605 °","0.266903 °","0.636234 °","1876.11 s","0.0159714 AU","1.1826 cm","0.667257 cm","0.00545791 Kg","0.00923854222362 Kg","0.0167537 cm","0.0587472 cm","0.0000000155183 Kg","0.000000163246 Kg","50.2871 MJ","47.1843 MJ","35485.3 m/s","0.0309795 m²/Kg","0.000000000616053 m²/J","35571.4 m/s","0.0394094 m²/Kg","0.000000000323682 m²/J","76.5275 °","147.118","4.25685","295.505 m/s","0.0174796 m²/Kg","0.000000000351136 m²/J","91550.1 m","45443.8 m","114.144 °","32.6001 °","7.03669 °","47.4117 Km","1.445 s","45.4146 °","0.426992 °","45.5079 °","0.382872 °","0.145464 AU","1.00173 km/s","1"
"16822","2021-12-14 01:21:01","6","Confirmed","Not Detected","Detected","0.889406","22.1508 °","261.958 °","324.934 °","332.567 °","2021-12-11 11:36:53","1.28176 AU","4.47946","0.000973534 AU","0.00127974","0.131673 °","0.0000245476 °","0.0780918 °","0.258164 °","461.457 s","0.0063983 AU","1.45487 cm","0.241625 cm","0.0101622 Kg","0.0050632165219 Kg","0.285758 cm","0.172801 cm","0.0000770033 Kg","0.000139694 Kg","131.665 MJ","62.2191 MJ","35503.8 m/s","0.0251819 m²/Kg","0.000000000191257 m²/J","35538.3 m/s","0.026869 m²/Kg","0.000000000164044 m²/J","79.576 °","118.246","1.62753","130.233 m/s","0.00418221 m²/Kg","0.0000000000607297 m²/J","90263.1 m","39272.1 m","114.329 °","32.125 °","1.60036 °","51.8479 Km","1.71685 s","42.373 °","9.71813 °","42.4558 °","9.70195 °","0.141755 AU","15.3082 km/s","1"
"16820","2021-12-14 01:06:24","9","Confirmed","Not Detected","Not detected","0.889976","22.8353 °","261.948 °","324.592 °","333.192 °","2021-12-11 11:36:25","1.3003 AU","4.4215","0.000630082 AU","0.000738979","0.0919357 °","0.0000181164 °","0.0684798 °","0.155975 °","125.091 s","0.00410403 AU","0.768866 cm","0.0541583 cm","0.00149991 Kg","0.000316958025741 Kg","0.0382852 cm","0.0127584 cm","0.000000185185 Kg","0.000000185137 Kg","72.0989 MJ","9.85146 MJ","35668.9 m/s","0.0476498 m²/Kg","0.000000000660896 m²/J","35682.7 m/s","0.0486496 m²/Kg","0.000000000644499 m²/J","76.8192 °","226.011","2.99985","74.4394 m/s","0.00335641 m²/Kg","0.000000000046167 m²/J","90281.2 m","48212.6 m","114.124 °","32.4627 °","1.98378 °","43.2052 Km","1.3115 s","44.4809 °","8.28723 °","44.56 °","8.23456 °","0.143064 AU","16.657 km/s","1"
"16795","2021-12-13 20:52:20","7","Confirmed","Not Detected","Detected","0.890825","23.566 °","261.767 °","324.768 °","333.191 °","2021-12-11 07:34:27","1.29898 AU","4.42154","0.00103389 AU","0.000906632","0.093369 °","0.0000340549 °","0.124322 °","0.0739978 °","759.742 s","0.00135677 AU","0.644105 cm","0.0552832 cm","0.000881826 Kg","0.000227060308624 Kg","0.403398 cm","0.134425 cm","0.000216629 Kg","0.000216563 Kg","471.092 MJ","409.441 MJ","36009.9 m/s","0.0568795 m²/Kg","0.00000000012074 m²/J","35997.7 m/s","0.0557795 m²/Kg","0.000000000145843 m²/J","34.9877 °","458.111","0.467937","80.7225 m/s","0.00488194 m²/Kg","0.0000000000960067 m²/J","98019 m","49841.2 m","112.415 °","32.9646 °","0.646443 °","84.0507 Km","2.559 s","43.9153 °","6.2844 °","43.7635 °","5.46419 °","0.141817 AU","23.2941 km/s","1"
"16793","2021-12-13 20:41:16","6","Confirmed","Not Detected","Not detected","0.663144","36.5501 °","261.763 °","183.873 °","358.669 °","2021-12-10 02:24:50","2.91977 AU","2.68283","0.000214269 AU","0.00624068","0.22218 °","0.000221204 °","0.464304 °","0.114208 °","3784.81 s","0.0546262 AU","8782.3 cm","317680000 cm","2235320000 Kg","242572432785000 Kg","0.0000102998 cm","5.91837 cm","3.60578e-18 Kg","0.00000000000621576 Kg","5.38296 MJ","158570 MJ","25517.5 m/s","0.00000417161 m²/Kg","0.000000000000774966 m²/J","25655.8 m/s","0.113873 m²/Kg","0.000000011668 m²/J","32.0097 °","0.0363454","20.5639","220.828 m/s","0.150899 m²/Kg","0.0000000139539 m²/J","93576.6 m","79193.3 m","281.314 °","71.3141 °","9.82802 °","27.1172 Km","1.5012 s","44.6029 °","13.9814 °","44.4086 °","14.0686 °","0.983542 AU","25.5175 km/s","1"
"16788","2021-12-13 17:06:07","6","Confirmed","Not Detected","Not detected","0.505486","5.26374 °","81.6686 °","8.32372 °","353.462 °","2021-12-01 22:35:31","1.98364 AU","3.68394","0.0000321276 AU","0.00118262","0.10405 °","0.000952819 °","0.0325364 °","0.0449474 °","7392.29 s","0.00468431 AU","9.12637 cm","1.52165 cm","2.50847 Kg","1.25471515853 Kg","2.79703 cm","1.75292 cm","0.0722114 Kg","0.135767 Kg","26.211 MJ","16.2893 MJ","13503.2 m/s","0.00401434 m²/Kg","0.000000000153155 m²/J","13510.8 m/s","0.00412433 m²/Kg","0.00000000013451 m²/J","32.3481 °","34.6483","1.18261","76.5597 m/s","0.000669313 m²/Kg","0.0000000000795309 m²/J","77108.2 m","28685.3 m","10.3859 °","-6.37897 °","3.52241 °","90.6267 Km","7.356 s","44.8582 °","2.5086 °","45.4174 °","1.953 °","0.980939 AU","5.15397 km/s","1"
"16778","2021-12-13 05:06:22","6","Confirmed","Not Detected","Detected","0.886563","22.9622 °","261.103 °","324.542 °","332.327 °","2021-12-10 15:09:38","1.27835 AU","4.51291","0.00150013 AU","0.00213476","0.255198 °","0.0000964412 °","0.14973 °","0.509171 °","2077.09 s","0.0135164 AU","0.93881 cm","0.691557 cm","0.00273053 Kg","0.00603419102369 Kg","0.000000889078 cm","0.0000159301 cm","2.31917e-21 Kg","1.24661e-19 Kg","15.1646 MJ","20.3647 MJ","35174.5 m/s","0.0390242 m²/Kg","0.00000000257338 m²/J","35230.1 m/s","0.0511928 m²/Kg","0.00000000123927 m²/J","47.5187 °","244.369","13.8699","208.614 m/s","0.0287465 m²/Kg","0.00000000210699 m²/J","91100.1 m","64078.9 m","114.388 °","33.3312 °","6.3135 °","36.6255 Km","3.719 s","43.4682 °","9.44499 °","43.4496 °","9.74575 °","0.145012 AU","1.02407 km/s","1"
"16772","2021-12-13 04:01:09","8","Confirmed","Not Detected","Not detected","0.88473","23.6494 °","261.057 °","323.931 °","332.666 °","2021-12-10 14:06:07","1.29105 AU","4.45569","0.00108489 AU","0.0016831","0.235639 °","0.0000641656 °","0.0901413 °","0.410871 °","47.8268 s","0.0105423 AU","1.82945 cm","0.574134 cm","0.0202057 Kg","0.0190233876858 Kg","0.0309391 cm","0.0866137 cm","0.0000000977318 Kg","0.000000820798 Kg","51.6912 MJ","39.5216 MJ","35220.9 m/s","0.0200259 m²/Kg","0.000000000387415 m²/J","35283.8 m/s","0.0239451 m²/Kg","0.000000000258264 m²/J","58.2752 °","108.73","4.07975","168.214 m/s","0.00628472 m²/Kg","0.000000000184527 m²/J","86700 m","46086 m","114.097 °","33.5238 °","5.23964 °","47.7448 Km","3.978 s","40.6918 °","11.0026 °","40.6935 °","11.2965 °","0.14882 AU","20.1915 km/s","1"
"16769","2021-12-13 03:31:42","7","Confirmed","Not Detected","Not detected","0.884731","24.3183 °","261.036 °","324.861 °","331.39 °","2021-12-10 13:33:59","1.25317 AU","4.5687","0.000946307 AU","0.00131051","0.201827 °","0.0000498611 °","0.113747 °","0.371758 °","3075.46 s","0.00856372 AU","1.10493 cm","0.258383 cm","0.0044516 Kg","0.00312296249234 Kg","0.0444565 cm","0.087936 cm","0.000000289948 Kg","0.00000172057 Kg","65.6078 MJ","45.0953 MJ","35213.6 m/s","0.0331572 m²/Kg","0.000000000505386 m²/J","35244.1 m/s","0.0369562 m²/Kg","0.000000000358659 m²/J","62.7694 °","172.213","3.21302","134.041 m/s","0.00775369 m²/Kg","0.000000000240471 m²/J","90738.1 m","49466.7 m","114.668 °","33.558 °","4.76587 °","46.4033 Km","1.387 s","43.7952 °","12.4474 °","43.8317 °","12.7033 °","0.144451 AU","26.1161 km/s","1"
"16766","2021-12-13 02:37:06","7","Confirmed","Not Detected","Not detected","0.886222","23.1739 °","260.997 °","324.79 °","331.893 °","2021-12-10 12:38:15","1.26594 AU","4.55193","0.00212884 AU","0.00207474","0.273596 °","0.0000632561 °","0.317995 °","0.556058 °","253.347 s","0.0119932 AU","0.678775 cm","0.200518 cm","0.00103203 Kg","0.000914617460329 Kg","0.0170144 cm","0.0373673 cm","0.000000016254 Kg","0.000000107092 Kg","57.3865 MJ","38.9866 MJ","35275.4 m/s","0.0539742 m²/Kg","0.000000000940539 m²/J","35370.3 m/s","0.0644015 m²/Kg","0.00000000068268 m²/J","71.7662 °","262.442","3.68623","207.058 m/s","0.0159446 m²/Kg","0.000000000383275 m²/J","85328.2 m","51338.1 m","113.979 °","32.9585 °","9.20271 °","35.7884 Km","3.56456 s","43.2148 °","12.1767 °","43.2617 °","12.2971 °","0.144036 AU","16.833 km/s","1"
"16760","2021-12-12 23:16:43","16","Confirmed","Not Detected","Not detected","0.627712","74.0926 °","260.856 °","179.12 °","359.681 °","2021-12-10 21:26:14","2.64444 AU","2.2585","0.0000320368 AU","0.00641855","0.111686 °","0.000100451 °","0.311388 °","7.30907 °","2485.89 s","0.0495398 AU","1.49542 cm","0.702037 cm","0.0110358 Kg","0.0155425610678 Kg","0.0000000501684 cm","0.000000812478 cm","4.16682e-25 Kg","2.02445e-23 Kg","18.5905 MJ","18.0357 MJ","43382.6 m/s","0.024499 m²/Kg","0.00000000131782 m²/J","43433.3 m/s","0.0317109 m²/Kg","0.000000000759943 m²/J","20.2915 °","326.247","17.2103","129.999 m/s","0.0115012 m²/Kg","0.000000000742292 m²/J","91398.6 m","65386.9 m","209.885 °","57.3603 °","1.59349 °","75.0116 Km","4.0613 s","44.6109 °","10.6753 °","44.0526 °","10.2822 °","0.984496 AU","1.00128 km/s","1"
"16757","2021-12-12 20:30:21","9","Confirmed","Not Detected","Detected","0.891835","22.8368 °","260.735 °","323.935 °","334.555 °","2021-12-10 07:23:57","1.34292 AU","4.29633","0.00110065 AU","0.00089766","0.125889 °","0.0000400534 °","0.141982 °","0.104771 °","297.603 s","0.00277366 AU","0.744182 cm","0.119275 cm","0.00136004 Kg","0.00065394933351 Kg","0.0359836 cm","0.0596565 cm","0.000000153755 Kg","0.000000764722 Kg","73.1018 MJ","43.7031 MJ","36091.5 m/s","0.0492304 m²/Kg","0.00000000067345 m²/J","36110.4 m/s","0.0525842 m²/Kg","0.000000000503802 m²/J","33.7517 °","409.212","3.02922","78.5133 m/s","0.0078905 m²/Kg","0.000000000307018 m²/J","94809.2 m","55963.3 m","110.473 °","33.0759 °","2.69114 °","69.9156 Km","2.026 s","45.4357 °","8.35781 °","45.3032 °","7.64891 °","0.145257 AU","27.5601 km/s","1"
"16756","2021-12-12 20:21:14","10","Confirmed","Not Detected","Not detected","0.893684","24.027 °","260.729 °","325.425 °","333.091 °","2021-12-10 07:23:33","1.29192 AU","4.43105","0.00236745 AU","0.00196191","0.217761 °","0.000081833 °","0.308913 °","0.220044 °","1687.49 s","0.00461544 AU","0.497043 cm","0.216298 cm","0.000405225 Kg","0.000529025841404 Kg","0.000891678 cm","0.00457156 cm","0.00000000000233958 Kg","0.0000000000359845 Kg","35.1792 MJ","30.6155 MJ","36173.6 m/s","0.0737086 m²/Kg","0.00000000209523 m²/J","36213.7 m/s","0.0863151 m²/Kg","0.00000000113948 m²/J","33.5877 °","615.317","6.32333","172.98 m/s","0.0320758 m²/Kg","0.00000000122533 m²/J","93312.9 m","61257.3 m","111.595 °","33.1057 °","3.88621 °","57.927 Km","1.641 s","44.9219 °","11.6449 °","44.8091 °","11.0629 °","0.137353 AU","1.0006 km/s","1"
"16753","2021-12-12 17:45:23","9","Confirmed","Not Detected","Not detected","0.537794","0.903871 °","80.6809 °","57.182 °","340.738 °","2021-12-05 18:29:56","1.78838 AU","3.93329","0.000689989 AU","0.000556278","0.0330452 °","0.00182874 °","0.131462 °","0.0514062 °","1532.02 s","0.00482286 AU","7.8138 cm","0.158745 cm","1.57435 Kg","0.0959530367527 Kg","3.76766 cm","0.0775383 cm","0.176494 Kg","0.0108967 Kg","66.5749 MJ","3.69206 MJ","16901.5 m/s","0.00468867 m²/Kg","0.0000000000704271 m²/J","16902.8 m/s","0.00469498 m²/Kg","0.0000000000702332 m²/J","38.8054 °","34.5524","0.729437","41.0541 m/s","0.0000952547 m²/Kg","0.00000000000262486 m²/J","83869.6 m","24403.7 m","54.9019 °","22.5653 °","2.31438 °","95.1834 Km","7.0782 s","41.839 °","10.0174 °","41.8755 °","9.13117 °","0.826602 AU","3.00124 km/s","1"
"16746","2021-12-12 01:31:59","6","Confirmed","Not Detected","Not detected","0.753895","3.82959 °","79.9632 °","82.8042 °","348.154 °","2021-12-08 00:22:52","2.49586 AU","2.99266","0.000506975 AU","0.00256822","0.0538714 °","0.000403686 °","0.0740096 °","0.201327 °","1960.57 s","0.0247286 AU","1.00649 cm","0.105109 cm","0.00336468 Kg","0.00105412737588 Kg","0.266908 cm","0.106976 cm","0.0000627475 Kg","0.000075447 Kg","73.2719 MJ","28.0454 MJ","23918.4 m/s","0.0364001 m²/Kg","0.000000000496781 m²/J","23941.3 m/s","0.0376086 m²/Kg","0.000000000445827 m²/J","51.3156 °","215.351","1.32732","94.1579 m/s","0.00380129 m²/Kg","0.000000000140916 m²/J","81225.6 m","44191.1 m","78.8625 °","19.1714 °","2.86509 °","47.4368 Km","2.20513 s","44.2361 °","10.4127 °","44.3639 °","10.7346 °","0.614243 AU","13.0722 km/s","1"
"16738","2021-12-10 22:08:52","6","Confirmed","Not Detected","Not detected","0.890079","23.7306 °","258.773 °","325.896 °","331.392 °","2021-12-08 08:30:34","1.24675 AU","4.58169","0.00201402 AU","0.00185914","0.2368 °","0.0000662283 °","0.249276 °","0.271948 °","2179.46 s","0.0056762 AU","0.564469 cm","0.130611 cm","0.000593519 Kg","0.000411999443871 Kg","0.0403983 cm","0.0610712 cm","0.000000217572 Kg","0.00000098673 Kg","82.4477 MJ","54.5704 MJ","35762.5 m/s","0.0649041 m²/Kg","0.000000000787215 m²/J","35815.2 m/s","0.0724825 m²/Kg","0.000000000580382 m²/J","44.1934 °","429.992","2.6371","167.068 m/s","0.015018 m²/Kg","0.00000000035246 m²/J","89996.8 m","53869.4 m","110.202 °","33.2387 °","5.1035 °","51.8727 Km","1.53 s","48.9092 °","-0.213557 °","48.8933 °","-0.715037 °","0.137044 AU","24.3266 km/s","1"
"16690","2021-12-01 03:21:11","8","Confirmed","Not Detected","Detected","0.985474","130.803 °","68.8442 °","114.48 °","359.591 °","2021-11-29 16:26:40","20.2288 AU","-0.173808","0.00738709 AU","0.00995596","0.710487 °","0.000146403 °","1.35312 °","49.2697 °","3680.35 s","19.8417 AU","0.26238 cm","0.217344 cm","0.0000596085 Kg","0.000148130771713 Kg","0.0000939557 cm","0.000806574 cm","0.00000000000000273706 Kg","0.0000000000000704897 Kg","78.7691 MJ","92.6366 MJ","60634.4 m/s","0.139631 m²/Kg","0.00000000177266 m²/J","60739.5 m/s","0.182486 m²/Kg","0.00000000124372 m²/J","48.9042 °","855.67","7.93473","469.925 m/s","0.115664 m²/Kg","0.00000000114071 m²/J","102978 m","69194.9 m","120.3 °","3.58189 °","14.9488 °","44.8171 Km","0.7569 s","43.7339 °","8.79246 °","43.9883 °","8.87619 °","0.293844 AU","55.8637 km/s","1"
"16689","2021-12-01 01:54:11","18","Confirmed","Not Detected","Not detected","0.988563","131.131 °","68.7825 °","116.983 °","359.686 °","2021-11-29 14:51:35","23.9107 AU","-0.243171","0.00303892 AU","0.0034043","0.254335 °","0.0000602959 °","0.555555 °","12.6958 °","2593.71 s","13.0917 AU","0.239856 cm","0.0755121 cm","0.0000455374 Kg","0.0000430085207999 Kg","0.230178 cm","0.910016 cm","0.0000402446 Kg","0.000477324 Kg","15155.8 MJ","1508670 MJ","60595.5 m/s","0.152743 m²/Kg","0.0000000000100782 m²/J","60576.2 m/s","0.132098 m²/Kg","0.00000000088152 m²/J","47.9262 °","950.309","0.0411861","189.773 m/s","0.0480869 m²/Kg","0.00000000100165 m²/J","106315 m","65909.6 m","119.52 °","4.368 °","4.08965 °","54.4517 Km","0.9143 s","44.9038 °","9.10846 °","45.2118 °","8.96639 °","0.273464 AU","55.6084 km/s","1"
"16687","2021-11-30 21:54:38","7","Confirmed","Detected","Detected","0.984006","168.977 °","248.622 °","259.46 °","359.827 °","2021-11-29 15:11:43","36.6772 AU","-0.828973","0.0115558 AU","0.0117645","0.27105 °","0.000197472 °","1.64587 °","0.198676 °","4062.37 s","104.086 AU","0.172057 cm","0.244926 cm","0.0000168086 Kg","0.0000717816967002 Kg","0.0826568 cm","3.62269 cm","0.00000186359 Kg","0.000245032 Kg","1106.15 MJ","65797.3 MJ","69067.5 m/s","0.212932 m²/Kg","0.000000000192497 m²/J","69231.6 m/s","0.378119 m²/Kg","0.00000000479814 m²/J","11.4291 °","4962.56","0.733129","368.11 m/s","0.303111 m²/Kg","0.0000000114908 m²/J","108588 m","88644.5 m","139.226 °","21.5174 °","6.31395 °","100.576 Km","1.4376 s","45.6307 °","5.99057 °","45.3461 °","4.81648 °","0.586621 AU","68.173 km/s","1"
"16679","2021-11-29 22:36:33","9","Confirmed","Detected","Detected","0.664435","0.700815 °","67.7655 °","49.9451 °","350.053 °","2021-11-23 15:38:12","2.51916 AU","3.15229","0.000275666 AU","0.00209821","0.0395325 °","0.00888039 °","0.036171 °","0.100103 °","718.838 s","0.0242161 AU","6.09483 cm","0.351499 cm","0.747136 Kg","0.129265519385 Kg","3.24201 cm","0.213296 cm","0.112449 Kg","0.0221945 Kg","83.3609 MJ","16.3069 MJ","17593.7 m/s","0.00601105 m²/Kg","0.0000000000721088 m²/J","17599.2 m/s","0.00606326 m²/Kg","0.0000000000703901 m²/J","60.5997 °","31.864","0.631249","64.0295 m/s","0.000346667 m²/Kg","0.0000000000100906 m²/J","86725.7 m","23316.9 m","43.8632 °","17.8209 °","3.71469 °","72.8054 Km","5.1752 s","45.6863 °","7.09656 °","45.982 °","7.26824 °","0.845341 AU","3.04238 km/s","1"
"16643","2021-11-23 01:36:56","11","Confirmed","Detected","Detected","0.988873","147.816 °","60.6733 °","359.95 °","359.999 °","2021-11-21 19:39:13","88.7535 AU","-0.978504","0.0000058152 AU","0.0250399","0.0492452 °","0.000182014 °","35.2271 °","0.00538945 °","663.435 s","165.697 AU","0.0970083 cm","0.111302 cm","0.0000030126 Kg","0.000010369466569 Kg","0.0000000000000615148 cm","0.000000000002493 cm","7.67912e-43 Kg","9.33937e-41 Kg","30.3382 MJ","45.1092 MJ","70797.8 m/s","0.377662 m²/Kg","0.0000000124484 m²/J","70884.2 m/s","0.581632 m²/Kg","0.00000000715316 m²/J","15.0741 °","6706.41","28.0865","300.252 m/s","0.433309 m²/Kg","0.00000000671186 m²/J","126174 m","89480.6 m","146.225 °","-6.08031 °","2.66226 °","137.36 Km","2.7453 s","48.504 °","2.86728 °","49.0729 °","1.31904 °","0.98756 AU","68.2402 km/s","1"
"16619","2021-11-19 20:41:16","15","Confirmed","Not Detected","Not detected","0.843822","1.79771 °","237.407 °","284.654 °","349.914 °","2021-11-16 16:57:42","2.70063 AU","2.6921","0.00215543 AU","0.00206705","0.190917 °","0.00450453 °","0.272825 °","0.212146 °","270.133 s","0.0405303 AU","2.4113 cm","0.351899 cm","0.0462664 Kg","0.020256026237 Kg","0.568298 cm","0.412261 cm","0.000605677 Kg","0.00131813 Kg","104.647 MJ","62.5776 MJ","29827.4 m/s","0.0151936 m²/Kg","0.000000000145189 m²/J","29848.4 m/s","0.0160108 m²/Kg","0.000000000114318 m²/J","50.684 °","90.6949","1.44527","113.814 m/s","0.00221733 m²/Kg","0.0000000000674954 m²/J","86135.3 m","37020.6 m","61.9328 °","23.6938 °","9.47758 °","63.5466 Km","2.3253 s","44.7061 °","11.9075 °","44.8189 °","11.4285 °","0.421781 AU","13.6171 km/s","1"
"16618","2021-11-19 20:07:38","8","Confirmed","Not Detected","Not detected","0.487461","31.2992 °","237.417 °","173.457 °","0.2895 °","2021-11-15 06:54:27","1.92392 AU","3.61168","0.000112913 AU","0.00195028","0.0793923 °","0.000101654 °","0.16718 °","9.87365 °","1123.29 s","0.00713019 AU","3.48378 cm","0.246853 cm","0.139529 Kg","0.0296602611956 Kg","0.476141 cm","0.0907833 cm","0.000356221 Kg","0.000203757 Kg","41.0621 MJ","5.57248 MJ","21925 m/s","0.0105163 m²/Kg","0.000000000256106 m²/J","21938.5 m/s","0.0106916 m²/Kg","0.000000000251363 m²/J","38.1123 °","78.6874","1.99016","84.8582 m/s","0.00074516 m²/Kg","0.0000000000174542 m²/J","80333.4 m","36727.3 m","276.949 °","63.3908 °","2.69209 °","70.6501 Km","3.6391 s","46.3936 °","10.9866 °","45.9853 °","11.391 °","0.986084 AU","8.62778 km/s","1"
"16582","2021-11-10 20:34:24","7","Confirmed","Not Detected","Not detected","0.583339","1.35381 °","48.3832 °","65.0717 °","341.167 °","2021-11-04 18:30:52","1.86994 AU","3.76285","0.000985681 AU","0.00181534","0.0741671 °","0.000357899 °","0.104735 °","0.105973 °","3121.86 s","0.00755123 AU","2.56937 cm","0.31775 cm","0.055975 Kg","0.0207670417303 Kg","1.26263 cm","0.597673 cm","0.00664265 Kg","0.00943301 Kg","79.1573 MJ","65.3155 MJ","18188.3 m/s","0.0142589 m²/Kg","0.000000000180134 m²/J","18174.2 m/s","0.0139157 m²/Kg","0.0000000002018 m²/J","47.0944 °","89.9011","0.710465","93.8079 m/s","0.00176337 m²/Kg","0.000000000128845 m²/J","72744.7 m","37700.2 m","31.6913 °","14.4657 °","3.42909 °","47.8266 Km","2.845 s","47.7845 °","0.599686 °","47.9701 °","0.268094 °","0.779132 AU","11.7397 km/s","1"
"16534","2021-11-03 21:34:39","6","Confirmed","Detected","Detected","0.860154","8.04269 °","41.3897 °","118.78 °","347.022 °","2021-11-01 00:26:47","2.23394 AU","2.99086","0.00459522 AU","0.00472","0.516295 °","0.000368342 °","0.436166 °","0.493295 °","1802.02 s","0.0503808 AU","5.35649 cm","9.86625 cm","0.507172 Kg","2.80251581042 Kg","0.0000286411 cm","0.000926678 cm","7.7532e-17 Kg","0.00000000000000752561 Kg","14.6213 MJ","41.1745 MJ","32311.6 m/s","0.00683962 m²/Kg","0.000000000467786 m²/J","32455.9 m/s","0.014345 m²/Kg","0.000000000242902 m²/J","36.7143 °","52.836","12.139","369.444 m/s","0.0125981 m²/Kg","0.000000000647381 m²/J","89891.4 m","48717.5 m","54.0594 °","14.5931 °","10.7017 °","68.8727 Km","2.17 s","50.837 °","-1.16138 °","51.0421 °","-1.86737 °","0.312407 AU","1.00093 km/s","1"
"16516","2021-10-29 21:01:55","9","Confirmed","Detected","Detected","0.611655","50.1129 °","216.361 °","174.579 °","0.328139 °","2021-10-26 22:52:19","2.55319 AU","2.74641","0.000101581 AU","0.00395242","0.114058 °","0.0000834422 °","0.153777 °","0.0265851 °","1097.72 s","0.0273244 AU","2.21338 cm","0.258247 cm","0.0357833 Kg","0.0125250914193 Kg","0.563591 cm","0.228963 cm","0.000590752 Kg","0.000719992 Kg","124.203 MJ","47.7716 MJ","31613.7 m/s","0.0165522 m²/Kg","0.000000000133268 m²/J","31641.6 m/s","0.0172104 m²/Kg","0.000000000119091 m²/J","35.3737 °","132.045","1.36795","119.004 m/s","0.00193124 m²/Kg","0.0000000000363011 m²/J","83394.7 m","40300.4 m","243.718 °","72.8344 °","1.56673 °","74.4877 Km","2.597 s","45.3937 °","7.76249 °","44.8807 °","8.00733 °","0.991517 AU","16.092 km/s","1"
"16508","2021-10-28 17:18:30","7","Confirmed","Not Detected","Not detected","0.496512","6.02987 °","215.27 °","183.379 °","354.836 °","2021-10-17 01:10:21","1.97203 AU","3.70124","0.00000979488 AU","0.00175318","0.00624636 °","0.000477184 °","0.028704 °","0.0374011 °","1880.53 s","0.00686058 AU","5.27787 cm","0.420233 cm","0.485165 Kg","0.115889131885 Kg","1.62468 cm","0.436843 cm","0.014152 Kg","0.0114155 Kg","25.739 MJ","7.64392 MJ","13356.2 m/s","0.00694151 m²/Kg","0.000000000269689 m²/J","13364.8 m/s","0.00710039 m²/Kg","0.000000000251445 m²/J","65.0692 °","35.3514","1.17821","40.4179 m/s","0.000552695 m²/Kg","0.0000000000596493 m²/J","69864.3 m","30110 m","305.034 °","18.9269 °","2.15282 °","43.8389 Km","3.721 s","43.6455 °","12.0785 °","43.8088 °","12.1117 °","0.992892 AU","6.09054 km/s","1"
"16498","2021-10-27 22:26:41","7","Confirmed","Not Detected","Detected","0.502873","103.581 °","214.423 °","105.712 °","25.0702 °","2021-10-26 05:11:40","1.51118 AU","-0.67274","0.336918 AU","2.05513","37.812 °","0.0433587 °","57.7909 °","189.472 °","556368 s","49.728 AU","11059500000 cm","2.33164e22 cm","4.46397e27 Kg","2.82337260239e40 Kg","0","","0","","0.00000000204574 MJ","4312.96 MJ","51896 m/s","0.00000000000331266 m²/Kg","0.0000000016193 m²/J","32080 m/s","5.65242 m²/Kg","0.000000134828 m²/J","12.3094 °","0.00000007176","223804000000","42879.4 m/s","6.98396 m²/Kg","0.000000251588 m²/J","99444.9 m","80388.6 m","343.954 °","-48.758 °","11.5148 °","89.5681 Km","1.671 s","48.7982 °","8.56606 °","48.0901 °","8.08866 °","0.751246 AU","51.896 km/s","1"
"16476","2021-10-25 04:43:38","6","Confirmed","Not Detected","Not detected","0.893088","4.19624 °","31.7059 °","124.273 °","349.159 °","2021-10-22 11:53:15","2.44154 AU","2.7457","0.00210137 AU","0.00295736","0.177479 °","0.000695736 °","0.366883 °","0.502199 °","1814.91 s","0.0713834 AU","0.298932 cm","0.372845 cm","0.0000881522 Kg","0.000329844457989 Kg","2.66783e-17 cm","0.00000000000000178202 cm","0","0","5.22473 MJ","9.64112 MJ","33701.2 m/s","0.122557 m²/Kg","0.0000000234572 m²/J","33745 m/s","0.190144 m²/Kg","0.0000000106905 m²/J","34.9943 °","986.92","36.9551","190.297 m/s","0.15286 m²/Kg","0.0000000208229 m²/J","96467.2 m","78243.2 m","47.8425 °","15.7849 °","8.63307 °","31.7694 Km","0.9453 s","43.3259 °","-0.222657 °","43.3726 °","0.0874404 °","0.26103 AU","2.38105 km/s","1"
"16475","2021-10-25 04:11:07","6","Confirmed","Detected","Detected","0.625274","46.4877 °","211.672 °","172.71 °","0.602261 °","2021-10-22 01:34:38","2.64546 AU","2.73301","0.000324139 AU","0.0134154","0.0906401 °","0.000160604 °","0.373324 °","0.0705071 °","3067.75 s","0.0944169 AU","2.13047 cm","1.51828 cm","0.0319109 Kg","0.068224003408 Kg","0.000717593 cm","0.00821442 cm","0.00000000000121941 Kg","0.0000000000418763 Kg","19.2861 MJ","29.4644 MJ","30118.5 m/s","0.0171964 m²/Kg","0.000000000891646 m²/J","30203.2 m/s","0.0235566 m²/Kg","0.000000000490219 m²/J","29.6645 °","160.463","7.99595","185.1 m/s","0.012255 m²/Kg","0.000000000758565 m²/J","88846.1 m","56908.8 m","241.702 °","70.8557 °","10.2248 °","64.4498 Km","2.52545 s","45.6027 °","5.42438 °","45.1198 °","5.25161 °","0.991324 AU","1.06719 km/s","1"
"16461","2021-10-23 20:18:29","6","Confirmed","Detected","Detected","1.00777","98.9087 °","210.346 °","263.727 °","-0.0656906 °","2021-10-22 06:00:00","-70.8056 AU","-0.299845","0.00977588 AU","0.0316963","1.30708 °","0.000374454 °","1.90184 °","21.5845 °","1084.38 s","41.838 AU","0.0915862 cm","0.432777 cm","0.00000253516 Kg","0.0000359384589315 Kg","0.00000000000879261 cm","0.00000000107733 cm","2.2432e-36 Kg","8.24554e-34 Kg","22.8397 MJ","126.797 MJ","55668.9 m/s","0.40002 m²/Kg","0.0000000175143 m²/J","56313.1 m/s","1.33077 m²/Kg","0.000000016937 m²/J","37.5319 °","3032.45","23.0666","1058.99 m/s","1.89023 m²/Kg","0.0000000162834 m²/J","107443 m","82220.1 m","76.0114 °","57.9184 °","8.38457 °","41.4354 Km","0.7648 s","46.41 °","8.87597 °","46.1934 °","8.59473 °","0.550027 AU","1.23371 km/s","1"
"16434","2021-10-20 03:00:00","12","Confirmed","Not Detected","Not detected","0.857324","153.698 °","206.649 °","134.491 °","1.90757 °","2021-10-18 20:09:44","6.01549 AU","-0.128533","0.00271994 AU","0.0318925","0.226651 °","0.000103376 °","0.90119 °","0.696397 °","2721.85 s","1.1884 AU","0.0979439 cm","0.0987675 cm","0.0000031006 Kg","0.00000938002397438 Kg","0.000000036716 cm","0.000000800439 cm","1.63335e-25 Kg","1.06825e-23 Kg","54.2387 MJ","83.0595 MJ","68708.9 m/s","0.374055 m²/Kg","0.00000000689645 m²/J","68835.5 m/s","0.558096 m²/Kg","0.0000000031723 m²/J","47.827 °","2330.87","14.7967","467.744 m/s","0.3772 m²/Kg","0.00000000674359 m²/J","101267 m","78512.3 m","136.629 °","31.5728 °","6.66912 °","30.7236 Km","4.50571 s","42.4683 °","11.3485 °","42.46 °","11.1012 °","0.858267 AU","1.0574 km/s","1"
"16433","2021-10-19 22:41:12","12","Confirmed","Detected","Detected","1.03259","144.965 °","206.468 °","158.31 °","0.0839588 °","2021-10-18 16:27:41","-29.4612 AU","-0.570145","0.0323059 AU","0.575005","4.00436 °","0.00538859 °","6.90119 °","2.23155 °","79109.7 s","13.0803 AU","0.00721167 cm","0.0533406 cm","0.00000000123772 Kg","0.0000000274640328228 Kg","0.0020545 cm","0.0149439 cm","0.0000000000286174 Kg","0.000000000624466 Kg","665.261 MJ","3844.11 MJ","70098.6 m/s","5.08015 m²/Kg","0.00000000763633 m²/J","74943.2 m/s","32.1279 m²/Kg","0.0000000417009 m²/J","12.7991 °","105903","1.25567","7379.83 m/s","37.575 m²/Kg","0.0000000502429 m²/J","116507 m","99155.8 m","131.886 °","39.1675 °","13.1663 °","78.1627 Km","1.1353 s","45.961 °","8.58765 °","45.4938 °","7.89335 °","0.960048 AU","66.6435 km/s","1"
"16432","2021-10-19 21:51:30","9","Confirmed","Not Detected","Detected","0.982968","163.862 °","26.435 °","78.7978 °","359.813 °","2021-10-18 14:45:23","35.1187 AU","-0.769131","0.0139189 AU","0.0148055","0.351779 °","0.000391843 °","1.99902 °","0.254472 °","1823.07 s","30.9056 AU","0.0444831 cm","0.0755868 cm","0.000000290469 Kg","0.00000148071702139 Kg","1.47059e-17 cm","0.00000000000000170871 cm","0","0","22.2126 MJ","73.6297 MJ","68246.2 m/s","0.823601 m²/Kg","0.0000000370781 m²/J","68368.8 m/s","1.32404 m²/Kg","0.0000000176851 m²/J","10.2681 °","21337.8","35.6456","419.155 m/s","1.39948 m²/Kg","0.0000000642541 m²/J","115102 m","96684.4 m","93.162 °","16.0477 °","7.38595 °","102.15 Km","1.8435 s","50.3798 °","4.65984 °","50.1852 °","3.30675 °","0.598132 AU","3.87311 km/s","1"
"16430","2021-10-19 20:12:34","8","Confirmed","Not Detected","Not detected","0.619722","1.65382 °","206.407 °","249.087 °","342.426 °","2021-10-14 06:17:23","1.97392 AU","3.60217","0.000868658 AU","0.00139747","0.043085 °","0.00087217 °","0.126371 °","0.109606 °","1594.43 s","0.0063326 AU","2.93787 cm","0.374653 cm","0.0836778 Kg","0.0320131699248 Kg","0.678349 cm","0.332682 cm","0.00103009 Kg","0.00151555 Kg","42.9659 MJ","17.9682 MJ","19247.4 m/s","0.0124704 m²/Kg","0.00000000029024 m²/J","19262 m/s","0.013038 m²/Kg","0.000000000253315 m²/J","44.6519 °","81.945","1.46578","59.4765 m/s","0.00159029 m²/Kg","0.0000000000880521 m²/J","79569.6 m","36216.1 m","10.419 °","13.077 °","3.34987 °","61.6714 Km","3.571 s","47.1668 °","3.39217 °","47.4004 °","2.93139 °","0.750641 AU","8.31837 km/s","1"
"16418","2021-10-18 02:52:27","6","Confirmed","Not Detected","Detected","0.983279","71.7582 °","204.657 °","85.1975 °","0.251839 °","2021-10-16 05:47:09","27.5708 AU","0.45116","0.00190564 AU","0.0066517","0.0846205 °","0.000122509 °","0.35663 °","0.152772 °","1692.7 s","35.107 AU","0.103197 cm","0.0343693 cm","0.00000362675 Kg","0.00000362360866347 Kg","0.0968542 cm","0.799235 cm","0.00000299826 Kg","0.0000742244 Kg","6123.36 MJ","815964 MJ","47800.6 m/s","0.355013 m²/Kg","0.0000000000579768 m²/J","47765.3 m/s","0.294953 m²/Kg","0.00000000654035 m²/J","15.4977 °","6135.95","0.0634346","137.771 m/s","0.118235 m²/Kg","0.00000000771379 m²/J","105416 m","84328.1 m","186.826 °","36.8418 °","4.97292 °","78.826 Km","1.6699 s","44.02 °","12.8426 °","43.6202 °","12.0939 °","0.461025 AU","46.2054 km/s","1"
"16409","2021-10-17 02:41:54","6","Confirmed","Not Detected","Not detected","0.978193","130.821 °","203.658 °","160.101 °","0.0420566 °","2021-10-15 18:50:12","44.3539 AU","-0.675536","0.00237153 AU","0.0319247","0.240366 °","0.000102441 °","0.836543 °","0.0941569 °","5499.6 s","62.6977 AU","6395.32 cm","651948000 cm","863180000 Kg","263981343252000 Kg","0","","0","","0.0288638 MJ","2941.83 MJ","66516.4 m/s","0.00000572862 m²/Kg","0.00000000019847 m²/J","66770 m/s","0.46536 m²/Kg","0.00000000538301 m²/J","45.742 °","0.0369391","26058.7","416.219 m/s","0.583983 m²/Kg","0.0000000062071 m²/J","110744 m","81616.9 m","132.25 °","47.4364 °","13.0512 °","40.6605 Km","0.6223 s","45.1216 °","0.594836 °","45.005 °","0.280408 °","0.967236 AU","66.5164 km/s","1"
"16356","2021-10-09 23:05:25","8","Confirmed","Not Detected","Not detected","0.784418","150.159 °","16.5778 °","25.1427 °","357.924 °","2021-10-08 15:53:34","4.43984 AU","0.177897","0.00410902 AU","0.0235625","0.119251 °","0.000259486 °","1.46455 °","0.469631 °","328.982 s","0.501548 AU","0.111158 cm","0.0417593 cm","0.00000453246 Kg","0.00000510820867555 Kg","0.0923086 cm","0.439472 cm","0.00000259562 Kg","0.0000370724 Kg","4250.27 MJ","113243 MJ","68158.9 m/s","0.329589 m²/Kg","0.0000000000775454 m²/J","68101.9 m/s","0.279393 m²/Kg","0.00000000177336 m²/J","12.1951 °","7205.54","0.185814","337.024 m/s","0.123818 m²/Kg","0.00000000205072 m²/J","109559 m","82582.2 m","99.4215 °","6.6162 °","5.83163 °","129.873 Km","1.937 s","41.7273 °","15.5083 °","41.7634 °","14.0043 °","0.957152 AU","64.4981 km/s","1"
"16346","2021-10-07 18:23:02","7","Confirmed","Not Detected","Not detected","0.528454","8.11313 °","14.4191 °","27.9586 °","349.408 °","2021-09-28 18:23:49","2.03391 AU","3.56532","0.000100002 AU","0.00115295","0.0937508 °","0.0000265374 °","0.0385216 °","0.0442805 °","774.829 s","0.00790168 AU","8.53058 cm","0.452862 cm","2.04857 Kg","0.326255543365 Kg","7.25564 cm","2.2511 cm","1.2605 Kg","1.17322 Kg","231.787 MJ","514.569 MJ","14856.4 m/s","0.00429471 m²/Kg","0.0000000000185287 m²/J","14847 m/s","0.00417496 m²/Kg","0.0000000000414467 m²/J","10.9651 °","104.272","0.161878","23.0992 m/s","0.000227993 m²/Kg","0.0000000000402206 m²/J","77537 m","40890.7 m","335.254 °","-24.1435 °","2.34044 °","192.661 Km","13.8231 s","47.1523 °","7.2794 °","48.5552 °","5.89109 °","0.959081 AU","10.8523 km/s","1"
"16311","2021-10-01 01:04:57","8","Confirmed","Not Detected","Detected","0.505345","3.31696 °","7.79081 °","59.7471 °","337.47 °","2021-09-23 18:04:10","1.68717 AU","4.06493","0.000524815 AU","0.0022254","0.0467782 °","0.0000217029 °","0.193886 °","0.242566 °","791.221 s","0.00853526 AU","6.82908 cm","0.468103 cm","1.05099 Kg","0.216123250424 Kg","1.75627 cm","0.313092 cm","0.0178766 Kg","0.00956066 Kg","32.1468 MJ","5.96588 MJ","16024.9 m/s","0.00536476 m²/Kg","0.000000000166883 m²/J","16035.5 m/s","0.00545922 m²/Kg","0.000000000161339 m²/J","32.5719 °","46.0205","1.358","55.7205 m/s","0.000367731 m²/Kg","0.0000000000198857 m²/J","82260.1 m","32694 m","0.86322 °","-4.17366 °","2.9042 °","91.8571 Km","6.36194 s","43.2622 °","10.159 °","43.7618 °","10.8126 °","0.834569 AU","7.27109 km/s","1"
"16309","2021-09-30 23:18:47","9","Confirmed","Not Detected","Detected","1.00025","114.833 °","187.713 °","189.125 °","-0.0000313205 °","2021-09-29 13:03:26","-3971.3 AU","-0.516701","0.000964604 AU","0.0490918","0.493678 °","0.000247565 °","0.79008 °","25940.1 °","922.383 s","81587.4 AU","0.160341 cm","1.7325 cm","0.0000136034 Kg","0.000440958092026 Kg","0","0","0","0","5.93732 MJ","66.9677 MJ","62008.7 m/s","0.228491 m²/Kg","0.0000000384838 m²/J","62491.7 m/s","2.13055 m²/Kg","0.0000000190688 m²/J","34.4671 °","1864.56","110.094","720.558 m/s","2.46887 m²/Kg","0.0000000271722 m²/J","111037 m","89103.4 m","96.0958 °","62.0395 °","7.42444 °","38.7384 Km","0.6313 s","43.6081 °","0.0436633 °","43.3746 °","-0.175842 °","0.994976 AU","1.00003 km/s","1"
"16305","2021-09-30 19:38:56","7","Confirmed","Not Detected","Not detected","0.716771","3.56577 °","187.595 °","243.777 °","350.01 °","2021-09-25 16:52:19","2.71096 AU","2.92402","0.0010614 AU","0.00180269","0.0568659 °","0.000318834 °","0.128079 °","0.0884489 °","1348.3 s","0.0130615 AU","1.24657 cm","0.144231 cm","0.00639242 Kg","0.00221885159172 Kg","0.291189 cm","0.162307 cm","0.0000814781 Kg","0.000136246 Kg","48.9036 MJ","22.6793 MJ","20452.9 m/s","0.0293897 m²/Kg","0.000000000600972 m²/J","20470.7 m/s","0.0306235 m²/Kg","0.000000000510639 m²/J","37.8472 °","221.214","1.45418","78.0813 m/s","0.00340046 m²/Kg","0.000000000213329 m²/J","83956 m","46537.8 m","348.044 °","7.51823 °","2.68412 °","60.9762 Km","3.278 s","44.3624 °","1.44979 °","44.5885 °","0.940809 °","0.767822 AU","12.3768 km/s","1"
"16297","2021-09-29 21:23:13","11","Confirmed","Detected","Detected","0.967524","80.2396 °","186.652 °","181.783 °","359.982 °","2021-09-28 01:01:30","30.8343 AU","0.375332","0.000147909 AU","0.0194951","0.314445 °","0.000123881 °","0.491213 °","31.2678 °","3153.64 s","20.1041 AU","0.268079 cm","0.253696 cm","0.0000635774 Kg","0.000180499160949 Kg","0.0000000161444 cm","0.000000508524 cm","1.3886e-26 Kg","1.31217e-24 Kg","23.8308 MJ","46.4562 MJ","48275.7 m/s","0.136662 m²/Kg","0.0000000057347 m²/J","48353.4 m/s","0.195971 m²/Kg","0.00000000273298 m²/J","41.5919 °","950.761","16.6252","316.37 m/s","0.12933 m²/Kg","0.00000000743277 m²/J","104458 m","73103.9 m","112.937 °","84.2589 °","13.4344 °","47.2643 Km","0.9843 s","46.1839 °","5.91843 °","45.8713 °","5.87837 °","1.00137 AU","1.0032 km/s","1"
"16276","2021-09-24 22:56:46","13","Confirmed","Not Detected","Detected","0.812544","5.67861 °","1.79803 °","105.724 °","346.554 °","2021-09-21 15:37:15","2.3025 AU","3.03136","0.000648311 AU","0.000777058","0.0400966 °","0.0000810665 °","0.090913 °","0.0946902 °","428.002 s","0.00953336 AU","3.60694 cm","0.20648 cm","0.154857 Kg","0.0265944479338 Kg","0.754086 cm","0.125616 cm","0.00141507 Kg","0.000707167 Kg","88.6375 MJ","12.5514 MJ","28566.4 m/s","0.0101572 m²/Kg","0.000000000114593 m²/J","28569.9 m/s","0.0102361 m²/Kg","0.000000000112679 m²/J","43.8977 °","67.6519","1.56511","40.1263 m/s","0.000581452 m²/Kg","0.000000000010338 m²/J","89894.8 m","35661.5 m","11.2648 °","0.507472 °","2.10766 °","78.3004 Km","3.201 s","44.7685 °","9.10364 °","45.241 °","8.85972 °","0.431619 AU","12.1066 km/s","1"
"16221","2021-09-12 01:10:23","7","Confirmed","Not Detected","Not detected","0.941838","141.748 °","349.217 °","41.2584 °","359.525 °","2021-09-10 17:36:23","15.2221 AU","-0.558442","0.00862583 AU","0.0438888","0.275794 °","0.000202673 °","1.98049 °","0.567374 °","133.497 s","11.3213 AU","0.0506769 cm","0.0938651 cm","0.00000042948 Kg","0.00000238648669984 Kg","0.043104 cm","0.545257 cm","0.000000264281 Kg","0.0000100293 Kg","4756.27 MJ","346492 MJ","67293.1 m/s","0.72294 m²/Kg","0.000000000151997 m²/J","67613.9 m/s","1.46176 m²/Kg","0.0000000095232 m²/J","31.5627 °","6378.46","0.161854","641.812 m/s","1.33905 m²/Kg","0.0000000111889 m²/J","110025 m","86395.2 m","68.0402 °","0.6944 °","15.1185 °","45.1181 Km","0.6884 s","41.1865 °","12.9104 °","41.3636 °","12.5244 °","0.885356 AU","65.628 km/s","1"
"16204","2021-09-08 23:48:21","7","Confirmed","Not Detected","Detected","0.96838","129.618 °","166.241 °","143.831 °","0.14648 °","2021-09-07 15:17:18","28.8376 AU","-0.568232","0.00102378 AU","0.0257393","0.242135 °","0.000138656 °","0.349447 °","0.181854 °","1948.75 s","123.7 AU","0.107974 cm","0.077128 cm","0.00000415407 Kg","0.00000890198432855 Kg","0.00000701711 cm","0.000068773 cm","1.14022e-18 Kg","3.35251e-17 Kg","75.1346 MJ","81.7897 MJ","65277.5 m/s","0.339307 m²/Kg","0.00000000451598 m²/J","65374.6 m/s","0.453238 m²/Kg","0.00000000239341 m²/J","30.9581 °","3046.17","9.6413","371.132 m/s","0.242373 m²/Kg","0.0000000025286 m²/J","110064 m","76866 m","88.9406 °","51.8827 °","4.92198 °","64.5405 Km","1.0023 s","44.3035 °","9.91862 °","43.9616 °","9.42941 °","0.911857 AU","29.1555 km/s","1"
"16203","2021-09-08 23:11:59","7","Confirmed","Not Detected","Detected","0.998449","158.849 °","346.223 °","29.6004 °","359.999 °","2021-09-07 17:19:05","607.287 AU","-1.11381","0.00149543 AU","0.00628964","0.0889076 °","0.000130958 °","0.391946 °","20.4941 °","1862.28 s","1816.7 AU","0.21221 cm","0.0597752 cm","0.0000315362 Kg","0.0000266493452425 Kg","0.116852 cm","0.714579 cm","0.00000526532 Kg","0.000096596 Kg","1433.38 MJ","14983.1 MJ","70928.6 m/s","0.172642 m²/Kg","0.000000000120444 m²/J","70916.5 m/s","0.156782 m²/Kg","0.00000000112241 m²/J","5.94842 °","7693.46","0.596665","81.5546 m/s","0.0486299 m²/Kg","0.00000000124412 m²/J","118417 m","86075.7 m","67.3173 °","10.0223 °","0.811418 °","356.984 Km","5.073 s","46.9112 °","0.527368 °","46.4095 °","-3.98733 °","0.9417 AU","68.0074 km/s","1"
"16194","2021-09-07 22:26:10","9","Confirmed","Not Detected","Detected","0.765572","1.29657 °","165.332 °","254.316 °","350.753 °","2021-09-03 13:11:05","2.93472 AU","2.73896","0.000620456 AU","0.00193664","0.0639724 °","0.00597332 °","0.0597175 °","0.118417 °","1329.15 s","0.0219408 AU","0.205996 cm","0.0493405 cm","0.0000288464 Kg","0.0000207279964035 Kg","0.2048 cm","0.630056 cm","0.0000283469 Kg","0.000261623 Kg","15041 MJ","8388710 MJ","22695.6 m/s","0.17785 m²/Kg","0.0000000000118243 m²/J","22673.6 m/s","0.153169 m²/Kg","0.00000000546023 m²/J","37.7223 °","1342.43","0.00582175","69.6788 m/s","0.0425989 m²/Kg","0.00000000659259 m²/J","96810.7 m","69446.9 m","337.653 °","-3.35421 °","2.94167 °","44.7248 Km","2.272 s","48.0396 °","3.52202 °","48.345 °","3.41202 °","0.687981 AU","20.8296 km/s","1"
"16192","2021-09-07 20:27:49","12","Confirmed","Detected","Detected","0.977524","138.429 °","165.132 °","243.719 °","359.801 °","2021-09-06 12:07:36","32.4813 AU","-1.93464","0.00400453 AU","0.0127253","0.430545 °","0.000187741 °","0.727835 °","0.17278 °","578.167 s","1.58067 AU","0.159749 cm","0.246774 cm","0.0000134533 Kg","0.0000623465923224 Kg","0.0729169 cm","1.85033 cm","0.00000127938 Kg","0.0000973959 Kg","935.129 MJ","29727 MJ","65682.3 m/s","0.229337 m²/Kg","0.000000000245246 m²/J","65793.3 m/s","0.391613 m²/Kg","0.00000000690003 m²/J","18.5231 °","3333.85","0.784285","282.364 m/s","0.35427 m²/Kg","0.00000000790231 m²/J","112619 m","87301.1 m","44.7052 °","39.767 °","7.7115 °","79.8646 Km","1.227 s","47.0987 °","4.62412 °","46.675 °","3.86546 °","0.730052 AU","64.978 km/s","1"
"16154","2021-09-01 03:12:57","12","Confirmed","Detected","Detected","0.696587","13.7571 °","338.618 °","101.649 °","336.054 °","2021-08-28 07:05:47","1.68505 AU","3.87997","0.000733805 AU","0.000710102","0.0444754 °","0.000018916 °","0.143063 °","0.15275 °","249.1 s","0.00611836 AU","4.97722 cm","0.294055 cm","0.406889 Kg","0.0721171009193 Kg","2.57356 cm","0.346266 cm","0.0562491 Kg","0.0227045 Kg","160.606 MJ","46.046 MJ","24962.7 m/s","0.0073608 m²/Kg","0.0000000000458313 m²/J","24965 m/s","0.00742046 m²/Kg","0.0000000000441552 m²/J","17.019 °","116.143","0.659583","28.0534 m/s","0.000434877 m²/Kg","0.0000000000106399 m²/J","91700.6 m","35251.1 m","356.937 °","-17.0209 °","1.48528 °","194.494 Km","9.2784 s","46.744 °","6.58001 °","48.0344 °","8.11247 °","0.511266 AU","7.43632 km/s","1"
"16147","2021-08-31 03:27:15","6","Confirmed","Not Detected","Detected","0.998613","66.1063 °","157.667 °","67.9473 °","0.0102203 °","2021-08-29 05:53:49","227.556 AU","0.314146","0.000812261 AU","0.00475055","0.0622145 °","0.000113604 °","0.280564 °","0.0552135 °","2810.15 s","362.802 AU","0.281321 cm","0.0760724 cm","0.0000734718 Kg","0.0000596028223503 Kg","0.0171702 cm","0.0376525 cm","0.0000000167046 Kg","0.000000109895 Kg","135.966 MJ","115.253 MJ","47291.7 m/s","0.13023 m²/Kg","0.00000000095781 m²/J","47297.6 m/s","0.128544 m²/Kg","0.000000001055 m²/J","19.5574 °","1796.64","2.79632","159.569 m/s","0.0352156 m²/Kg","0.000000000666266 m²/J","103964 m","71102.4 m","138.833 °","45.4512 °","2.33336 °","98.5121 Km","2.13 s","42.6672 °","1.88161 °","42.0908 °","1.08599 °","0.315733 AU","41.6507 km/s","1"
"16143","2021-08-30 02:20:46","9","Confirmed","Detected","Detected","1.00052","169.133 °","336.666 °","348.912 °","0.0000790575 °","2021-08-28 20:58:56","-1928.37 AU","-1.22879","0.00066255 AU","0.0394423","0.114152 °","0.000217992 °","0.357884 °","0.0018522 °","2339.07 s","17959 AU","0.0510159 cm","0.0463315 cm","0.000000438157 Kg","0.00000119377287438 Kg","0.00000431857 cm","0.0000583428 cm","2.65786e-19 Kg","1.07721e-17 Kg","94.4496 MJ","145.437 MJ","72178.3 m/s","0.718137 m²/Kg","0.00000000760338 m²/J","72351.2 m/s","1.11898 m²/Kg","0.00000000391624 m²/J","35.6959 °","5683.97","9.37697","466.173 m/s","0.652195 m²/Kg","0.00000000575506 m²/J","113406 m","80409.9 m","69.4942 °","15.8706 °","5.61027 °","56.5364 Km","0.8013 s","43.9633 °","1.00184 °","44.0548 °","0.45236 °","1.00029 AU","3.14987 km/s","1"
"16128","2021-08-27 21:04:39","6","Confirmed","Not Detected","Not detected","0.872924","14.354 °","154.522 °","297.536 °","349.087 °","2021-08-25 01:20:09","2.53084 AU","2.71506","0.0138082 AU","0.00985513","0.510238 °","0.000298454 °","1.41689 °","0.831586 °","1823.4 s","0.113336 AU","380336 cm","112955000000 cm","181559000000000 Kg","1.61761611868e20 Kg","0","","0","","0.1958 MJ","57980.4 MJ","32966.1 m/s","0.0000000963262 m²/Kg","0.000000000000491961 m²/J","33477.3 m/s","0.0224683 m²/Kg","0.000000000575387 m²/J","27.7072 °","0.000956769","943.565","710.254 m/s","0.0286076 m²/Kg","0.00000000067429 m²/J","80017 m","60761.8 m","344.192 °","6.76535 °","19.1767 °","41.4563 Km","1.2695 s","45.6102 °","-4.72271 °","45.7224 °","-5.16039 °","0.321608 AU","32.9661 km/s","1"
"16101","2021-08-24 22:40:13","6","Confirmed","Detected","Detected","1.03586","119.022 °","151.677 °","147.781 °","0.151593 °","2021-08-23 12:56:52","-25.9786 AU","-0.719268","0.00122238 AU","0.0571295","0.628824 °","0.00036465 °","0.468443 °","0.356769 °","4455.46 s","72.5593 AU","0.0112539 cm","0.00681441 cm","0.00000000470356 Kg","0.0000000085442093085 Kg","0.0101341 cm","0.0286135 cm","0.0000000034345 Kg","0.0000000290919 Kg","6436.4 MJ","179441 MJ","62995.8 m/s","3.25543 m²/Kg","0.000000000505784 m²/J","62949.9 m/s","2.85487 m²/Kg","0.0000000121971 m²/J","29.7939 °","30257.2","0.104817","873.403 m/s","1.9712 m²/Kg","0.000000014023 m²/J","107743 m","86589.4 m","67.1358 °","57.4844 °","5.41567 °","42.5438 Km","0.728 s","47.1753 °","5.03847 °","46.9099 °","4.75889 °","0.931682 AU","56.7656 km/s","1"
"16098","2021-08-24 21:06:59","6","Confirmed","Detected","Detected","0.639306","38.883 °","151.622 °","181.364 °","359.002 °","2021-08-21 05:38:40","2.80225 AU","2.6782","0.0000220484 AU","0.00695436","0.177431 °","0.000156291 °","0.132007 °","0.0517113 °","3042.66 s","0.0502368 AU","0.488058 cm","0.482498 cm","0.000383645 Kg","0.00113782123349 Kg","0.0000000756936 cm","0.00000171225 cm","1.43117e-24 Kg","9.7123e-23 Kg","7.45256 MJ","11.2968 MJ","26217.5 m/s","0.0750655 m²/Kg","0.0000000100725 m²/J","26328.4 m/s","0.128921 m²/Kg","0.00000000467394 m²/J","67.6948 °","374.705","15.6793","201.245 m/s","0.0742103 m²/Kg","0.00000000618611 m²/J","93884.6 m","67429.4 m","273.275 °","65.8772 °","3.25652 °","28.5938 Km","1.11413 s","46.8973 °","5.02035 °","46.809 °","5.07675 °","1.01076 AU","1.00005 km/s","1"
"16086","2021-08-21 21:22:37","9","Confirmed","Not Detected","Not detected","0.728091","0.945138 °","148.974 °","247.187 °","349.934 °","2021-08-17 00:07:34","2.75448 AU","2.88666","0.00123575 AU","0.00317898","0.128771 °","0.0346717 °","0.183366 °","0.185795 °","403.84 s","0.0310577 AU","3.28481 cm","0.598914 cm","0.116962 Kg","0.0639764241332 Kg","0.675651 cm","0.519099 cm","0.00101784 Kg","0.00234601 Kg","47.3703 MJ","28.4587 MJ","20991.7 m/s","0.0111533 m²/Kg","0.000000000235449 m²/J","21025.2 m/s","0.0120137 m²/Kg","0.000000000183701 m²/J","34.9593 °","89.8926","1.58139","109.725 m/s","0.00203356 m²/Kg","0.000000000101922 m²/J","78036.2 m","40287 m","317.4 °","-9.61722 °","7.69535 °","65.9199 Km","3.439 s","44.0893 °","14.0063 °","44.5541 °","13.8289 °","0.748969 AU","11.9155 km/s","1"
"16080","2021-08-21 01:07:45","9","Confirmed","Not Detected","Detected","0.953181","176.608 °","327.976 °","347.416 °","0.0800556 °","2021-08-19 19:40:13","21.3526 AU","-0.963531","0.00144619 AU","0.0598778","0.166369 °","0.00279234 °","0.732005 °","0.154332 °","10511.3 s","13.0698 AU","0.0738899 cm","0.0833238 cm","0.00000133128 Kg","0.00000450374657227 Kg","0.000000369903 cm","0.00000731425 cm","1.67023e-22 Kg","9.90787e-21 Kg","71.9022 MJ","121.208 MJ","71847.7 m/s","0.495824 m²/Kg","0.00000000689581 m²/J","71911.8 m/s","0.647175 m²/Kg","0.00000000342887 m²/J","32.9944 °","4204.92","12.2048","720.307 m/s","0.559129 m²/Kg","0.00000000888825 m²/J","110870 m","80384.3 m","59.9691 °","18.7556 °","10.2435 °","56.0454 Km","0.8184 s","43.6155 °","12.0054 °","43.6518 °","11.4334 °","0.999718 AU","2.3709 km/s","1"
"16055","2021-08-15 23:52:40","7","Confirmed","Not Detected","Not detected","0.954041","111.492 °","143.065 °","144.465 °","0.250888 °","2021-08-14 12:15:36","20.0312 AU","-0.1713","0.00357129 AU","0.0237071","0.280507 °","0.000127704 °","0.777716 °","0.198207 °","1497.37 s","11.059 AU","0.0801026 cm","0.0639409 cm","0.00000169611 Kg","0.00000406169958823 Kg","0.0693215 cm","0.429827 cm","0.0000010993 Kg","0.0000204486 Kg","4203.77 MJ","176260 MJ","59787.5 m/s","0.457368 m²/Kg","0.0000000001088 m²/J","59869.3 m/s","0.545208 m²/Kg","0.00000000399777 m²/J","39.521 °","3319.21","0.144554","369.524 m/s","0.365088 m²/Kg","0.00000000457225 m²/J","103578 m","81635 m","55.6955 °","59.7003 °","11.8472 °","34.4872 Km","1.5072 s","42.302 °","12.0567 °","42.1216 °","11.8517 °","0.920617 AU","56.855 km/s","1"
"16048","2021-08-15 00:44:36","7","Confirmed","Detected","Detected","0.967064","113.801 °","142.139 °","148.76 °","0.130533 °","2021-08-13 13:44:03","28.5611 AU","-0.297587","0.0020516 AU","0.0460838","0.460863 °","0.000220061 °","0.663936 °","0.27938 °","4298.8 s","28.6809 AU","0.0287632 cm","0.0308766 cm","0.0000000785282 Kg","0.000000252894743705 Kg","0.00000918468 cm","0.000113946 cm","2.55685e-18 Kg","9.51618e-17 Kg","77.8356 MJ","131.22 MJ","60707.7 m/s","1.27372 m²/Kg","0.0000000163643 m²/J","60876.8 m/s","1.87759 m²/Kg","0.00000000855034 m²/J","44.073 °","8456.76","8.04932","700.465 m/s","1.36731 m²/Kg","0.0000000118867 m²/J","109295 m","81454.3 m","51.9133 °","58.1781 °","7.90599 °","40.0384 Km","0.6741 s","45.0232 °","2.38063 °","44.843 °","2.12631 °","0.940678 AU","1.04071 km/s","1"
"16039","2021-08-14 20:23:33","9","Confirmed","Not Detected","Detected","0.986816","113.848 °","141.963 °","145.867 °","0.0365092 °","2021-08-13 09:25:58","70.2542 AU","0.206863","0.00125424 AU","0.0177697","0.373324 °","0.000201644 °","0.310408 °","0.0739804 °","3748.69 s","7.02525 AU","0.0537596 cm","0.0270723 cm","0.000000512721 Kg","0.00000077459097624 Kg","0.0527103 cm","0.285821 cm","0.000000483283 Kg","0.00000786179 Kg","31861.1 MJ","8815220 MJ","60778.3 m/s","0.681485 m²/Kg","0.0000000000213893 m²/J","60809.5 m/s","0.657428 m²/Kg","0.00000000507944 m²/J","19.7929 °","9294.28","0.0197099","325.465 m/s","0.343184 m²/Kg","0.00000000591676 m²/J","106556 m","84309 m","53.4006 °","58.8492 °","6.20639 °","65.6038 Km","1.0859 s","47.7782 °","-2.46095 °","47.2563 °","-2.70201 °","0.926242 AU","57.6334 km/s","1"
"16037","2021-08-14 20:19:30","10","Confirmed","Not Detected","Detected","0.909231","114.953 °","141.96 °","154.262 °","0.484588 °","2021-08-13 09:13:18","10.6319 AU","-0.0613957","0.000560232 AU","0.0214594","0.399523 °","0.000226614 °","0.143156 °","0.177955 °","4339.15 s","2.96956 AU","0.105393 cm","0.127198 cm","0.00000386319 Kg","0.00001398738033 Kg","0.000000000000695851 cm","0.0000000000292319 cm","1.11189e-39 Kg","1.40128e-37 Kg","24.2171 MJ","40.8495 MJ","60557.9 m/s","0.347617 m²/Kg","0.0000000143542 m²/J","60745.5 m/s","0.614546 m²/Kg","0.0000000066251 m²/J","21.519 °","4376.57","25.7436","389.854 m/s","0.419537 m²/Kg","0.00000000910276 m²/J","104450 m","85198.4 m","47.3316 °","57.5015 °","2.75341 °","52.4305 Km","0.876 s","47.064 °","6.74579 °","46.6724 °","6.47911 °","0.965047 AU","1.00433 km/s","1"
"16035","2021-08-14 20:00:35","13","Confirmed","Detected","Detected","0.96156","110.042 °","141.948 °","158.974 °","0.104269 °","2021-08-13 08:17:59","25.4904 AU","-0.194919","0.000665728 AU","0.0130845","0.248426 °","0.000119986 °","0.21613 °","0.0541588 °","1640.66 s","13.5017 AU","0.116861 cm","0.0651637 cm","0.00000526656 Kg","0.00000881014065172 Kg","0.0000000296372 cm","0.000000442164 cm","8.59061e-26 Kg","3.84496e-24 Kg","39.651 MJ","39.9471 MJ","59517.6 m/s","0.313503 m²/Kg","0.00000000790655 m²/J","59494.4 m/s","0.307939 m²/Kg","0.00000000346403 m²/J","24.4387 °","3499.52","15.1875","227.478 m/s","0.174814 m²/Kg","0.00000000631022 m²/J","105688 m","81464.4 m","43.7168 °","60.5473 °","5.37622 °","58.5158 Km","1.0055 s","49.6104 °","-0.232429 °","49.1665 °","-0.478265 °","0.979839 AU","1.00324 km/s","1"
"16033","2021-08-14 19:54:20","8","Confirmed","Detected","Detected","0.943309","113.848 °","141.943 °","151.286 °","0.268841 °","2021-08-13 08:47:49","16.8006 AU","-0.261044","0.00135271 AU","0.0214308","0.421323 °","0.000243185 °","0.324566 °","0.155337 °","990.573 s","6.21163 AU","0.138737 cm","0.188496 cm","0.00000881241 Kg","0.0000359190336601 Kg","0.0000000000181866 cm","0.000000000656823 cm","1.98504e-35 Kg","2.15074e-33 Kg","27.3269 MJ","45.0342 MJ","60479.9 m/s","0.26407 m²/Kg","0.00000000966335 m²/J","60656.1 m/s","0.482347 m²/Kg","0.00000000426419 m²/J","20.3234 °","3511.26","22.7552","397.515 m/s","0.358779 m²/Kg","0.00000000787519 m²/J","106292 m","83450.1 m","49.2848 °","58.4886 °","5.5972 °","65.9428 Km","1.1243 s","46.5457 °","9.17879 °","46.0357 °","8.88807 °","0.952447 AU","1.02115 km/s","1"
"16012","2021-08-14 00:12:14","8","Confirmed","Detected","Not detected","0.956445","114.035 °","141.157 °","153.353 °","0.165601 °","2021-08-12 13:11:56","22.0517 AU","-0.255038","0.00277033 AU","0.0168725","0.196322 °","0.0000776674 °","0.719841 °","0.0979781 °","269.877 s","9.02436 AU","0.363477 cm","0.56267 cm","0.000158469 Kg","0.000735940870394 Kg","0.0215788 cm","0.250342 cm","0.0000000331585 Kg","0.00000115405 Kg","222.231 MJ","896.516 MJ","60759 m/s","0.100794 m²/Kg","0.000000000453555 m²/J","60868 m/s","0.189498 m²/Kg","0.00000000202751 m²/J","43.6522 °","674.347","2.82401","245.288 m/s","0.156031 m²/Kg","0.00000000200199 m²/J","106544 m","74908 m","47.5355 °","57.562 °","12.357 °","45.8154 Km","0.7652 s","41.1704 °","11.9978 °","40.9594 °","11.7269 °","0.960467 AU","59.4349 km/s","1"
"16008","2021-08-13 23:47:45","15","Confirmed","Not Detected","Not detected","0.967917","113.855 °","141.14 °","149.85 °","0.120393 °","2021-08-12 12:47:59","29.4757 AU","-0.306957","0.00197832 AU","0.0167859","0.219739 °","0.0000895823 °","0.483712 °","0.095421 °","427.297 s","14.8319 AU","0.0439388 cm","0.0211329 cm","0.000000279935 Kg","0.000000403914928516 Kg","0.043115 cm","0.196957 cm","0.000000264484 Kg","0.00000362464 Kg","33144.7 MJ","8093840 MJ","60743.9 m/s","0.833805 m²/Kg","0.0000000000251565 m²/J","60751.5 m/s","0.778536 m²/Kg","0.00000000524587 m²/J","38.9697 °","6122.79","0.0189252","255.082 m/s","0.401029 m²/Kg","0.00000000614121 m²/J","110984 m","84350.2 m","49.6304 °","57.9914 °","8.26406 °","42.2914 Km","3.0741 s","47.5993 °","1.2727 °","47.3862 °","0.98035 °","0.945663 AU","56.804 km/s","1"
"16005","2021-08-13 23:20:29","6","Confirmed","Not Detected","Not detected","0.969123","113.326 °","141.122 °","150.438 °","0.111046 °","2021-08-12 12:14:34","30.7077 AU","-0.313391","0.000853224 AU","0.0343911","0.368434 °","0.000181474 °","0.345527 °","0.188778 °","3658.32 s","31.7841 AU","0.0378489 cm","0.0361353 cm","0.000000178926 Kg","0.000000512476290745 Kg","0.0000000873486 cm","0.00000145115 cm","2.19929e-24 Kg","1.09612e-22 Kg","48.1109 MJ","65.1417 MJ","60606.8 m/s","0.967964 m²/Kg","0.0000000201194 m²/J","60758.6 m/s","1.43263 m²/Kg","0.0000000095332 m²/J","39.7085 °","6996.99","12.9792","529.819 m/s","0.924141 m²/Kg","0.0000000143492 m²/J","106239 m","83372.2 m","49.1965 °","58.2431 °","4.56273 °","35.8212 Km","0.6016 s","45.1347 °","12.5741 °","44.9552 °","12.34 °","0.948171 AU","1.50804 km/s","1"
"15999","2021-08-13 22:31:55","19","Confirmed","Detected","Detected","0.974077","111.757 °","141.089 °","154.147 °","0.0730346 °","2021-08-12 11:09:46","37.1507 AU","-0.20695","0.000533943 AU","0.0105622","0.149752 °","0.0000640174 °","0.154128 °","0.0450447 °","4203.93 s","11.9267 AU","0.0816896 cm","0.0363962 cm","0.00000179893 Kg","0.00000240450013704 Kg","0.0806498 cm","0.477031 cm","0.00000173111 Kg","0.0000307177 Kg","48093.2 MJ","22495800 MJ","60199.9 m/s","0.448483 m²/Kg","0.00000000000932529 m²/J","60198 m/s","0.417947 m²/Kg","0.00000000372946 m²/J","33.8206 °","3721.17","0.0128103","163.201 m/s","0.199818 m²/Kg","0.00000000436109 m²/J","113253 m","84798.8 m","46.3191 °","59.2117 °","3.66857 °","51.0864 Km","3.3855 s","46.5129 °","5.65154 °","46.2134 °","5.32351 °","0.963051 AU","57.2581 km/s","1"
"15989","2021-08-13 20:26:22","18","Confirmed","Detected","Detected","0.962129","113.567 °","141.004 °","150.931 °","0.148199 °","2021-08-12 09:23:25","25.0985 AU","-0.276876","0.000561787 AU","0.0137668","0.261863 °","0.000146318 °","0.148126 °","0.0816651 °","4049.75 s","8.57519 AU","0.15958 cm","0.124963 cm","0.0000134106 Kg","0.000031504578944 Kg","0.000000162153 cm","0.00000279211 cm","1.407e-23 Kg","7.26809e-22 Kg","45.1671 MJ","59.0046 MJ","60550.6 m/s","0.22958 m²/Kg","0.00000000508291 m²/J","60610 m/s","0.309269 m²/Kg","0.00000000242623 m²/J","21.5188 °","2890.48","13.7995","250.383 m/s","0.179779 m²/Kg","0.00000000329973 m²/J","111088 m","79865.7 m","48.4002 °","58.5375 °","3.06203 °","85.5449 Km","1.434 s","48.4559 °","-1.24065 °","47.795 °","-1.61054 °","0.950514 AU","9.12018 km/s","1"
"15985","2021-08-13 20:06:24","22","Confirmed","Detected","Detected","0.959018","114.546 °","140.991 °","150.221 °","0.171744 °","2021-08-12 09:12:24","23.1226 AU","-0.271846","0.000386649 AU","0.00803573","0.151639 °","0.0000827676 °","0.107707 °","0.0514509 °","145.115 s","4.6394 AU","0.192169 cm","0.0728752 cm","0.0000234186 Kg","0.0000266427864977 Kg","0.0000415142 cm","0.000265185 cm","2.36104e-16 Kg","0.00000000000000452457 Kg","74.5097 MJ","59.2371 MJ","60821.3 m/s","0.190647 m²/Kg","0.00000000255869 m²/J","60842 m/s","0.22075 m²/Kg","0.00000000156909 m²/J","21.7331 °","2377.76","8.44009","143.624 m/s","0.0722982 m²/Kg","0.00000000136318 m²/J","113363 m","77306.7 m","48.9178 °","57.9203 °","2.02657 °","98.2692 Km","1.63 s","48.3409 °","7.64222 °","47.5924 °","7.1809 °","0.947603 AU","54.4872 km/s","1"
"15978","2021-08-13 03:27:23","7","Confirmed","Detected","Detected","0.981818","115.021 °","140.327 °","155.781 °","0.0398 °","2021-08-11 16:49:55","53.2965 AU","-0.367952","0.00131016 AU","0.0326586","0.270328 °","0.000110133 °","0.467097 °","0.108863 °","4984.89 s","47.1783 AU","0.13583 cm","0.235531 cm","0.00000826997 Kg","0.0000430206721308 Kg","0.000000013441 cm","0.000000456289 cm","8.01326e-27 Kg","8.16092e-25 Kg","39.5415 MJ","87.8122 MJ","61249.2 m/s","0.269722 m²/Kg","0.00000000682122 m²/J","61477 m/s","0.586476 m²/Kg","0.00000000357735 m²/J","69.0378 °","1333.91","16.1286","463.842 m/s","0.4677 m²/Kg","0.00000000455837 m²/J","107169 m","75837.2 m","45.9303 °","56.7993 °","6.69002 °","33.5509 Km","0.7806 s","48.1334 °","1.04667 °","48.0699 °","0.919182 °","0.969033 AU","1.00001 km/s","1"
"15967","2021-08-13 01:17:53","6","Confirmed","Detected","Detected","1.02514","114.078 °","140.24 °","156.738 °","0.0611101 °","2021-08-11 14:41:31","-38.6405 AU","-0.636132","0.00157309 AU","0.0483502","0.436594 °","0.000196876 °","0.534637 °","0.172945 °","6260.18 s","75.4303 AU","0.0460727 cm","0.0258981 cm","0.000000322735 Kg","0.000000544240598639 Kg","0.0447137 cm","0.1612 cm","0.00000029501 Kg","0.00000319068 Kg","21437 MJ","2582420 MJ","61445.4 m/s","0.795185 m²/Kg","0.000000000037094 m²/J","61547 m/s","0.792873 m²/Kg","0.00000000376631 m²/J","50.0648 °","4789.33","0.0299408","695.024 m/s","0.446984 m²/Kg","0.0000000044669 m²/J","106190 m","77622.6 m","44.8031 °","57.5091 °","8.61251 °","37.2624 Km","0.8004 s","45.2788 °","0.463342 °","45.1379 °","0.238759 °","0.971544 AU","56.0483 km/s","1"
"15959","2021-08-12 23:49:58","11","Confirmed","Detected","Detected","0.974016","113.424 °","140.181 °","153.313 °","0.0760885 °","2021-08-11 12:49:33","36.9464 AU","-0.342288","0.000393678 AU","0.0130268","0.139076 °","0.0000664863 °","0.138468 °","0.0581417 °","147.356 s","21.9157 AU","0.0933107 cm","0.0237291 cm","0.00000268107 Kg","0.00000204540394767 Kg","0.0584278 cm","0.13394 cm","0.000000658223 Kg","0.00000452674 Kg","1338.87 MJ","7070.27 MJ","60720.3 m/s","0.392628 m²/Kg","0.000000000293253 m²/J","60678.1 m/s","0.336638 m²/Kg","0.0000000014901 m²/J","41.1472 °","2755.69","0.468143","198.579 m/s","0.0998458 m²/Kg","0.00000000149504 m²/J","108867 m","76455.5 m","46.121 °","57.8746 °","2.04518 °","49.2279 Km","3.88543 s","46.4944 °","4.57187 °","46.2596 °","4.23975 °","0.959996 AU","53.9953 km/s","1"
"15954","2021-08-12 23:31:51","6","Confirmed","Not Detected","Detected","0.956954","113.14 °","140.169 °","154.851 °","0.152175 °","2021-08-11 12:23:51","22.4477 AU","-0.126377","0.00127995 AU","0.0230309","0.277218 °","0.000130748 °","0.381448 °","0.124396 °","180.876 s","9.45594 AU","0.0295905 cm","0.0193689 cm","0.0000000855012 Kg","0.000000167897624457 Kg","0.0176823 cm","0.11008 cm","0.0000000182443 Kg","0.000000340737 Kg","1208.11 MJ","14496.9 MJ","60490.5 m/s","1.23811 m²/Kg","0.00000000102483 m²/J","60578.3 m/s","1.37444 m²/Kg","0.0000000113585 m²/J","37.3289 °","9429.32","0.514892","357.947 m/s","0.810421 m²/Kg","0.0000000123271 m²/J","107263 m","87871.3 m","44.8087 °","57.945 °","6.5075 °","31.9773 Km","0.8167 s","46.8744 °","-1.16199 °","46.7062 °","-1.38029 °","0.966287 AU","57.6797 km/s","1"
"15947","2021-08-12 22:58:05","8","Confirmed","Detected","Detected","0.932451","112.043 °","140.146 °","148.133 °","0.395369 °","2021-08-11 11:25:13","13.9094 AU","-0.095266","0.00175529 AU","0.034649","0.440161 °","0.000220572 °","0.509091 °","0.310512 °","11856.6 s","7.9271 AU","16.302 cm","3087.13 cm","14.2966 Kg","8122.1408094 Kg","0","","0","","0.41321 MJ","78.4722 MJ","59794.8 m/s","0.00224736 m²/Kg","0.00000000543879 m²/J","60214.4 m/s","0.326518 m²/Kg","0.00000000276136 m²/J","34.9355 °","18.124","1470.98","563.993 m/s","0.425587 m²/Kg","0.00000000448517 m²/J","107575 m","77335.8 m","48.5844 °","58.7109 °","6.94538 °","52.7714 Km","0.88745 s","46.6033 °","5.48302 °","46.3045 °","5.1352 °","0.93957 AU","1.00005 km/s","1"
"15945","2021-08-12 22:49:16","11","Confirmed","Detected","Detected","0.960236","111.077 °","140.14 °","148.894 °","0.17239 °","2021-08-11 11:14:09","23.687 AU","-0.297714","0.0020254 AU","0.0215417","0.371716 °","0.000129354 °","0.537394 °","0.14245 °","579.492 s","31.1612 AU","0.216938 cm","0.41874 cm","0.0000336913 Kg","0.000195096299125 Kg","0.00000000000188065 cm","0.000000000129353 cm","2.19502e-38 Kg","4.52926e-36 Kg","23.8313 MJ","66.2976 MJ","59755.1 m/s","0.16888 m²/Kg","0.00000000708647 m²/J","59852.2 m/s","0.302041 m²/Kg","0.00000000318283 m²/J","34.4592 °","1378.39","25.4713","325.607 m/s","0.325977 m²/Kg","0.00000000753768 m²/J","110414 m","80977.3 m","48.283 °","59.483 °","11.704 °","51.9818 Km","1.0244 s","48.6487 °","1.25812 °","48.3442 °","0.917023 °","0.941893 AU","2.11362 km/s","1"
"15939","2021-08-12 22:27:29","10","Confirmed","Detected","Detected","0.980253","113.698 °","140.125 °","152.636 °","0.0518121 °","2021-08-11 11:31:01","48.4703 AU","-0.372953","0.000594786 AU","0.0135542","0.186569 °","0.000100061 °","0.151583 °","0.0536931 °","3361.44 s","29.6135 AU","0.146634 cm","0.0826248 cm","0.0000104043 Kg","0.0000175878482658 Kg","0.142824 cm","0.939326 cm","0.00000961435 Kg","0.000189695 Kg","23919 MJ","6000720 MJ","60856.4 m/s","0.24985 m²/Kg","0.0000000000104457 m²/J","60871.4 m/s","0.248491 m²/Kg","0.0000000021988 m²/J","28.1552 °","2445.32","0.0263219","219.003 m/s","0.140785 m²/Kg","0.00000000262004 m²/J","111505 m","77717.3 m","46.2321 °","57.9299 °","2.8743 °","71.6055 Km","1.202 s","43.8108 °","1.28595 °","43.3524 °","0.843623 °","0.95714 AU","58.2912 km/s","1"
"15930","2021-08-12 21:14:10","10","Confirmed","Not Detected","Detected","0.954113","111.727 °","140.076 °","152.274 °","0.187345 °","2021-08-11 09:44:24","20.8439 AU","-0.195467","0.00227108 AU","0.014632","0.229659 °","0.000116889 °","0.569259 °","0.090872 °","1680.95 s","7.0509 AU","0.284044 cm","0.987761 cm","0.0000756262 Kg","0.000788967572433 Kg","9.41248e-18 cm","0.00000000000000157509 cm","0","0","16.1093 MJ","72.5889 MJ","59964.8 m/s","0.128981 m²/Kg","0.00000000800661 m²/J","60048.7 m/s","0.379638 m²/Kg","0.0000000049809 m²/J","27.0943 °","1307.83","37.9459","243.566 m/s","0.448531 m²/Kg","0.0000000105252 m²/J","111968 m","81882.1 m","45.7735 °","59.0209 °","9.38434 °","66.2964 Km","1.1023 s","44.1502 °","13.7873 °","43.7069 °","13.4015 °","0.956469 AU","58.4818 km/s","1"
"15913","2021-08-12 02:57:03","6","Confirmed","Detected","Detected","0.975048","114.031 °","139.347 °","152.964 °","0.0726844 °","2021-08-10 16:02:42","38.4225 AU","-0.128649","0.000924658 AU","0.0363877","0.294621 °","0.000130964 °","0.438984 °","0.161909 °","3222.37 s","11.2513 AU","0.160324 cm","0.309364 cm","0.000013599 Kg","0.0000787227173803 Kg","0.0000000000459673 cm","0.00000000228594 cm","3.20525e-34 Kg","4.78189e-32 Kg","28.6509 MJ","67.5005 MJ","60853.4 m/s","0.228515 m²/Kg","0.00000000797584 m²/J","60863.5 m/s","0.527419 m²/Kg","0.00000000393378 m²/J","62.6148 °","1188.52","21.9725","527.308 m/s","0.440947 m²/Kg","0.00000000490498 m²/J","106380 m","77064.1 m","46.0028 °","57.1644 °","3.50884 °","33.0154 Km","0.91036 s","44.7788 °","1.7898 °","44.6897 °","1.64803 °","0.958728 AU","1.00016 km/s","1"
"15900","2021-08-11 23:17:35","8","Confirmed","Not Detected","Detected","0.986902","112.262 °","139.2 °","153.913 °","0.0264333 °","2021-08-10 12:09:37","73.4592 AU","-0.388825","0.00254213 AU","0.0412383","0.443438 °","0.000217027 °","0.683452 °","0.126434 °","14188.3 s","223.933 AU","0.0544636 cm","0.0417058 cm","0.000000533131 Kg","0.00000122474144644 Kg","0.00283971 cm","0.0165116 cm","0.0000000000755678 Kg","0.00000000131817 Kg","210.538 MJ","460.31 MJ","60483 m/s","0.672676 m²/Kg","0.00000000319504 m²/J","60528.5 m/s","0.724467 m²/Kg","0.0000000038507 m²/J","39.6657 °","4866.86","2.95383","624.416 m/s","0.515105 m²/Kg","0.00000000523201 m²/J","109811 m","77957.8 m","44.2366 °","58.3016 °","12.1459 °","49.9527 Km","0.8688 s","43.0623 °","13.3799 °","42.8098 °","13.0674 °","0.962156 AU","54.2932 km/s","1"
"15897","2021-08-11 22:38:25","9","Confirmed","Detected","Detected","0.956566","112.568 °","139.173 °","150.709 °","0.183784 °","2021-08-10 11:17:28","21.8744 AU","-0.245917","0.000790388 AU","0.0196769","0.282167 °","0.000134623 °","0.227285 °","0.127245 °","3163.48 s","19.0776 AU","62654.2 cm","25864600000 cm","811644000000 Kg","1.00517646304e18 Kg","0","","0","","0.00586329 MJ","2420.33 MJ","60237.6 m/s","0.000000584739 m²/Kg","0.0000000000997287 m²/J","60436.3 m/s","0.188845 m²/Kg","0.00000000307238 m²/J","30.5753 °","0.00530882","105207","314.949 m/s","0.241389 m²/Kg","0.00000000345521 m²/J","107489 m","80915.4 m","45.781 °","58.2444 °","5.34184 °","52.1644 Km","1.1899 s","44.2026 °","3.54257 °","43.8828 °","3.21389 °","0.950092 AU","60.2376 km/s","1"
"15896","2021-08-11 22:29:27","8","Confirmed","Not Detected","Detected","0.968968","113.813 °","139.167 °","149.117 °","0.11775 °","2021-08-10 11:30:25","30.3791 AU","-0.314204","0.00274558 AU","0.0409252","0.505813 °","0.000265257 °","0.660064 °","0.234644 °","20156.8 s","49.7927 AU","0.0901811 cm","0.128193 cm","0.00000242025 Kg","0.0000103211880222 Kg","0.00000012947 cm","0.00000400668 cm","7.16187e-24 Kg","6.64909e-22 Kg","46.6007 MJ","111.262 MJ","60728.9 m/s","0.406253 m²/Kg","0.00000000871775 m²/J","60865.8 m/s","0.64613 m²/Kg","0.0000000042747 m²/J","32.3088 °","3510.23","13.4539","647.312 m/s","0.577491 m²/Kg","0.0000000138575 m²/J","109664 m","79960.7 m","47.1585 °","57.5501 °","11.8251 °","55.5043 Km","0.949 s","43.202 °","13.7048 °","42.8791 °","13.3475 °","0.942734 AU","1.05461 km/s","1"
"15894","2021-08-11 22:02:30","7","Confirmed","Detected","Detected","0.967375","115.183 °","139.148 °","148.487 °","0.130064 °","2021-08-10 11:16:55","28.8108 AU","-0.31704","0.00196278 AU","0.0125547","0.2162 °","0.000109537 °","0.452505 °","0.0762059 °","3409.25 s","9.39992 AU","0.557058 cm","1.1383 cm","0.000570447 Kg","0.00349697039027 Kg","0.0000000000238578 cm","0.00000000198151 cm","4.48132e-35 Kg","1.11659e-32 Kg","26.5941 MJ","94.7693 MJ","61112.4 m/s","0.0657676 m²/Kg","0.00000000247301 m²/J","61202.4 m/s","0.128775 m²/Kg","0.00000000114966 m²/J","23.6623 °","756.776","23.8738","207.244 m/s","0.13439 m²/Kg","0.00000000432328 m²/J","111948 m","74792.6 m","47.4928 °","56.9098 °","8.76037 °","92.6255 Km","1.4979 s","42.6557 °","2.96767 °","42.0237 °","2.41625 °","0.939957 AU","1.00139 km/s","1"
"15893","2021-08-11 20:40:15","8","Confirmed","Not Detected","Not detected","0.954621","111.209 °","139.094 °","157.919 °","0.141843 °","2021-08-10 09:09:58","21.5327 AU","-0.193601","0.00179555 AU","0.0199166","0.351444 °","0.000175942 °","0.568964 °","0.0954398 °","2511.1 s","10.3789 AU","0.0424355 cm","0.0305001 cm","0.000000252175 Kg","0.000000543745092154 Kg","0.0080007 cm","0.0466308 cm","0.00000000169004 Kg","0.0000000295504 Kg","365.207 MJ","1285.83 MJ","59869.1 m/s","0.863343 m²/Kg","0.00000000236398 m²/J","59932.9 m/s","0.978918 m²/Kg","0.00000000875806 m²/J","24.504 °","9613.08","1.66846","336.822 m/s","0.62052 m²/Kg","0.00000000828118 m²/J","110304 m","85091.6 m","40.5652 °","58.8119 °","9.71194 °","60.6241 Km","1.0164 s","43.1788 °","14.1754 °","42.7581 °","13.8367 °","0.977143 AU","57.149 km/s","1"
"15892","2021-08-11 19:50:50","10","Confirmed","Not Detected","Detected","0.993034","114.171 °","139.06 °","152.13 °","0.0110545 °","2021-08-10 09:02:19","137.085 AU","-0.460016","0.00107479 AU","0.0180069","0.379404 °","0.000229346 °","0.233655 °","0.0435564 °","5688.89 s","450.101 AU","0.117004 cm","0.125229 cm","0.0000052858 Kg","0.0000169721292838 Kg","0.0000000235203 cm","0.000000578174 cm","4.29381e-26 Kg","3.1665e-24 Kg","41.1153 MJ","68.6091 MJ","61068.5 m/s","0.313122 m²/Kg","0.00000000761571 m²/J","61144.7 m/s","0.426119 m²/Kg","0.00000000352054 m²/J","17.4999 °","4808.9","15.4199","336.355 m/s","0.335133 m²/Kg","0.00000000569878 m²/J","109246 m","82756.1 m","45.1576 °","57.7404 °","4.59358 °","88.0845 Km","1.4693 s","43.1871 °","12.7986 °","42.5032 °","12.3971 °","0.954884 AU","41.6893 km/s","1"
"15882","2021-08-11 00:28:07","6","Confirmed","Detected","Detected","0.995511","115.627 °","138.287 °","152.895 °","0.00554004 °","2021-08-09 14:00:08","213.413 AU","-0.498578","0.00147796 AU","0.027706","0.275428 °","0.000132957 °","0.421343 °","0.0533045 °","9517.64 s","1013.83 AU","0.0370853 cm","0.0212352 cm","0.000000168314 Kg","0.000000289131890772 Kg","0.0000173891 cm","0.000134505 cm","1.73519e-17 Kg","4.02653e-16 Kg","84.1432 MJ","91.6173 MJ","61594.9 m/s","0.987894 m²/Kg","0.0000000117406 m²/J","61762.7 m/s","1.41497 m²/Kg","0.00000000620476 m²/J","43.3375 °","6647.72","7.66513","412.311 m/s","0.565672 m²/Kg","0.00000000659374 m²/J","109417 m","80992.6 m","44.4482 °","56.137 °","6.39038 °","41.4145 Km","0.73404 s","46.0603 °","1.51525 °","45.8819 °","1.23035 °","0.958063 AU","44.7926 km/s","1"
"15867","2021-08-10 19:03:50","10","Confirmed","Not Detected","Not detected","0.959197","115.894 °","138.069 °","154.398 °","0.143438 °","2021-08-09 08:24:25","23.6477 AU","-0.30629","0.000345134 AU","0.00526966","0.15572 °","0.0000901969 °","0.0902632 °","0.0280737 °","1538.07 s","3.11379 AU","0.247427 cm","0.173641 cm","0.0000499868 Kg","0.000105240369415 Kg","0.205539 cm","3.30207 cm","0.0000286548 Kg","0.00138105 Kg","3442.27 MJ","297180 MJ","61283.8 m/s","0.148069 m²/Kg","0.000000000043015 m²/J","61302.9 m/s","0.163266 m²/Kg","0.00000000320256 m²/J","13.0725 °","3023.27","0.185479","102.127 m/s","0.103913 m²/Kg","0.00000000371531 m²/J","111497 m","84493.4 m","42.511 °","56.2786 °","2.80073 °","119.416 Km","1.9458 s","42.8899 °","12.6097 °","41.9148 °","12.1566 °","0.964898 AU","60.2738 km/s","1"
"15859","2021-08-10 00:03:54","6","Confirmed","Detected","Detected","0.959425","115.139 °","137.311 °","146.795 °","0.192128 °","2021-08-08 13:11:43","22.9876 AU","-0.277214","0.00101387 AU","0.0302013","0.345774 °","0.000160817 °","0.389693 °","0.218865 °","3362.01 s","16.9121 AU","0.0284624 cm","0.0181523 cm","0.0000000760898 Kg","0.000000145582354746 Kg","0.00000739041 cm","0.0000417401 cm","1.33205e-18 Kg","2.25697e-17 Kg","76.5831 MJ","54.94 MJ","60986.1 m/s","1.28719 m²/Kg","0.0000000168077 m²/J","60866.1 m/s","1.05395 m²/Kg","0.00000000702135 m²/J","39.3428 °","9376.76","8.25615","466.074 m/s","0.820923 m²/Kg","0.0000000121917 m²/J","108290 m","82185.3 m","46.307 °","56.183 °","5.78922 °","41.1722 Km","0.6785 s","44.4519 °","4.78339 °","44.2536 °","4.50332 °","0.93272 AU","1.00313 km/s","1"
"15792","2021-08-03 00:45:59","6","Confirmed","Not Detected","Not detected","0.867368","128.241 °","310.636 °","29.3895 °","358.846 °","2021-08-01 15:21:47","7.19375 AU","0.0890388","0.00361829 AU","0.025692","0.132853 °","0.000213944 °","1.10738 °","0.381534 °","4190.65 s","2.01609 AU","13068.3 cm","980149000 cm","7364910000 Kg","1.65715004882944e15 Kg","0","","0","","0.000838165 MJ","62.864 MJ","63730 m/s","0.00000280346 m²/Kg","0.00000000334476 m²/J","63862.7 m/s","0.166742 m²/Kg","0.00000000489256 m²/J","14.7789 °","0.0507544","823771","313.546 m/s","0.210266 m²/Kg","0.00000000338558 m²/J","110802 m","86037.4 m","38.7842 °","-15.3111 °","8.46971 °","95.8848 Km","1.525 s","43.7773 °","25.5864 °","44.2998 °","24.7085 °","0.954122 AU","63.7299 km/s","1"
"15765","2021-07-30 20:18:56","13","Confirmed","Detected","Detected","0.815149","1.57134 °","307.418 °","93.656 °","350.226 °","2021-07-27 07:21:49","2.87538 AU","2.65131","0.00203986 AU","0.000595901","0.20787 °","0.0230045 °","0.23997 °","0.0737767 °","622.144 s","0.0207965 AU","1.85324 cm","2.40757 cm","0.0210044 Kg","0.0818610762794 Kg","2.12595e-22 cm","1.88706e-20 cm","0","0","2.47915 MJ","4.42734 MJ","27142.9 m/s","0.0197688 m²/Kg","0.00000000797402 m²/J","27179.4 m/s","0.0370381 m²/Kg","0.00000000391638 m²/J","12.821 °","411.418","50.5196","68.8722 m/s","0.0256819 m²/Kg","0.00000000506491 m²/J","96653.5 m","76329.2 m","309.685 °","-16.2284 °","4.86881 °","91.3796 Km","3.3918 s","44.7186 °","5.04915 °","45.2178 °","4.18492 °","0.531516 AU","1 km/s","1"
"15748","2021-07-28 22:47:35","13","Confirmed","Not Detected","Detected","0.978179","29.0826 °","305.763 °","153.185 °","353.412 °","2021-07-26 21:05:41","2.98927 AU","2.07641","0.000727825 AU","0.000725152","1.99638 °","0.000367595 °","0.142205 °","0.291318 °","4418.35 s","0.192338 AU","0.548316 cm","0.740536 cm","0.00054401 Kg","0.00220416315527 Kg","0.00000000012775 cm","0.00000000633082 cm","6.88008e-33 Kg","1.02286e-30 Kg","14.5716 MJ","33.599 MJ","43602.4 m/s","0.0668161 m²/Kg","0.00000000458537 m²/J","43740.5 m/s","0.111315 m²/Kg","0.00000000234887 m²/J","13.2618 °","1345.12","22.18","289.79 m/s","0.0902395 m²/Kg","0.00000000458287 m²/J","95751 m","82797.1 m","338.632 °","-14.9507 °","5.81377 °","55.6775 Km","2.118 s","46.8065 °","-0.0184845 °","47.1149 °","-0.556414 °","0.0652276 AU","1 km/s","1"
"15736","2021-07-25 23:47:46","7","Confirmed","Not Detected","Detected","0.968053","110.729 °","122.944 °","155.901 °","0.0922837 °","2021-07-24 12:09:42","30.4299 AU","-0.265526","0.00201491 AU","0.0302293","0.341094 °","0.000153724 °","0.564088 °","0.13231 °","41.9301 s","30.4369 AU","0.0387312 cm","0.0283358 cm","0.000000191733 Kg","0.00000042081648509 Kg","0.000151882 cm","0.000791279 cm","0.000000000000011562 Kg","0.000000000000180708 Kg","109.43 MJ","115.085 MJ","59724 m/s","0.945913 m²/Kg","0.00000000864402 m²/J","59828.4 m/s","1.16682 m²/Kg","0.00000000772607 m²/J","44.574 °","6224.32","5.5413","460.886 m/s","0.692032 m²/Kg","0.0000000054098 m²/J","105572 m","83608.1 m","22.2497 °","53.5809 °","10.7049 °","31.2955 Km","2.494 s","43.2155 °","12.2447 °","43.0916 °","12.0343 °","0.972131 AU","55.0529 km/s","1"
"15729","2021-07-21 23:15:38","6","Confirmed","Not Detected","Not detected","0.976426","26.9606 °","299.097 °","152.266 °","353.27 °","2021-07-19 21:05:02","2.96192 AU","2.04692","0.0012787 AU","0.00134102","1.86336 °","0.000455829 °","0.22045 °","0.473922 °","1885.46 s","0.13296 AU","0.37871 cm","0.515775 cm","0.000179239 Kg","0.0007323320023715496 Kg","0.371305 cm","7.40105 cm","0.00016893 Kg","0.0101016 Kg","16071.3 MJ","15917300 MJ","43205.9 m/s","0.09674 m²/Kg","0.00000000000601943 m²/J","43376.9 m/s","0.151883 m²/Kg","0.00000000501054 m²/J","20.1669 °","1295.89","0.0197462","378.93 m/s","0.131753 m²/Kg","0.00000000596375 m²/J","94160.9 m","80551.5 m","331.815 °","-17.4626 °","8.37229 °","39.4014 Km","0.921 s","42.7746 °","5.062 °","43.0294 °","4.78031 °","0.0698243 AU","42.6241 km/s","1"
"15721","2021-07-20 00:31:56","13","Confirmed","Detected","Detected","0.974431","149.697 °","117.24 °","267.228 °","359.576 °","2021-07-18 15:52:52","21.0735 AU","-0.575341","0.00695303 AU","0.0144231","0.414311 °","0.000224366 °","1.18868 °","14.6736 °","5132.27 s","15.2795 AU","0.20253 cm","0.650922 cm","0.0000274148 Kg","0.00026432893499 Kg","5.86843e-18 cm","8.1355e-16 cm","0","0","18.9173 MJ","70.639 MJ","65096 m/s","0.180893 m²/Kg","0.00000000956231 m²/J","65324.8 m/s","0.601449 m²/Kg","0.00000000500511 m²/J","38.7303 °","1335.24","38.0801","398.999 m/s","0.58138 m²/Kg","0.00000000663283 m²/J","108810 m","80857.9 m","354.767 °","13.095 °","6.74326 °","44.6787 Km","0.697 s","46.2897 °","2.45346 °","46.4183 °","2.04773 °","0.538838 AU","1.00042 km/s","1"
"15712","2021-07-19 00:14:17","8","Confirmed","Detected","Detected","1.02708","112.58 °","116.28 °","153.605 °","0.0789052 °","2021-07-17 13:14:56","-35.5429 AU","-0.376726","0.00261854 AU","0.0333861","0.376901 °","0.000177301 °","0.679798 °","0.143339 °","1696.55 s","218.836 AU","0.0142564 cm","0.0101285 cm","0.00000000956191 Kg","0.0000000203797859071 Kg","0.0136554 cm","0.0960544 cm","0.00000000840291 Kg","0.000000177322 Kg","14607.3 MJ","2369260 MJ","60834.2 m/s","2.56982 m²/Kg","0.000000000175927 m²/J","60947.5 m/s","2.79008 m²/Kg","0.0000000241743 m²/J","41.1999 °","18017.5","0.04307","509.746 m/s","1.82573 m²/Kg","0.0000000285373 m²/J","111012 m","88796.7 m","17.0125 °","50.6449 °","11.7196 °","33.7089 Km","0.5613 s","44.8527 °","1.48467 °","44.7222 °","1.22797 °","0.962589 AU","58.3725 km/s","1"
"15704","2021-07-17 02:06:50","8","Confirmed","Not Detected","Detected","0.833969","60.1448 °","114.452 °","223.898 °","357.404 °","2021-07-14 17:19:53","5.34359 AU","1.54798","0.0016241 AU","0.0131265","0.263095 °","0.00011639 °","0.368736 °","0.332177 °","1932.7 s","0.423592 AU","0.255955 cm","0.0940683 cm","0.0000553356 Kg","0.0000610105966103 Kg","0.254088 cm","0.624272 cm","0.0000541339 Kg","0.000399006 Kg","33970.9 MJ","12009800 MJ","38242.6 m/s","0.143136 m²/Kg","0.00000000000421348 m²/J","38230.3 m/s","0.126299 m²/Kg","0.00000000124552 m²/J","77.1449 °","678.025","0.00731875","276.562 m/s","0.0526052 m²/Kg","0.00000000148895 m²/J","100497 m","65562.4 m","308.41 °","46.8134 °","10.0575 °","35.8331 Km","1.083 s","48.5515 °","0.679375 °","48.5518 °","0.78598 °","0.8872 AU","33.7666 km/s","1"
"15662","2021-07-04 21:24:48","9","Confirmed","Not Detected","Not detected","0.833273","4.0172 °","102.887 °","289.448 °","347.415 °","2021-07-01 18:16:03","2.40028 AU","2.91685","0.00107691 AU","0.000604248","0.0703793 °","0.00119399 °","0.110331 °","0.031753 °","155.242 s","0.00382011 AU","3.58542 cm","0.138608 cm","0.152102 Kg","0.0176402270719 Kg","0.563132 cm","0.0739806 cm","0.000589311 Kg","0.00023226 Kg","82.9607 MJ","7.72704 MJ","30055.8 m/s","0.0102181 m²/Kg","0.000000000123168 m²/J","30060.7 m/s","0.0102822 m²/Kg","0.000000000121775 m²/J","20.5128 °","134.666","1.85112","47.6882 m/s","0.00039502 m²/Kg","0.00000000000691314 m²/J","83741 m","44575.2 m","291.896 °","-15.4268 °","0.861122 °","111.85 Km","4.2702 s","43.8933 °","9.10306 °","44.6022 °","8.2582 °","0.400192 AU","15.5734 km/s","1"
"15661","2021-07-04 01:52:35","7","Confirmed","Detected","Not detected","0.950713","34.2863 °","102.047 °","321.98 °","351.401 °","2021-07-01 21:01:50","2.65372 AU","2.32087","0.00103073 AU","0.00130299","0.203845 °","0.000101544 °","0.0869952 °","0.264903 °","339.901 s","0.0546346 AU","0.743977 cm","0.236894 cm","0.00135892 Kg","0.00129810074041 Kg","0.000740318 cm","0.00276828 cm","0.00000000000133896 Kg","0.0000000000150204 Kg","41.0883 MJ","24.3101 MJ","40875 m/s","0.0492439 m²/Kg","0.00000000119849 m²/J","40960.4 m/s","0.0608253 m²/Kg","0.000000000952901 m²/J","39.3459 °","358.704","6.91269","148.917 m/s","0.01568 m²/Kg","0.000000000341628 m²/J","92484.1 m","61572.2 m","308.289 °","-5.37293 °","3.67549 °","48.7567 Km","1.236 s","43.7717 °","11.2555 °","44.0921 °","11.3921 °","0.130794 AU","20.1023 km/s","1"
"15598","2021-06-15 01:58:41","6","Confirmed","Not Detected","Not detected","0.607001","32.3206 °","83.932 °","152.583 °","4.42354 °","2021-06-10 21:27:25","2.47516 AU","3.02883","0.000785284 AU","0.00465246","0.0652884 °","0.000108035 °","0.247339 °","0.097329 °","1738.64 s","0.0339015 AU","17.0503 cm","12.848 cm","16.3574 Kg","36.9774768337 Kg","0.00243501 cm","0.0238924 cm","0.0000000000476449 Kg","0.00000000140248 Kg","10.5903 MJ","12.6333 MJ","23485.4 m/s","0.00214872 m²/Kg","0.000000000202896 m²/J","23527 m/s","0.00325372 m²/Kg","0.000000000109994 m²/J","47.5703 °","13.4442","8.85397","97.5491 m/s","0.00161913 m²/Kg","0.000000000111544 m²/J","82623.4 m","37845.1 m","265.521 °","83.1234 °","8.01261 °","60.6657 Km","2.648 s","41.8382 °","0.68666 °","41.4745 °","0.728808 °","0.972734 AU","1.13392 km/s","1"
"15590","2021-06-14 02:24:16","7","Confirmed","Detected","Detected","0.971369","125.773 °","82.9798 °","144.176 °","0.124607 °","2021-06-12 17:10:54","32.1703 AU","-0.533994","0.00250858 AU","0.036403","0.35863 °","0.000171978 °","0.725394 °","0.2426 °","1105.92 s","50.8676 AU","0.056939 cm","0.064027 cm","0.000000609176 Kg","0.00000205502826927 Kg","0.000000236283 cm","0.00000443658 cm","4.35325e-23 Kg","2.45217e-21 Kg","55.9702 MJ","90.3916 MJ","63875.3 m/s","0.643432 m²/Kg","0.000000011496 m²/J","64114.4 m/s","1.18208 m²/Kg","0.00000000557672 m²/J","50.0088 °","3878.52","12.3925","551.715 m/s","0.72353 m²/Kg","0.00000000681434 m²/J","108662 m","81209.5 m","352.135 °","30.5165 °","7.37774 °","35.8215 Km","0.5674 s","45.994 °","5.83556 °","46.0131 °","5.54411 °","0.921054 AU","8.18243 km/s","1"
"15587","2021-06-14 00:35:01","9","Confirmed","Not Detected","Not detected","0.99832","147.851 °","82.9026 °","142.966 °","0.00183826 °","2021-06-12 17:44:51","543.805 AU","-1.01283","0.00201497 AU","0.0409509","0.421701 °","0.000353381 °","0.566099 °","0.0738942 °","4414.56 s","31323.2 AU","0.20447 cm","0.26335 cm","0.0000282099 Kg","0.000109000132754 Kg","0.0000000037773 cm","0.000000105755 cm","1.77851e-28 Kg","1.49382e-26 Kg","45.2144 MJ","74.7472 MJ","68819 m/s","0.179177 m²/Kg","0.00000000396284 m²/J","68953.8 m/s","0.300051 m²/Kg","0.00000000202581 m²/J","24.1303 °","2024.1","17.8069","583.671 m/s","0.230774 m²/Kg","0.00000000233442 m²/J","107629 m","79187.2 m","356.475 °","18.6828 °","6.42737 °","69.4888 Km","1.051 s","41.3002 °","11.8602 °","41.2573 °","11.1165 °","0.913399 AU","4.77212 km/s","1"
"15567","2021-06-12 00:59:45","7","Confirmed","Not Detected","Not detected","0.764491","5.35484 °","81.0708 °","269.581 °","347.225 °","2021-06-08 06:08:57","2.45566 AU","2.99992","0.00123836 AU","0.00229408","0.085441 °","0.000772738 °","0.133014 °","0.183035 °","1173.87 s","0.0645074 AU","1.54932 cm","0.217378 cm","0.0122727 Kg","0.0051657584283 Kg","0.197135 cm","0.184193 cm","0.0000252816 Kg","0.0000708655 Kg","52.9544 MJ","27.7912 MJ","25341.8 m/s","0.0236467 m²/Kg","0.000000000446548 m²/J","25373.3 m/s","0.0251016 m²/Kg","0.000000000363555 m²/J","30.4633 °","215.401","2.06168","93.1201 m/s","0.00331775 m²/Kg","0.000000000174073 m²/J","79403.7 m","50352.2 m","262.023 °","-12.9191 °","3.73478 °","57.3023 Km","2.437 s","44.0395 °","4.89708 °","44.4511 °","5.11348 °","0.57833 AU","17.0078 km/s","1"
"15552","2021-06-08 22:14:17","6","Confirmed","Detected","Detected","1.01211","82.5387 °","78.0354 °","151.485 °","0.0254046 °","2021-06-07 02:48:37","-78.6913 AU","0.0970134","0.00137035 AU","0.0253926","0.561365 °","0.000263535 °","0.317611 °","0.076401 °","8569.76 s","167.516 AU","0.0302732 cm","0.0178682 cm","0.0000000915566 Kg","0.00000016211830988 Kg","0.0248506 cm","0.153696 cm","0.0000000506438 Kg","0.000000939662 Kg","2108.37 MJ","67216.2 MJ","49476.7 m/s","1.21019 m²/Kg","0.000000000573994 m²/J","49522.6 m/s","1.15376 m²/Kg","0.000000016156 m²/J","29.437 °","11371.9","0.19738","475.375 m/s","0.714291 m²/Kg","0.0000000182249 m²/J","101230 m","85723.6 m","334.604 °","54.4083 °","15.225 °","31.5722 Km","0.6559 s","45.2589 °","1.64802 °","45.0739 °","1.42342 °","0.953227 AU","47.1669 km/s","1"
"15546","2021-06-06 20:53:53","6","Confirmed","Detected","Detected","0.965498","74.1764 °","76.0685 °","151.432 °","0.122724 °","2021-06-04 21:27:51","27.6561 AU","0.559508","0.000585446 AU","0.00632322","0.191108 °","0.000104632 °","0.127919 °","0.03421 °","928.61 s","6.86012 AU","0.211793 cm","0.0601417 cm","0.0000313509 Kg","0.0000267075812204 Kg","0.20861 cm","0.74827 cm","0.0000299585 Kg","0.000322378 Kg","23183.6 MJ","5751930 MJ","45443.4 m/s","0.172982 m²/Kg","0.00000000000746138 m²/J","45419.8 m/s","0.148842 m²/Kg","0.00000000156737 m²/J","27.4008 °","1735.86","0.0151429","161.424 m/s","0.0491206 m²/Kg","0.00000000184987 m²/J","99930.5 m","73585.2 m","330.382 °","59.1735 °","4.21422 °","57.1497 Km","1.283 s","48.6246 °","-0.746503 °","48.2312 °","-1.07483 °","0.954202 AU","42.151 km/s","1"
"15500","2021-05-28 02:19:26","19","Confirmed","Detected","Detected","0.922241","4.3524 °","246.639 °","140.15 °","345.965 °","2021-05-25 15:20:27","1.98409 AU","3.0984","0.000436402 AU","0.000327176","0.129558 °","0.00208077 °","0.071051 °","0.0872873 °","52.2042 s","0.008048 AU","2.87674 cm","0.256391 cm","0.0785625 Kg","0.0210058179374 Kg","0.483304 cm","0.370788 cm","0.000372542 Kg","0.000857435 Kg","130.16 MJ","62.1248 MJ","36955.8 m/s","0.0127354 m²/Kg","0.0000000000978441 m²/J","36961.6 m/s","0.0129893 m²/Kg","0.0000000000861786 m²/J","16.2576 °","210.084","1.78377","35.6158 m/s","0.00113505 m²/Kg","0.0000000000387638 m²/J","88325.6 m","52234.6 m","269.937 °","-23.47 °","2.37089 °","129.732 Km","3.8542 s","48.3791 °","5.6865 °","49.4465 °","6.13935 °","0.154281 AU","28.8741 km/s","1"
"15497","2021-05-27 21:12:15","7","Confirmed","Not Detected","Not detected","0.714133","1.61723 °","66.6706 °","248.863 °","348.815 °","2021-05-23 03:49:42","2.59643 AU","2.99352","0.000621875 AU","0.000485069","0.0262388 °","0.00273289 °","0.0763664 °","0.0216145 °","740.41 s","0.00487252 AU","1.74816 cm","0.0785866 cm","0.0176303 Kg","0.00237764992318 Kg","0.2063 cm","0.0478169 cm","0.0000289741 Kg","0.0000201472 Kg","36.8856 MJ","4.84212 MJ","21533 m/s","0.020957 m²/Kg","0.000000000568164 m²/J","21538.9 m/s","0.0212048 m²/Kg","0.00000000055358 m²/J","32.2414 °","181.417","2.13699","33.1077 m/s","0.000942098 m²/Kg","0.0000000000498292 m²/J","81535 m","49244.3 m","232.578 °","-11.2952 °","1.32599 °","60.625 Km","3.0168 s","43.7281 °","10.7467 °","44.1531 °","10.514 °","0.742234 AU","14.9332 km/s","1"
"15420","2021-04-26 03:26:57","6","Confirmed","Not Detected","Not detected","0.635774","34.5055 °","35.8495 °","209.436 °","353.863 °","2021-04-22 06:33:32","2.624 AU","2.87188","0.000844962 AU","0.00442355","0.0985051 °","0.0000927777 °","0.23678 °","0.121394 °","307.875 s","0.028829 AU","2.43965 cm","0.330333 cm","0.0479176 Kg","0.0194643876072 Kg","0.710597 cm","0.346508 cm","0.00118409 Kg","0.00173219 Kg","85.756 MJ","43.3042 MJ","24944.7 m/s","0.0150171 m²/Kg","0.000000000175114 m²/J","24965.7 m/s","0.0156939 m²/Kg","0.000000000149373 m²/J","73.9534 °","72.1636","1.2335","109.541 m/s","0.00203334 m²/Kg","0.0000000000661078 m²/J","88055.2 m","35749.3 m","242.322 °","52.2897 °","9.2791 °","54.4265 Km","2.401 s","48.3662 °","0.756053 °","48.3133 °","0.94072 °","0.955729 AU","11.9816 km/s","1"
"15416","2021-04-25 02:32:18","6","Confirmed","Not Detected","Not detected","0.366793","3.44225 °","34.9799 °","136.722 °","13.2478 °","2021-04-13 15:28:06","1.47324 AU","4.53584","0.000505929 AU","0.00244299","0.127531 °","0.00276193 °","0.0515677 °","0.0557384 °","2468.51 s","0.00212136 AU","4.74375 cm","0.910732 cm","0.352273 Kg","0.20289400219917297 Kg","4.73691 cm","5.98785 cm","0.350751 Kg","1.33014 Kg","21391.9 MJ","21503400 MJ","13474.9 m/s","0.00772308 m²/Kg","0.000000000000361028 m²/J","13428.8 m/s","0.00640329 m²/Kg","0.000000000333813 m²/J","18.4891 °","112.469","0.00144296","58.7024 m/s","0.00148272 m²/Kg","0.000000000362842 m²/J","73516.1 m","41579.3 m","52.0031 °","58.6405 °","1.26241 °","100.741 Km","8.1547 s","48.576 °","3.80459 °","47.7436 °","3.53594 °","0.932866 AU","9.93893 km/s","1"
"15414","2021-04-24 20:26:37","10","Confirmed","Not Detected","Detected","0.561046","1.20065 °","34.7308 °","280.071 °","321.146 °","2021-04-19 23:47:48","1.32191 AU","4.77021","0.00377853 AU","0.000918585","0.0833521 °","0.0101522 °","0.55374 °","0.342451 °","2757.07 s","0.00686324 AU","1754920000 cm","7.19589e16 cm","1.78357e25 Kg","2.19399965708e33 Kg","0","","0","","0.00000107075 MJ","43.9052 MJ","21245.4 m/s","0.0000000000208763 m²/Kg","0.0000000000194968 m²/J","21261.1 m/s","0.000675379 m²/Kg","0.0000000000824325 m²/J","22.3492 °","0.000000253546","71662100","80.4452 m/s","0.000856012 m²/Kg","0.000000000079738 m²/J","86596.3 m","39927.8 m","214.18 °","-7.7322 °","6.93881 °","123.138 Km","5.708 s","42.1449 °","5.35965 °","42.7278 °","4.23659 °","0.58026 AU","21.2454 km/s","1"
"15404","2021-04-24 02:11:29","6","Confirmed","Detected","Detected","0.963548","114.641 °","33.8416 °","199.688 °","359.89 °","2021-04-22 15:35:23","26.7979 AU","0.193961","0.00179231 AU","0.0347699","0.442226 °","0.000180879 °","0.774047 °","18.2024 °","8789.13 s","9.79503 AU","0.163769 cm","0.443363 cm","0.0000144948 Kg","0.000117722720445 Kg","1.23627e-20 cm","1.68503e-18 cm","0","0","14.5833 MJ","46.2372 MJ","61458 m/s","0.223707 m²/Kg","0.00000001534 m²/J","61758 m/s","0.638221 m²/Kg","0.00000000722015 m²/J","44.1969 °","1481.97","44.0303","544.84 m/s","0.605627 m²/Kg","0.0000000103426 m²/J","106669 m","82692 m","290.04 °","16.749 °","9.26338 °","34.3904 Km","0.5711 s","43.926 °","1.31544 °","44.0087 °","1.0352 °","0.976845 AU","1.00055 km/s","1"
"15388","2021-04-23 00:29:14","8","Confirmed","Not Detected","Not detected","1.00442","80.0621 °","32.8002 °","214.037 °","-0.00811218 °","2021-04-21 04:32:13","-207.926 AU","0.180365","0.00139143 AU","0.0115997","0.217933 °","0.0000846967 °","0.342926 °","15.8977 °","4999.51 s","604.482 AU","0.0809804 cm","0.0191667 cm","0.00000175248 Kg","0.00000124434836867 Kg","0.00286075 cm","0.00616747 cm","0.0000000000772599 Kg","0.000000000499692 Kg","121.461 MJ","85.86 MJ","48873 m/s","0.45241 m²/Kg","0.00000000372475 m²/J","48886.8 m/s","0.47537 m²/Kg","0.0000000030227 m²/J","55.5122 °","2534.82","3.34312","235.824 m/s","0.107078 m²/Kg","0.0000000019608 m²/J","106146 m","72757.7 m","272.074 °","33.3387 °","5.46723 °","40.5111 Km","0.8582 s","42.72 °","11.1369 °","42.7246 °","10.8608 °","0.919093 AU","41.8491 km/s","1"
"15385","2021-04-22 23:54:37","6","Confirmed","Not Detected","Not detected","0.989311","82.5548 °","32.7763 °","214.88 °","359.969 °","2021-04-21 04:49:45","85.6542 AU","0.214077","0.00266296 AU","0.019005","0.38468 °","0.000154201 °","0.643877 °","15.6081 °","7268.86 s","145.749 AU","0.0602828 cm","0.02724 cm","0.000000722927 Kg","0.0000009800070301935193 Kg","0.00796905 cm","0.0286073 cm","0.00000000167007 Kg","0.0000000179857 Kg","208.517 MJ","394.947 MJ","49819.1 m/s","0.607741 m²/Kg","0.00000000291459 m²/J","49817.9 m/s","0.557106 m²/Kg","0.0000000060661 m²/J","48.155 °","3767.59","2.02348","404.129 m/s","0.27462 m²/Kg","0.00000000489803 m²/J","103131 m","78299.1 m","272.999 °","31.8443 °","9.40287 °","33.3246 Km","0.7938 s","43.2211 °","11.7221 °","43.214 °","11.4526 °","0.915579 AU","46.5421 km/s","1"
"15365","2021-04-17 02:08:52","6","Confirmed","Not Detected","Not detected","0.810004","0.389027 °","206.466 °","107.024 °","346.052 °","2021-04-13 21:11:39","2.2483 AU","3.08952","0.0020503 AU","0.00379961","0.237418 °","5.01755 °","5.03553 °","0.36967 °","2127.96 s","0.0472918 AU","1.27113 cm","0.369919 cm","0.00677768 Kg","0.00591724803344 Kg","0.0286941 cm","0.0561415 cm","0.0000000779632 Kg","0.000000457618 Kg","37.7899 MJ","22.7698 MJ","29029.4 m/s","0.0288219 m²/Kg","0.000000000762689 m²/J","29134 m/s","0.0340661 m²/Kg","0.000000000603398 m²/J","26.6063 °","297.205","3.79097","210.978 m/s","0.00838766 m²/Kg","0.000000000246299 m²/J","83483.3 m","54050.1 m","214.115 °","-11.0555 °","1.53805 °","65.7125 Km","2.6255 s","43.7212 °","11.0461 °","44.1307 °","11.4964 °","0.427168 AU","15.6254 km/s","1"
"15364","2021-04-17 01:28:58","10","Confirmed","Detected","Detected","0.97359","117.84 °","26.9795 °","116.875 °","0.231426 °","2021-04-15 14:40:49","27.7356 AU","-0.304743","0.00220742 AU","0.0082606","0.199611 °","0.00011705 °","0.30757 °","0.109828 °","582.46 s","9.41846 AU","3132490 cm","29498200000000 cm","1.01434e17 Kg","2.86555788715e24 Kg","0.383299 cm","41913600 cm","0.000185835 Kg","60963.1 Kg","39.993 MJ","287033000 MJ","61191.1 m/s","0.0000000116956 m²/Kg","2.92442e-16 m²/J","61299.5 m/s","0.087336 m²/Kg","0.00000000200544 m²/J","16.9085 °","0.00018571","15.9163","164.26 m/s","0.110136 m²/Kg","0.0000000023762 m²/J","107276 m","79976.8 m","313.196 °","16.2432 °","4.95144 °","94.0154 Km","1.5438 s","48.2112 °","3.63697 °","48.1304 °","2.451 °","0.732507 AU","61.1911 km/s","1"
"15348","2021-04-08 23:06:30","9","Confirmed","Not Detected","Detected","0.872756","1.47714 °","19.1566 °","298.549 °","348.667 °","2021-04-06 04:23:45","2.4433 AU","2.81014","0.00415719 AU","0.00300427","0.142893 °","3.18067 °","3.0668 °","0.299386 °","1943.75 s","0.0435803 AU","0.730893 cm","0.845041 cm","0.00128847 Kg","0.00446910954687 Kg","0.000000000000427756 cm","0.0000000000196807 cm","2.58287e-40 Kg","3.56508e-38 Kg","6.66121 MJ","11.2145 MJ","33221.6 m/s","0.0501255 m²/Kg","0.00000000752498 m²/J","33303.5 m/s","0.0816553 m²/Kg","0.00000000350477 m²/J","34.211 °","411.726","28.1667","233.016 m/s","0.0579539 m²/Kg","0.00000000517139 m²/J","84438.2 m","71348.7 m","210.445 °","-9.42439 °","7.53408 °","23.2923 Km","0.72 s","44.1064 °","9.98752 °","44.2673 °","9.90588 °","0.310895 AU","3.84809 km/s","1"
"15328","2021-04-03 21:58:15","9","Confirmed","Not Detected","Not detected","0.981193","99.8699 °","14.071 °","193.631 °","359.971 °","2021-04-02 08:21:16","52.4324 AU","-0.119047","0.000983223 AU","0.00791979","0.310087 °","0.000217795 °","0.504057 °","10.2665 °","1075.91 s","27.3093 AU","0.187357 cm","0.0980413 cm","0.000021703 Kg","0.0000340707746742 Kg","0.00000810481 cm","0.0000673193 cm","1.75688e-18 Kg","4.37785e-17 Kg","54.6875 MJ","47.8602 MJ","56854.7 m/s","0.195544 m²/Kg","0.00000000357565 m²/J","56896.7 m/s","0.228567 m²/Kg","0.0000000023572 m²/J","11.876 °","4388.16","10.0483","218.575 m/s","0.102326 m²/Kg","0.00000000181639 m²/J","104596 m","81566.9 m","273.43 °","24.8191 °","3.75936 °","111.411 Km","1.9778 s","43.5298 °","15.1404 °","43.152 °","13.9206 °","0.986108 AU","52.5509 km/s","1"
"15291","2021-03-25 02:26:34","7","Confirmed","Detected","Not detected","0.508109","2.62584 °","4.45591 °","231.301 °","341.078 °","2021-03-17 18:11:20","1.77079 AU","3.94207","0.000406993 AU","0.00227484","0.0482006 °","0.000983614 °","0.0882527 °","0.161762 °","1596.92 s","0.00783374 AU","2.45786 cm","0.16581 cm","0.0489988 Kg","0.00991651245469 Kg","0.948719 cm","0.151098 cm","0.00281791 Kg","0.00134639 Kg","45.3632 MJ","10.9735 MJ","15937.9 m/s","0.0149058 m²/Kg","0.000000000328588 m²/J","15946.8 m/s","0.0150825 m²/Kg","0.000000000316651 m²/J","41.5139 °","103.859","0.951933","67.9566 m/s","0.00100556 m²/Kg","0.0000000000582158 m²/J","75760.6 m","36032.2 m","173.698 °","20.2107 °","4.60418 °","59.9219 Km","4.367 s","46.5968 °","4.40142 °","46.7047 °","4.96083 °","0.871036 AU","6.61932 km/s","1"
"15280","2021-03-22 22:18:36","12","Confirmed","Detected","Detected","0.971741","111.09 °","2.22278 °","176.662 °","0.00441375 °","2021-03-21 11:15:55","35.2377 AU","-0.294441","0.00033142 AU","0.00150401","0.260101 °","0.000277946 °","0.669598 °","0.00205419 °","788.385 s","1.99926 AU","0.679427 cm","1.91744 cm","0.001035 Kg","0.00876277011595 Kg","0","","0","","1.78726 MJ","5.83534 MJ","60884.8 m/s","0.0539225 m²/Kg","0.0000000301705 m²/J","60941.7 m/s","0.152163 m²/Kg","0.0000000142542 m²/J","2.57446 °","5544.03","352.598","108.18 m/s","0.152177 m²/Kg","0.0000000217643 m²/J","116002 m","103148 m","271.78 °","18.1666 °","1.42942 °","290.124 Km","4.7751 s","46.1041 °","12.8218 °","45.0766 °","9.47548 °","0.995798 AU","1.56231 km/s","1"
"15270","2021-03-21 00:56:17","6","Confirmed","Not Detected","Not detected","0.82153","5.13663 °","0.372821 °","282.883 °","348.349 °","2021-03-17 20:26:31","2.50184 AU","2.86717","0.00136277 AU","0.00175677","0.057126 °","0.000243141 °","0.108842 °","0.144082 °","804.1 s","0.0192945 AU","1.26712 cm","0.123524 cm","0.00671373 Kg","0.00196344803101 Kg","0.115998 cm","0.0458667 cm","0.00000515067 Kg","0.00000610988 Kg","61.1318 MJ","12.8209 MJ","29321.9 m/s","0.0289132 m²/Kg","0.000000000472964 m²/J","29343.8 m/s","0.0298679 m²/Kg","0.000000000451543 m²/J","44.8844 °","189.218","2.39093","100.741 m/s","0.00281858 m²/Kg","0.000000000054916 m²/J","90809 m","46603.9 m","189.196 °","3.78613 °","2.55932 °","62.6619 Km","2.3006 s","47.7148 °","6.95428 °","48.0969 °","7.10399 °","0.446503 AU","16.158 km/s","1"
"15242","2021-03-09 18:40:42","8","Confirmed","Not Detected","Detected","0.657027","13.2423 °","349.133 °","129.723 °","7.31006 °","2021-03-04 03:52:05","2.48107 AU","3.15376","0.000692468 AU","0.000895495","0.0317695 °","0.0000829382 °","0.134395 °","0.0457103 °","324.579 s","0.0090241 AU","4.28047 cm","0.103409 cm","0.258814 Kg","0.0187576471396 Kg","1.26655 cm","0.0684923 cm","0.00670467 Kg","0.00108773 Kg","48.9908 MJ","3.25103 MJ","18733.3 m/s","0.00855896 m²/Kg","0.000000000174705 m²/J","18735 m/s","0.00857092 m²/Kg","0.000000000174253 m²/J","27.389 °","85.9227","1.21777","37.469 m/s","0.000206771 m²/Kg","0.00000000000750242 m²/J","77465.3 m","35852.9 m","2.09274 °","38.0658 °","3.89368 °","90.4594 Km","5.5064 s","43.4133 °","0.414769 °","43.0776 °","1.28085 °","0.850941 AU","8.15909 km/s","1"
"15235","2021-03-06 05:20:31","7","Confirmed","Detected","Not detected","0.765446","4.32774 °","345.597 °","274.909 °","345.705 °","2021-03-02 15:18:20","2.23805 AU","3.16643","0.000282756 AU","0.00103521","0.0609531 °","0.000307389 °","0.0189989 °","0.0979264 °","1011.46 s","0.00875909 AU","2.62157 cm","0.124505 cm","0.0594567 Kg","0.00847123588829 Kg","0.0778558 cm","0.0193073 cm","0.00000155735 Kg","0.00000115861 Kg","33.4636 MJ","2.8709 MJ","26310.4 m/s","0.0139749 m²/Kg","0.000000000417616 m²/J","26316.3 m/s","0.0141179 m²/Kg","0.000000000413146 m²/J","18.0187 °","208.643","3.51667","40.3387 m/s","0.000663705 m²/Kg","0.0000000000170666 m²/J","82984.5 m","50001.7 m","174.326 °","12.3936 °","0.799412 °","106.394 Km","4.5243 s","48.1719 °","6.16437 °","48.198 °","7.51018 °","0.524943 AU","15.257 km/s","1"
"15231","2021-03-06 01:46:19","8","Confirmed","Not Detected","Detected","0.643574","10.675 °","165.423 °","29.5067 °","353.341 °","2021-02-27 04:03:46","2.64216 AU","3.04116","0.000356596 AU","0.00084743","0.0765958 °","0.0000585949 °","0.11637 °","0.0476261 °","1155.85 s","0.00708624 AU","6.85131 cm","0.21792 cm","1.06129 Kg","0.101269532402 Kg","2.40873 cm","0.159013 cm","0.046119 Kg","0.00913368 Kg","44.0962 MJ","4.18472 MJ","16466.6 m/s","0.00534736 m²/Kg","0.000000000121266 m²/J","16470 m/s","0.00536956 m²/Kg","0.000000000120098 m²/J","11.5597 °","123.236","1.04534","27.5141 m/s","0.000170084 m²/Kg","0.00000000000780544 m²/J","82292.4 m","37099.7 m","128.945 °","-3.54033 °","2.99498 °","220.559 Km","15.517 s","48.3828 °","4.71183 °","49.0288 °","7.44931 °","0.941733 AU","6.43945 km/s","1"
"15221","2021-03-01 22:36:02","7","Confirmed","Not Detected","Detected","0.167808","13.221 °","341.322 °","310.983 °","232.765 °","2021-02-19 10:41:53","0.907513 AU","6.53479","0.0024952 AU","0.00124053","0.0664514 °","0.000570106 °","0.548407 °","0.54227 °","3623.24 s","0.00161071 AU","3.88407 cm","0.287847 cm","0.193364 Kg","0.0429904279636 Kg","2.32124 cm","0.372125 cm","0.0412739 Kg","0.0198502 Kg","65.0411 MJ","29.6399 MJ","14034 m/s","0.00943246 m²/Kg","0.000000000145023 m²/J","14042.3 m/s","0.00957006 m²/Kg","0.00000000013232 m²/J","49.2773 °","57.4778","0.514782","65.1147 m/s","0.000699035 m²/Kg","0.0000000000557084 m²/J","70687.6 m","28772.7 m","202.886 °","46.5408 °","5.0656 °","55.3108 Km","4.74295 s","48.9075 °","2.26255 °","48.792 °","1.80706 °","0.755226 AU","4.62049 km/s","1"
"15200","2021-02-27 21:43:27","9","Confirmed","Not Detected","Detected","0.717069","4.26503 °","159.235 °","65.8728 °","349.65 °","2021-02-23 03:46:45","2.63655 AU","3.14312","0.000628634 AU","0.000805007","0.0230589 °","0.0000385988 °","0.0772983 °","0.0351767 °","127.095 s","0.0265765 AU","5.43276 cm","0.132561 cm","0.529146 Kg","0.0387339345578 Kg","3.55833 cm","0.0738948 cm","0.14868 Kg","0.00926279 Kg","185.28 MJ","19.9157 MJ","21475.4 m/s","0.0067436 m²/Kg","0.0000000000363967 m²/J","21477.5 m/s","0.00675368 m²/Kg","0.0000000000361831 m²/J","49.2031 °","41.1387","0.423156","46.1195 m/s","0.000164546 m²/Kg","0.00000000000304105 m²/J","86620.2 m","23497.9 m","145.849 °","8.04355 °","1.20641 °","83.3814 Km","5.1011 s","43.9036 °","0.801077 °","44.3062 °","0.423044 °","0.745963 AU","3.26681 km/s","1"
"15179","2021-02-24 21:08:59","7","Confirmed","Not Detected","Not detected","0.94643","65.0822 °","336.194 °","247.654 °","359.179 °","2021-02-22 19:32:20","12.9086 AU","0.842789","0.00539504 AU","0.00627829","0.361994 °","0.000138323 °","0.742262 °","0.154074 °","7509.39 s","2.6855 AU","0.220916 cm","0.092265 cm","0.0000355791 Kg","0.0000445785847868 Kg","0.134721 cm","0.921204 cm","0.00000806905 Kg","0.000165525 Kg","655.914 MJ","9358.53 MJ","43683.2 m/s","0.165838 m²/Kg","0.000000000252836 m²/J","43654.8 m/s","0.138594 m²/Kg","0.0000000031737 m²/J","28.1735 °","1622.13","0.494574","233.561 m/s","0.069262 m²/Kg","0.00000000355122 m²/J","96054.6 m","75423.2 m","210.878 °","40.5618 °","19.1286 °","43.6691 Km","1.019 s","40.8617 °","13.91 °","40.6873 °","13.5231 °","0.69151 AU","42.0226 km/s","1"
"15084","2021-01-19 18:41:58","8","Confirmed","Detected","Detected","0.672665","48.0963 °","299.631 °","204.185 °","355.826 °","2021-01-16 20:11:51","2.89993 AU","2.56017","0.00017454 AU","0.00103664","0.0766494 °","0.0000486127 °","0.0689158 °","0.0300226 °","736.085 s","0.0216491 AU","0.918893 cm","0.0876414 cm","0.00256041 Kg","0.000732612938257 Kg","0.00156165 cm","0.00154008 cm","0.000000000012568 Kg","0.0000000000371831 Kg","26.5413 MJ","4.55703 MJ","31554.4 m/s","0.0398701 m²/Kg","0.00000000150219 m²/J","31571.5 m/s","0.0416817 m²/Kg","0.00000000143653 m²/J","25.7792 °","423.377","6.37743","54.5887 m/s","0.00380269 m²/Kg","0.000000000122589 m²/J","94600.9 m","59697.9 m","226.375 °","70.4333 °","1.87529 °","80.2545 Km","2.6348 s","45.7092 °","2.47426 °","45.0669 °","2.49825 °","0.949249 AU","21.3285 km/s","1"
"15056","2021-01-13 04:07:40","6","Confirmed","Not Detected","Not detected","0.98768","130.906 °","112.903 °","9.72641 °","359.989 °","2021-01-11 20:40:08","79.2667 AU","-0.733732","0.00101886 AU","0.0354783","0.175691 °","0.00029571 °","0.792947 °","40.8792 °","9208.74 s","213.633 AU","0.0208271 cm","0.0103492 cm","0.0000000298124 Kg","0.0000000444423047129 Kg","0.00457211 cm","0.0256345 cm","0.000000000315402 Kg","0.00000000530511 Kg","505.929 MJ","1949.99 MJ","67175.3 m/s","1.75908 m²/Kg","0.00000000347692 m²/J","67152 m/s","1.58541 m²/Kg","0.000000012892 m²/J","14.093 °","33363","1.51628","416.711 m/s","0.874102 m²/Kg","0.0000000126232 m²/J","110966 m","92159.9 m","185.41 °","-33.2166 °","5.78875 °","77.0706 Km","1.1585 s","41.9043 °","3.45009 °","42.5624 °","3.35003 °","0.976546 AU","64.0095 km/s","1"
"14929","2020-12-17 20:09:29","6","Confirmed","Not Detected","Detected","0.83975","2.59987 °","266.043 °","291.982 °","347.23 °","2020-12-14 19:26:30","2.28998 AU","3.01011","0.00432053 AU","0.00318702","0.133725 °","0.00174106 °","0.428859 °","0.210058 °","1182.34 s","0.0325282 AU","0.545374 cm","0.10102 cm","0.0005353 Kg","0.000297461626402 Kg","0.0903372 cm","0.0610346 cm","0.00000243284 Kg","0.00000493111 Kg","90.6348 MJ","44.2566 MJ","30960.5 m/s","0.0671766 m²/Kg","0.000000000741179 m²/J","31032.2 m/s","0.0725444 m²/Kg","0.000000000631529 m²/J","40.7573 °","475.196","1.79792","247.734 m/s","0.0124431 m²/Kg","0.000000000228816 m²/J","87889.7 m","51206.5 m","96.5248 °","26.337 °","5.25842 °","56.2386 Km","2.013 s","43.4925 °","10.0715 °","43.4963 °","9.55013 °","0.366971 AU","15.7006 km/s","1"
"14885","2020-12-14 04:40:30","6","Confirmed","Not Detected","Detected","0.893872","22.847 °","262.363 °","324.951 °","333.787 °","2020-12-11 15:42:42","1.31379 AU","4.37542","0.00200321 AU","0.00290888","0.304778 °","0.00011502 °","0.176738 °","0.754608 °","6195.68 s","0.0195413 AU","0.437962 cm","0.142809 cm","0.000277219 Kg","0.000271184455343 Kg","0.0141439 cm","0.0369965 cm","0.00000000933723 Kg","0.0000000732709 Kg","63.124 MJ","53.9332 MJ","35702.6 m/s","0.0836519 m²/Kg","0.0000000013252 m²/J","35737.8 m/s","0.0922813 m²/Kg","0.000000000954181 m²/J","55.0697 °","471.21","3.43285","298.991 m/s","0.027277 m²/Kg","0.00000000077669 m²/J","93644.7 m","58956.9 m","115.591 °","32.5661 °","6.74222 °","42.3099 Km","1.2125 s","42.7768 °","5.03133 °","42.7867 °","5.32358 °","0.139431 AU","29.1547 km/s","1"
"14880","2020-12-14 04:28:56","9","Confirmed","Not Detected","Detected","0.889738","22.9294 °","262.355 °","324.057 °","333.837 °","2020-12-11 15:08:34","1.32134 AU","4.35929","0.0021497 AU","0.0014652","0.134263 °","0.0000543605 °","0.363441 °","0.459752 °","719.247 s","0.0156485 AU","0.769326 cm","0.13343 cm","0.0015026 Kg","0.000781826923476 Kg","0.209145 cm","0.224921 cm","0.0000301896 Kg","0.0000974003 Kg","164.465 MJ","156.105 MJ","35497.6 m/s","0.0476214 m²/Kg","0.000000000289553 m²/J","35491.4 m/s","0.0468146 m²/Kg","0.000000000308239 m²/J","52.677 °","276.556","1.30249","138.309 m/s","0.00825937 m²/Kg","0.000000000230356 m²/J","93535.3 m","50425.1 m","115.301 °","32.9846 °","9.66945 °","54.1988 Km","1.615 s","42.8238 °","11.1074 °","42.8218 °","11.5046 °","0.145694 AU","26.6845 km/s","1"
"14870","2020-12-14 03:26:03","13","Confirmed","Not Detected","Detected","0.889591","23.2067 °","262.31 °","324.308 °","333.469 °","2020-12-11 14:05:02","1.30952 AU","4.39425","0.000744164 AU","0.00106232","0.0943978 °","0.0000320943 °","0.0623754 °","0.260045 °","2084.29 s","0.00625218 AU","1.36611 cm","0.213355 cm","0.00841347 Kg","0.00394196175469 Kg","0.352382 cm","0.263066 cm","0.000144396 Kg","0.00032339 Kg","158.728 MJ","103.938 MJ","35569.2 m/s","0.0268179 m²/Kg","0.000000000168955 m²/J","35582.2 m/s","0.027872 m²/Kg","0.000000000138071 m²/J","66.2569 °","135.303","1.35501","108.461 m/s","0.00418834 m²/Kg","0.0000000000877179 m²/J","95712.6 m","53744.5 m","115.151 °","32.8508 °","1.73271 °","45.8448 Km","2.709 s","44.8192 °","7.06584 °","44.879 °","7.28071 °","0.144583 AU","21.3905 km/s","1"
"14864","2020-12-14 02:50:15","6","Confirmed","Not Detected","Detected","0.891505","22.5449 °","262.284 °","324.071 °","334.295 °","2020-12-11 13:40:43","1.33423 AU","4.32244","0.00159539 AU","0.00174037","0.258372 °","0.000059789 °","0.233773 °","0.488321 °","2650.79 s","0.0145494 AU","1.7565 cm","0.337351 cm","0.0178837 Kg","0.0103041809774 Kg","0.065558 cm","0.124027 cm","0.000000929802 Kg","0.00000527718 Kg","65.8868 MJ","41.8042 MJ","35698.5 m/s","0.0208576 m²/Kg","0.000000000316567 m²/J","35723 m/s","0.0232049 m²/Kg","0.000000000223141 m²/J","72.2671 °","101.13","3.28814","179.464 m/s","0.00400589 m²/Kg","0.000000000143554 m²/J","95376.7 m","46717.9 m","114.637 °","32.4589 °","7.53042 °","51.0841 Km","1.4694 s","41.8195 °","7.97576 °","41.8802 °","8.1422 °","0.144758 AU","20.5709 km/s","1"
"14861","2020-12-14 02:39:18","8","Confirmed","Not Detected","Detected","0.8835","23.1549 °","262.276 °","323.992 °","332.256 °","2020-12-11 12:34:45","1.28009 AU","4.49174","0.00322487 AU","0.00306997","0.462858 °","0.000103871 °","0.441591 °","0.735915 °","7677.07 s","0.0180646 AU","0.636381 cm","0.109073 cm","0.000850481 Kg","0.00043730600737035275 Kg","0.382047 cm","0.263436 cm","0.00018402 Kg","0.000380665 Kg","412.739 MJ","668.037 MJ","35197 m/s","0.0575699 m²/Kg","0.000000000139483 m²/J","35147.8 m/s","0.0530783 m²/Kg","0.000000000256679 m²/J","72.0259 °","279.51","0.510253","285.547 m/s","0.00986723 m²/Kg","0.000000000206359 m²/J","93744.6 m","47224.2 m","115.133 °","32.9729 °","13.8063 °","48.9093 Km","1.4885 s","41.2804 °","12.3447 °","41.3293 °","12.5108 °","0.14913 AU","23.8762 km/s","1"
"14858","2020-12-14 02:30:37","6","Confirmed","Not Detected","Detected","0.887361","23.7713 °","262.27 °","323.892 °","333.422 °","2020-12-11 13:03:21","1.31106 AU","4.4044","0.000604167 AU","0.000676003","0.10341 °","0.0000203442 °","0.0782504 °","0.158524 °","390.196 s","0.00482078 AU","0.845184 cm","0.0716078 cm","0.00199236 Kg","0.000506405415841 Kg","0.0528054 cm","0.0292668 cm","0.000000485903 Kg","0.000000807918 Kg","77.6909 MJ","17.962 MJ","35598.4 m/s","0.0433472 m²/Kg","0.000000000557944 m²/J","35609.2 m/s","0.04436 m²/Kg","0.000000000529915 m²/J","78.8992 °","204.003","2.77294","67.8283 m/s","0.00367257 m²/Kg","0.0000000000847568 m²/J","93911.7 m","50660.8 m","114.786 °","33.0126 °","2.59137 °","44.0747 Km","1.5792 s","42.4851 °","1.35633 °","42.5485 °","1.41181 °","0.147676 AU","16.2901 km/s","1"
"14857","2020-12-14 02:18:32","9","Confirmed","Not Detected","Detected","0.888001","23.1049 °","262.261 °","325.102 °","331.947 °","2020-12-11 12:31:56","1.26496 AU","4.5129","0.00100987 AU","0.00133985","0.169611 °","0.00003761 °","0.100267 °","0.295544 °","2013.35 s","0.00768049 AU","2.05251 cm","0.930047 cm","0.0285345 Kg","0.0387892635412 Kg","0.0179273 cm","0.0655851 cm","0.0000000190135 Kg","0.000000208676 Kg","44.9578 MJ","39.0308 MJ","35407.1 m/s","0.0178495 m²/Kg","0.000000000397029 m²/J","35471.9 m/s","0.0241364 m²/Kg","0.000000000259469 m²/J","73.626 °","85.9173","4.74049","136.733 m/s","0.00808809 m²/Kg","0.000000000177381 m²/J","94957.4 m","43591.5 m","115.442 °","32.5791 °","3.41627 °","53.5385 Km","1.604 s","43.9603 °","12.8093 °","44.0456 °","12.9532 °","0.141675 AU","3.44466 km/s","1"
"14856","2020-12-14 02:17:07","9","Confirmed","Not Detected","Not detected","0.883019","22.5374 °","262.26 °","324.441 °","331.508 °","2020-12-11 11:55:34","1.25884 AU","4.56023","0.00241311 AU","0.00215848","0.217649 °","0.0000527344 °","0.368575 °","0.598769 °","3287.39 s","0.0169599 AU","0.86621 cm","0.178529 cm","0.00214479 Kg","0.00132614398574 Kg","0.859722 cm","0.695789 cm","0.00209695 Kg","0.0050913 Kg","27837 MJ","3659450 MJ","35088.7 m/s","0.042295 m²/Kg","0.00000000000151938 m²/J","34992.6 m/s","0.0359799 m²/Kg","0.000000000168967 m²/J","75.6371 °","201.629","0.00751899","210.623 m/s","0.00871715 m²/Kg","0.000000000199457 m²/J","93407.6 m","44096.6 m","115.102 °","32.6279 °","9.1782 °","50.9017 Km","1.52997 s","42.1381 °","11.3655 °","42.2066 °","11.4854 °","0.147261 AU","24.4448 km/s","1"
"14850","2020-12-14 01:55:32","6","Confirmed","Not Detected","Detected","0.890125","24.1884 °","262.244 °","324.542 °","333.308 °","2020-12-11 12:44:14","1.3035 AU","4.37345","0.00294334 AU","0.00367415","0.694013 °","0.000127173 °","0.344833 °","0.859393 °","3889.67 s","0.0436238 AU","0.498865 cm","0.100263 cm","0.000409698 Kg","0.000247025840931 Kg","0.0976452 cm","0.0865934 cm","0.00000307232 Kg","0.00000817376 Kg","133.701 MJ","89.1636 MJ","35815.4 m/s","0.0734394 m²/Kg","0.00000000054928 m²/J","35863.3 m/s","0.0792576 m²/Kg","0.000000000421704 m²/J","79.7913 °","344.613","1.631","378.318 m/s","0.01476 m²/Kg","0.000000000266515 m²/J","91402.8 m","50511.3 m","114.907 °","32.8682 °","15.3665 °","41.549 Km","1.232 s","42.661 °","-0.137595 °","42.7241 °","-0.161757 °","0.143221 AU","23.4371 km/s","1"
"14839","2020-12-14 00:49:17","7","Confirmed","Not Detected","Detected","0.88902","22.9403 °","262.197 °","324.121 °","333.562 °","2020-12-11 11:23:37","1.3134 AU","4.36805","0.0020251 AU","0.00202893","0.228288 °","0.0000423049 °","0.25698 °","0.433636 °","3010.55 s","0.0106215 AU","0.797618 cm","0.366301 cm","0.00167455 Kg","0.00230708359462 Kg","0.00277859 cm","0.0135267 cm","0.0000000000707927 Kg","0.0000000010339 Kg","38.3518 MJ","36.3075 MJ","35732.6 m/s","0.0459322 m²/Kg","0.00000000119765 m²/J","35849.5 m/s","0.0624648 m²/Kg","0.000000000696394 m²/J","72.6897 °","222.188","5.65969","199.766 m/s","0.0210941 m²/Kg","0.000000000616138 m²/J","96237.1 m","53247.1 m","113.97 °","32.5323 °","5.84142 °","45.0295 Km","1.3027 s","43.4113 °","1.78066 °","43.4772 °","1.64433 °","0.145761 AU","7.20806 km/s","1"
"14838","2020-12-14 00:44:52","8","Confirmed","Not Detected","Not detected","0.8916","23.391 °","262.194 °","324.07 °","334.325 °","2020-12-11 11:42:56","1.33504 AU","4.31775","0.00165743 AU","0.00171273","0.21384 °","0.0000399538 °","0.198736 °","0.341565 °","1301.63 s","0.00887429 AU","0.604303 cm","0.110926 cm","0.000728247 Kg","0.000401030206889 Kg","0.299296 cm","0.29109 cm","0.0000884738 Kg","0.000258145 Kg","312.744 MJ","501.938 MJ","35953.2 m/s","0.0606258 m²/Kg","0.000000000193851 m²/J","35910.6 m/s","0.0553392 m²/Kg","0.000000000358288 m²/J","73.274 °","292.351","0.702645","169.575 m/s","0.0111284 m²/Kg","0.000000000281242 m²/J","94790 m","50698.4 m","113.99 °","32.6445 °","4.71018 °","46.041 Km","1.354 s","44.2264 °","4.58994 °","44.3006 °","4.46232 °","0.144718 AU","28.0052 km/s","1"
"14835","2020-12-14 00:19:07","6","Confirmed","Not Detected","Detected","0.891707","24.3786 °","262.176 °","324.605 °","333.658 °","2020-12-11 11:23:05","1.3125 AU","4.38885","0.00127152 AU","0.00126931","0.180959 °","0.0000331482 °","0.169612 °","0.293906 °","1723.4 s","0.0121769 AU","0.898128 cm","0.1342 cm","0.00239072 Kg","0.00107168057313 Kg","0.894165 cm","0.717083 cm","0.00235921 Kg","0.00567597 Kg","49831.7 MJ","10356900 MJ","36003.9 m/s","0.0407919 m²/Kg","0.000000000000818594 m²/J","35961.6 m/s","0.0369712 m²/Kg","0.000000000137492 m²/J","71.8594 °","198.239","0.00442224","128.071 m/s","0.00609523 m²/Kg","0.000000000170034 m²/J","93710.1 m","43959.8 m","114.504 °","32.894 °","4.56906 °","52.3389 Km","1.51345 s","45.0935 °","9.77417 °","45.1802 °","9.61052 °","0.142134 AU","25.6484 km/s","1"
"14827","2020-12-13 23:18:37","6","Confirmed","Not Detected","Not detected","0.892828","23.1641 °","262.132 °","324.377 °","334.261 °","2020-12-11 10:23:28","1.33107 AU","4.32511","0.00157479 AU","0.00178159","0.268508 °","0.0000502593 °","0.150602 °","0.302048 °","224.526 s","0.00778126 AU","0.433677 cm","0.110233 cm","0.000269162 Kg","0.000205249352158 Kg","0.0152772 cm","0.0318847 cm","0.0000000117665 Kg","0.0000000736725 Kg","66.0647 MJ","46.412 MJ","36066.6 m/s","0.0854821 m²/Kg","0.00000000125656 m²/J","36126.9 m/s","0.0969052 m²/Kg","0.000000000889134 m²/J","63.8576 °","434.596","3.34594","176.649 m/s","0.0214729 m²/Kg","0.000000000594957 m²/J","92638.9 m","56891.6 m","113.607 °","32.434 °","4.48912 °","39.8201 Km","1.1548 s","43.2316 °","10.9131 °","43.2703 °","10.7062 °","0.142653 AU","27.1768 km/s","1"
"14810","2020-12-13 19:50:52","7","Confirmed","Not Detected","Detected","0.892149","23.6065 °","261.986 °","325.093 °","333.116 °","2020-12-11 06:43:40","1.2947 AU","4.43159","0.00387134 AU","0.00301555","0.305067 °","0.000159284 °","0.516934 °","0.270644 °","5126.09 s","0.00587357 AU","1.32952 cm","0.4056 cm","0.00775538 Kg","0.00709783844423 Kg","0.0194064 cm","0.0555169 cm","0.0000000241183 Kg","0.00000020699 Kg","52.3901 MJ","39.543 MJ","36092.4 m/s","0.027556 m²/Kg","0.000000000525977 m²/J","36181.3 m/s","0.0330567 m²/Kg","0.000000000353691 m²/J","26.7849 °","282.395","4.22698","247.943 m/s","0.00840654 m²/Kg","0.000000000245146 m²/J","91465.4 m","53331 m","112.576 °","33.1428 °","5.61253 °","84.6031 Km","2.4714 s","47.2691 °","7.75838 °","47.0305 °","6.83796 °","0.139634 AU","23.524 km/s","1"
"14808","2020-12-13 18:10:38","6","Confirmed","Not Detected","Not detected","0.883196","23.6611 °","261.915 °","324.192 °","331.901 °","2020-12-11 04:03:10","1.26995 AU","4.52154","0.00162648 AU","0.000942478","0.0749276 °","0.0000768465 °","0.245557 °","0.0936018 °","1347.92 s","0.00403452 AU","0.816887 cm","0.235201 cm","0.00179887 Kg","0.00155381351173 Kg","0.0000248994 cm","0.000183359 cm","5.09427e-17 Kg","0.00000000000000112543 Kg","20.6942 MJ","15.2473 MJ","35578.1 m/s","0.0448488 m²/Kg","0.00000000216721 m²/J","35608.9 m/s","0.0542849 m²/Kg","0.00000000137045 m²/J","12.8606 °","930.545","10.3984","55.4448 m/s","0.012913 m²/Kg","0.00000000102073 m²/J","99618.5 m","69677.9 m","111.645 °","34.1262 °","2.50896 °","135.444 Km","3.883 s","42.7023 °","12.2466 °","42.0322 °","10.9473 °","0.148336 AU","30.3737 km/s","1"
"14774","2020-12-08 19:40:17","6","Confirmed","Detected","Detected","0.649213","74.6399 °","256.897 °","169.416 °","1.2846 °","2020-12-06 18:16:50","2.78906 AU","2.16081","0.000352879 AU","0.002668","0.116879 °","0.0000844581 °","0.275917 °","0.0364321 °","1421.73 s","0.020047 AU","2.07975 cm","0.943561 cm","0.0296856 Kg","0.0404042216746 Kg","0.00000000603464 cm","0.000000109709 cm","7.25218e-28 Kg","3.9553e-26 Kg","16.4461 MJ","15.6279 MJ","43609 m/s","0.0176158 m²/Kg","0.00000000107112 m²/J","43661.3 m/s","0.0238925 m²/Kg","0.000000000605764 m²/J","15.5264 °","303.916","19.658","89.3672 m/s","0.0079921 m²/Kg","0.000000000559915 m²/J","98798 m","65537.5 m","213.102 °","56.5978 °","3.79627 °","122.945 Km","2.849 s","48.5623 °","1.39166 °","47.5291 °","1.67876 °","0.978367 AU","38.8805 km/s","1"
"14754","2020-12-04 00:52:04","6","Confirmed","Not Detected","Detected","0.889723","145.831 °","252.046 °","174.054 °","0.111738 °","2020-12-02 18:23:33","8.91487 AU","-0.398757","0.00115158 AU","0.0995776","0.592479 °","0.000438756 °","1.20953 °","0.117705 °","27352.1 s","7.06419 AU","0.844129 cm","12.276 cm","0.00198491 Kg","0.0865986231688 Kg","0","0","0","0","6.67739 MJ","101.634 MJ","69550.1 m/s","0.0434014 m²/Kg","0.00000000649975 m²/J","70427.7 m/s","0.489693 m²/Kg","0.00000000302547 m²/J","27.4568 °","434.711","123.151","1271.41 m/s","0.631178 m²/Kg","0.00000000888258 m²/J","100920 m","80744.7 m","173.234 °","24.5826 °","17.178 °","43.7963 Km","0.63421 s","44.4857 °","12.627 °","44.4359 °","12.1504 °","0.983105 AU","9.22078 km/s","1"
"14731","2020-11-30 04:21:30","6","Confirmed","Not Detected","Detected","1.00742","130.354 °","68.1365 °","123.965 °","-0.223389 °","2020-11-28 17:05:34","-28.9538 AU","-0.549861","0.0109022 AU","0.0124887","0.821495 °","0.00024293 °","2.12828 °","38.2123 °","9014.65 s","51.1215 AU","0.11422 cm","0.0643943 cm","0.00000491745 Kg","0.00000831700613069 Kg","0.000998869 cm","0.00390825 cm","0.00000000000328882 Kg","0.0000000000386042 Kg","129.146 MJ","121.343 MJ","60002.7 m/s","0.320753 m²/Kg","0.00000000248365 m²/J","60130.3 m/s","0.389402 m²/Kg","0.00000000161397 m²/J","48.5557 °","1976.12","4.73926","791.922 m/s","0.180832 m²/Kg","0.00000000130631 m²/J","105448 m","70038.8 m","116.66 °","6.55524 °","15.6221 °","47.2358 Km","0.832 s","41.8204 °","6.17936 °","42.039 °","6.40863 °","0.214758 AU","47.9651 km/s","1"
"14724","2020-11-28 18:38:23","6","Confirmed","Not Detected","Detected","0.776856","2.19589 °","246.705 °","248.643 °","352.37 °","2020-11-24 06:48:25","3.19201 AU","2.61557","0.00224258 AU","0.00286516","0.207739 °","0.00127762 °","0.292879 °","0.145145 °","16.2537 s","0.0387839 AU","0.130481 cm","0.0432019 cm","0.00000733093 Kg","0.00000728172800502 Kg","0.129531 cm","0.44668 cm","0.00000717189 Kg","0.0000741956 Kg","11751.9 MJ","5849000 MJ","22481 m/s","0.280779 m²/Kg","0.0000000000238922 m²/J","22451.7 m/s","0.237651 m²/Kg","0.0000000098517 m²/J","38.3499 °","2089.88","0.00731094","136.26 m/s","0.0929647 m²/Kg","0.0000000118865 m²/J","90343.8 m","71537.5 m","49.4635 °","25.3365 °","15.5453 °","30.3092 Km","1.3748 s","49.4343 °","2.29158 °","49.4518 °","1.96904 °","0.712278 AU","20.8945 km/s","1"
"14700","2020-11-25 20:06:09","10","Confirmed","Not Detected","Not detected","0.747021","15.8308 °","243.737 °","256.042 °","349.337 °","2020-11-21 19:58:29","2.63561 AU","2.8999","0.00172678 AU","0.00268773","0.0788184 °","0.0000927475 °","0.195067 °","0.166859 °","3142.87 s","0.0232901 AU","1.73782 cm","0.283219 cm","0.0173192 Kg","0.00846774680432 Kg","0.82953 cm","0.609025 cm","0.00188369 Kg","0.00414891 Kg","137.51 MJ","164.4 MJ","24457.9 m/s","0.0210818 m²/Kg","0.000000000153311 m²/J","24419.4 m/s","0.0196075 m²/Kg","0.000000000231502 m²/J","63.6598 °","108.639","0.739528","125.986 m/s","0.00343578 m²/Kg","0.000000000160843 m²/J","77750 m","40899.4 m","50.1493 °","43.8931 °","6.13595 °","41.1217 Km","2.855 s","45.5168 °","6.47415 °","45.488 °","6.24645 °","0.666754 AU","17.4044 km/s","1"
"14693","2020-11-25 02:52:29","7","Confirmed","Not Detected","Not detected","0.954284","143.685 °","243.016 °","170.307 °","0.0555267 °","2020-11-23 20:27:05","21.4412 AU","-0.806863","0.000563909 AU","0.0420709","0.180744 °","0.000107581 °","0.366597 °","0.0784087 °","7628.16 s","53.7966 AU","0.0715222 cm","0.0464301 cm","0.00000120736 Kg","0.00000235134397265 Kg","0.0000116894 cm","0.000102363 cm","5.27101e-18 Kg","1.38474e-16 Kg","94.6143 MJ","102.49 MJ","69660.9 m/s","0.512238 m²/Kg","0.00000000541396 m²/J","69847.8 m/s","0.731498 m²/Kg","0.00000000310163 m²/J","49.7485 °","3099.54","8.71908","530.357 m/s","0.33253 m²/Kg","0.00000000284159 m²/J","111495 m","75421.1 m","166.868 °","28.6956 °","6.16753 °","47.2515 Km","0.7014 s","42.1955 °","12.4851 °","42.2149 °","12.1218 °","0.980204 AU","1.02233 km/s","1"
"14651","2020-11-22 05:09:37","6","Confirmed","Not Detected","Not detected","0.993622","133.867 °","60.0779 °","91.9516 °","359.94 °","2020-11-20 19:47:47","75.0479 AU","-4.14669","0.00990586 AU","0.0212213","0.390291 °","0.000183824 °","1.7795 °","31.6212 °","10.2 s","0.527953 AU","4.67913 cm","310.378 cm","0.338072 Kg","67.275522879 Kg","0","","0","","1.29264 MJ","86.4583 MJ","63262.2 m/s","0.00782974 m²/Kg","0.00000000605716 m²/J","63625.1 m/s","0.420925 m²/Kg","0.00000000287441 m²/J","39.0878 °","57.3492","526.331","587.167 m/s","0.519366 m²/Kg","0.00000000507663 m²/J","104104 m","77225.4 m","118.046 °","1.1535 °","7.82568 °","42.6152 Km","0.6752 s","41.7435 °","13.0383 °","41.9474 °","13.3207 °","0.478625 AU","1.00091 km/s","1"
"14610","2020-11-19 01:01:58","9","Confirmed","Not Detected","Not detected","0.948199","162.287 °","236.878 °","174.829 °","0.0292662 °","2020-11-17 19:41:01","19.0415 AU","-0.708374","0.000658714 AU","0.0518057","0.340609 °","0.000266392 °","0.807234 °","0.0390578 °","1599.71 s","3.17476 AU","0.0281131 cm","0.0350379 cm","0.0000000733232 Kg","0.000000274152040909 Kg","0.00000000699146 cm","0.0000000622472 cm","1.12776e-27 Kg","3.01224e-26 Kg","58.4052 MJ","34.49 MJ","72281 m/s","1.30318 m²/Kg","0.0000000223127 m²/J","72066.6 m/s","0.70645 m²/Kg","0.0000000096445 m²/J","21.0256 °","16774.2","15.2071","638.019 m/s","1.62417 m²/Kg","0.0000000291413 m²/J","110549 m","89955.3 m","154.32 °","21.7749 °","10.3416 °","57.3776 Km","0.802 s","45.6426 °","-0.68824 °","45.5607 °","-1.35391 °","0.986369 AU","1.37455 km/s","1"
"14609","2020-11-19 00:57:38","8","Confirmed","Detected","Not detected","0.888568","163.207 °","236.876 °","174.183 °","0.111713 °","2020-11-17 19:24:00","8.84785 AU","-0.557392","0.000656654 AU","0.0638968","0.175487 °","0.00025912 °","0.693522 °","0.0816398 °","1475.37 s","5.00126 AU","1282.45 cm","226007000 cm","6960410 Kg","3679912957830 Kg","0","9.80909e-45 cm","0","0","6.98079 MJ","1194590 MJ","71731.6 m/s","0.0000285675 m²/Kg","0.0000000000040923 m²/J","72406.4 m/s","4.40282 m²/Kg","0.0000000253743 m²/J","25.9996 °","0.30096","125.304","797.513 m/s","5.03447 m²/Kg","0.0000000288307 m²/J","115043 m","93217.1 m","154.255 °","21.1323 °","3.90963 °","49.7375 Km","0.6923 s","43.2425 °","8.35087 °","43.2073 °","7.81173 °","0.985932 AU","71.7316 km/s","1"
"14591","2020-11-18 03:31:18","13","Confirmed","Detected","Detected","1.0122","140.568 °","235.973 °","106.219 °","0.0938306 °","2020-11-16 19:46:46","-51.6345 AU","-0.86315","0.00253907 AU","0.0133628","0.09803 °","0.0000773805 °","0.51421 °","0.150835 °","4097.61 s","56.91 AU","0.0295023 cm","0.00820133 cm","0.000000084739 Kg","0.0000000706696000864 Kg","0.0290328 cm","0.0745925 cm","0.0000000807575 Kg","0.000000622457 Kg","47497 MJ","8007410 MJ","66948 m/s","1.24181 m²/Kg","0.0000000000261451 m²/J","66909.4 m/s","1.0922 m²/Kg","0.00000000373067 m²/J","30.962 °","11147.3","0.016042","239.448 m/s","0.34521 m²/Kg","0.00000000440392 m²/J","116991 m","79878 m","179.25 °","21.3284 °","4.56375 °","72.1612 Km","1.0382 s","42.2954 °","2.52493 °","42.2817 °","1.78618 °","0.630126 AU","59.2641 km/s","1"
"14587","2020-11-18 02:28:12","9","Confirmed","Not Detected","Not detected","0.894459","162.928 °","235.931 °","172.779 °","0.137897 °","2020-11-16 20:55:40","9.33111 AU","-0.545081","0.000330538 AU","0.0240022","0.124604 °","0.0000686438 °","0.310463 °","0.046319 °","1620.35 s","1.97542 AU","2.32664 cm","121.015 cm","0.0415623 Kg","6.4853263764 Kg","0","","0","","0.905936 MJ","47.2036 MJ","71695.8 m/s","0.0157465 m²/Kg","0.0000000173815 m²/J","71900.1 m/s","0.691283 m²/Kg","0.0000000171227 m²/J","42.4558 °","107.731","964.58","299.48 m/s","0.819021 m²/Kg","0.00000000642593 m²/J","105161 m","84852.6 m","153.995 °","21.4156 °","5.06421 °","30.1131 Km","1.4447 s","42.9791 °","8.50304 °","43.0143 °","8.2387 °","0.984816 AU","19.8341 km/s","1"
"14584","2020-11-18 01:34:38","9","Confirmed","Detected","Not detected","0.778628","161.236 °","235.892 °","173.816 °","0.352231 °","2020-11-16 19:23:26","4.45411 AU","-0.367808","0.00250799 AU","0.262191","0.892166 °","0.00097273 °","2.52012 °","0.530247 °","35536 s","9.67876 AU","6435820 cm","2.09441e16 cm","8.7968e17 Kg","8.58823426231e27 Kg","0.00152416 cm","91978000 cm","0.0000000000116843 Kg","2.11534 Kg","37.9228 MJ","108804000000 MJ","70314.8 m/s","0.00000000569258 m²/Kg","1.5011e-16 m²/J","72363.4 m/s","11.4219 m²/Kg","0.0000000329476 m²/J","30.3914 °","0.0000519653","22.1637","3396.58 m/s","18.5254 m²/Kg","0.0000000689367 m²/J","116956 m","94327.7 m","153.711 °","22.4374 °","20.3916 °","44.6898 Km","0.634 s","47.6517 °","4.22708 °","47.6483 °","3.72249 °","0.986014 AU","70.3148 km/s","1"
"14583","2020-11-18 01:34:32","9","Confirmed","Not Detected","Detected","0.64875","21.635 °","55.8998 °","22.7321 °","355.038 °","2020-11-12 14:16:05","2.72831 AU","-0.279676","23.1693 AU","58.452","266.5 °","3.07679 °","9401.99 °","2996.39 °","1970620 s","6.01502 AU","0.00861745 cm","0.0834476 cm","0.00000000211179 Kg","0.0000000613489169465 Kg","0.000173739 cm","0.0130464 cm","0.0000000000000173064 Kg","0.00000000000389871 Kg","16.0355 MJ","191.302 MJ","19189.8 m/s","4.25141 m²/Kg","0.000000265125 m²/J","119418 m/s","37.317 m²/Kg","0.0000000833112 m²/J","-1.2241 °","-919063","3.90399","226836 m/s","41.1688 m²/Kg","0.00000134933 m²/J","99383.9 m","99882.9 m","53.7005 °","-40.7348 °","12.2094 °","26.0455 Km","0.6397 s","41.3193 °","10.9185 °","41.1153 °","10.7751 °","0.958318 AU","1 km/s","1"
"14582","2020-11-18 00:55:09","8","Confirmed","Not Detected","Detected","0.893911","162.696 °","235.865 °","174.455 °","0.0967963 °","2020-11-16 19:23:36","9.29744 AU","-0.585127","0.000909061 AU","0.0569222","0.242087 °","0.000298357 °","1.06871 °","0.0557681 °","13588.3 s","5.22351 AU","37.8798 cm","138378 cm","179.364 Kg","1965701.78393 Kg","0","","0","","0.130246 MJ","475.664 MJ","71755.2 m/s","0.000967175 m²/Kg","0.00000000742574 m²/J","72239.9 m/s","2.90615 m²/Kg","0.0000000168636 m²/J","20.5825 °","12.7053","6720.32","708.109 m/s","3.53318 m²/Kg","0.0000000446089 m²/J","115481 m","92722.7 m","153.227 °","21.8069 °","13.0155 °","64.6197 Km","0.957 s","41.0891 °","1.49987 °","40.9839 °","0.805935 °","0.986359 AU","71.7537 km/s","1"
"14580","2020-11-17 20:07:32","6","Confirmed","Not Detected","Not detected","0.684443","6.48024 °","55.666 °","83.0688 °","342.732 °","2020-11-13 09:48:20","2.01335 AU","3.48539","0.00139817 AU","0.00148498","0.12249 °","0.000205106 °","0.154072 °","0.104878 °","3505.44 s","0.00652053 AU","1.82022 cm","0.323728 cm","0.0199013 Kg","0.0106184516379 Kg","1.55174 cm","2.1765 cm","0.0123303 Kg","0.051884 Kg","548.937 MJ","5357.38 MJ","22699.7 m/s","0.0201275 m²/Kg","0.0000000000366663 m²/J","22654.1 m/s","0.0176491 m²/Kg","0.000000000322969 m²/J","38.6901 °","148.699","0.159576","97.7951 m/s","0.00357971 m²/Kg","0.000000000352122 m²/J","71830.8 m","46935.1 m","51.5405 °","11.2931 °","5.15794 °","39.8794 Km","2.904 s","44.9278 °","7.14211 °","45.0507 °","6.79104 °","0.635328 AU","18.9891 km/s","1"
"14572","2020-11-17 03:16:00","8","Confirmed","Detected","Detected","0.876811","161.604 °","234.956 °","172.353 °","0.188145 °","2020-11-15 21:33:23","7.99271 AU","-0.470324","0.000943151 AU","0.0323025","0.169292 °","0.0000814289 °","0.871544 °","0.0827847 °","7556.88 s","2.28536 AU","11.8238 cm","5447.75 cm","5.45484 Kg","7539.89013671875 Kg","0","","0","","0.2231 MJ","102.853 MJ","71337.2 m/s","0.00309853 m²/Kg","0.0000000138886 m²/J","71580.2 m/s","1.07974 m²/Kg","0.0000000101512 m²/J","48.456 °","19.1191","3877.77","406.021 m/s","1.42764 m²/Kg","0.0000000179386 m²/J","116545 m","85205 m","153.498 °","22.4087 °","11.7982 °","41.8757 Km","0.583049 s","43.8719 °","4.99557 °","43.9437 °","4.67002 °","0.984616 AU","71.3256 km/s","1"
"14569","2020-11-16 23:59:44","7","Confirmed","Not Detected","Detected","0.927194","161.749 °","234.817 °","172.151 °","0.0871194 °","2020-11-15 18:31:02","13.5196 AU","-0.819962","0.00059764 AU","0.0270441","0.111351 °","0.000166066 °","0.4743 °","0.043112 °","1407.67 s","7.36201 AU","0.017394 cm","0.0110912 cm","0.0000000173665 Kg","0.0000000332211575212 Kg","0.00000000292889 cm","0.0000000508099 cm","8.29128e-29 Kg","4.31508e-27 Kg","56.4818 MJ","65.3024 MJ","71986.4 m/s","2.10626 m²/Kg","0.000000037291 m²/J","72104.8 m/s","3.00641 m²/Kg","0.0000000176778 m²/J","17.0308 °","33211.4","15.597","333.5 m/s","1.34305 m²/Kg","0.0000000224818 m²/J","115880 m","94328.1 m","153.075 °","22.5067 °","3.66949 °","73.226 Km","1.0128 s","43.3559 °","10.1228 °","43.1962 °","9.30328 °","0.984309 AU","59.7112 km/s","1"
"14566","2020-11-16 01:47:02","6","Confirmed","Detected","Detected","0.871067","160.955 °","233.884 °","171.452 °","0.23249 °","2020-11-14 20:02:21","7.63069 AU","-0.437561","0.00116007 AU","0.0297109","0.119825 °","0.00010426 °","0.92245 °","0.0826181 °","3274.3 s","1.75676 AU","0.617962 cm","7.71568 cm","0.000778752 Kg","0.0291697615167 Kg","0","0","0","0","2.63131 MJ","33.8961 MJ","71259.7 m/s","0.0592858 m²/Kg","0.0000000225309 m²/J","71512.8 m/s","0.614398 m²/Kg","0.0000000103964 m²/J","31.2564 °","527.675","328.069","373.616 m/s","0.740224 m²/Kg","0.0000000254705 m²/J","116572 m","88102.8 m","152.604 °","23.0964 °","12.7409 °","54.7784 Km","0.76867 s","45.8991 °","2.73674 °","45.887 °","2.14352 °","0.983849 AU","1.00081 km/s","1"
"14506","2020-11-07 17:18:52","7","Confirmed","Detected","Detected","0.744199","4.43288 °","45.4753 °","104.841 °","339.613 °","2020-11-04 02:01:58","1.79749 AU","3.67804","0.00204444 AU","0.000137282","0.180389 °","0.0000861901 °","0.290444 °","0.145124 °","1080.1 s","0.00914515 AU","0.174736 cm","0.0205435 cm","0.0000176059 Kg","0.00000620973659186 Kg","0.169799 cm","0.213588 cm","0.0000161556 Kg","0.0000609657 Kg","4202.07 MJ","199892 MJ","26614.5 m/s","0.209667 m²/Kg","0.0000000000498962 m²/J","26588.6 m/s","0.192186 m²/Kg","0.00000000194895 m²/J","10.2914 °","5419.88","0.0286564","49.9871 m/s","0.0246504 m²/Kg","0.00000000236825 m²/J","99209.3 m","74994.4 m","48.6051 °","16.6261 °","1.31307 °","135.54 Km","5.276 s","43.0422 °","11.1916 °","42.7698 °","9.62367 °","0.459799 AU","23.365 km/s","1"
"14502","2020-11-06 21:00:34","7","Confirmed","Not Detected","Detected","0.857571","93.3 °","224.626 °","190.128 °","359.508 °","2020-11-05 04:55:30","6.90821 AU","0.905997","0.00109851 AU","0.0325217","0.592702 °","0.000335213 °","0.882295 °","0.206237 °","565.054 s","1.24587 AU","0.015465 cm","0.00828979 cm","0.0000000122057 Kg","0.0000000196281004653 Kg","0.0000312492 cm","0.000165856 cm","1.007e-16 Kg","0.00000000000000160341 Kg","77.5895 MJ","73.3852 MJ","53213.9 m/s","2.36899 m²/Kg","0.0000000305323 m²/J","53370.2 m/s","2.88062 m²/Kg","0.000000019549 m²/J","24.4792 °","26403","6.20434","637.098 m/s","1.26986 m²/Kg","0.0000000163528 m²/J","106208 m","88831.6 m","160.174 °","65.8447 °","4.78714 °","41.9096 Km","0.8212 s","47.0473 °","5.60669 °","46.7164 °","5.50662 °","0.983931 AU","47.2467 km/s","1"
"14493","2020-11-05 21:24:18","7","Confirmed","Not Detected","Detected","0.822928","8.06877 °","43.6431 °","116.531 °","343.287 °","2020-11-02 19:43:54","1.94206 AU","3.22103","0.00883118 AU","0.00875439","0.860497 °","0.000723653 °","0.728421 °","0.767692 °","3011.25 s","0.0259342 AU","15.6886 cm","409.266 cm","12.7428 Kg","997.261375874 Kg","0","0","0","0","0.669995 MJ","17.8128 MJ","30578.4 m/s","0.00233522 m²/Kg","0.00000000348543 m²/J","31101.7 m/s","0.0544492 m²/Kg","0.00000000164501 m²/J","36.5528 °","18.1081","237.25","676.133 m/s","0.0609185 m²/Kg","0.00000000209976 m²/J","80015.3 m","63499.8 m","55.3516 °","14.336 °","12.3964 °","27.727 Km","0.9321 s","48.2102 °","-1.39547 °","48.2826 °","-1.67147 °","0.343885 AU","1.04598 km/s","1"
"14461","2020-10-30 21:59:24","6","Confirmed","Not Detected","Not detected","0.877007","3.79154 °","37.6646 °","124.884 °","346.606 °","2020-10-28 03:36:09","2.1432 AU","4.23827","0.00493879 AU","0.00520683","0.39902 °","0.000848186 °","0.476708 °","0.673464 °","10837.6 s","0.169187 AU","2.24187 cm","0.891127 cm","0.0371829 Kg","0.0443398099133 Kg","0.135398 cm","0.262824 cm","0.00000819119 Kg","0.0000477005 Kg","67.6847 MJ","55.2892 MJ","33429.5 m/s","0.0163419 m²/Kg","0.000000000241442 m²/J","33512.6 m/s","0.0187989 m²/Kg","0.000000000167559 m²/J","53.6627 °","93.6887","2.80685","413.077 m/s","0.0064958 m²/Kg","0.000000000127929 m²/J","76439.5 m","44462.8 m","52.2901 °","17.0697 °","12.1849 °","39.7249 Km","1.2825 s","40.9491 °","11.1647 °","41.0587 °","10.9279 °","0.263598 AU","24.3962 km/s","1"
"14427","2020-10-20 22:48:07","8","Confirmed","Detected","Detected","0.986312","169.638 °","207.723 °","238.056 °","359.917 °","2020-10-19 16:42:42","55.7247 AU","-0.880319","0.0103161 AU","0.0314321","0.318749 °","0.000207323 °","1.88182 °","47.1942 °","10443.2 s","78.1253 AU","0.237481 cm","1.5178 cm","0.0000441978 Kg","0.000847436979149 Kg","0.00154115 cm","0.0305949 cm","0.0000000000120795 Kg","0.000000000719404 Kg","167.867 MJ","837.443 MJ","70529.2 m/s","0.154271 m²/Kg","0.000000000919004 m²/J","70834.6 m/s","0.910525 m²/Kg","0.00000000317222 m²/J","26.108 °","1618.97","5.03756","565.784 m/s","0.985981 m²/Kg","0.0000000030256 m²/J","112675 m","79996.6 m","102.227 °","28.5776 °","11.2479 °","74.4493 Km","1.036 s","43.7923 °","10.9015 °","43.6328 °","10.114 °","0.762762 AU","69.1574 km/s","1"
"14420","2020-10-19 03:36:54","6","Confirmed","Not Detected","Not detected","0.982375","75.9416 °","25.9354 °","78.2341 °","359.803 °","2020-10-17 06:40:20","34.219 AU","0.081443","0.00302154 AU","0.00658427","0.140391 °","0.0000864727 °","0.501171 °","9.57561 °","2924.2 s","39.1845 AU","0.100045 cm","0.11389 cm","0.00000330445 Kg","0.0000112852792156 Kg","0.0000000000168762 cm","0.00000000051596 cm","1.58612e-35 Kg","1.45479e-33 Kg","17.1243 MJ","23.9753 MJ","47610.4 m/s","0.366199 m²/Kg","0.0000000213847 m²/J","47648.6 m/s","0.537467 m²/Kg","0.0000000263587 m²/J","26.3215 °","3814.05","22.503","151.226 m/s","0.416878 m²/Kg","0.0000000191998 m²/J","105328 m","89692.9 m","72.3899 °","-20.2565 °","5.25715 °","35.2288 Km","0.7473 s","42.5607 °","0.69983 °","42.8355 °","0.771835 °","0.603098 AU","47.0809 km/s","1"
"14347","2020-09-30 21:10:39","6","Confirmed","Not Detected","Detected","0.858807","4.12735 °","187.902 °","301.77 °","345.506 °","2020-09-27 23:39:40","2.08882 AU","3.141","0.00301954 AU","0.00202858","0.131883 °","0.000726576 °","0.403967 °","0.32009 °","1338.13 s","0.0306601 AU","0.610635 cm","0.196576 cm","0.00075138 Kg","0.000725654566779 Kg","0.00335968 cm","0.0120208 cm","0.000000000125144 Kg","0.00000000134327 Kg","33.8645 MJ","25.5009 MJ","32192.9 m/s","0.0599971 m²/Kg","0.00000000177168 m²/J","32258.4 m/s","0.0735651 m²/Kg","0.00000000118544 m²/J","37.3248 °","456.974","5.20265","143.618 m/s","0.0193143 m²/Kg","0.000000000798137 m²/J","92992.3 m","60072.7 m","19.1271 °","12.8516 °","8.19687 °","54.2757 Km","1.7624 s","41.4421 °","0.75159 °","41.5566 °","0.264142 °","0.294927 AU","23.2523 km/s","1"
"14346","2020-09-30 21:07:41","9","Confirmed","Detected","Detected","0.711848","0.446182 °","7.63175 °","59.1862 °","350.678 °","2020-09-25 10:13:47","2.77531 AU","2.90248","0.00113828 AU","0.00296274","0.0725727 °","0.0472472 °","0.195081 °","0.171443 °","1197.97 s","0.00858106 AU","9.76375 cm","1.91752 cm","3.0716 Kg","1.80971305321 Kg","1.08045 cm","1.23271 cm","0.00416221 Kg","0.0142463 Kg","29.2896 MJ","17.794 MJ","19474.7 m/s","0.00375228 m²/Kg","0.00000000012811 m²/J","19495.5 m/s","0.00409955 m²/Kg","0.0000000000981886 m²/J","40.6055 °","26.625","2.2013","85.6751 m/s","0.000736919 m²/Kg","0.0000000000543827 m²/J","80896.6 m","32731.1 m","349.81 °","-0.214542 °","7.00743 °","73.9978 Km","4.011 s","45.8742 °","3.3709 °","46.3222 °","3.0487 °","0.799712 AU","11.8656 km/s","1"
"14335","2020-09-28 21:23:21","6","Confirmed","Detected","Detected","0.947873","3.53898 °","5.8972 °","143.46 °","349.872 °","2020-09-26 13:22:18","2.35505 AU","8.67579","0.00267053 AU","0.00189639","0.616582 °","0.0167812 °","0.379096 °","0.372909 °","5987.24 s","0.246586 AU","0.731771 cm","0.401334 cm","0.00129312 Kg","0.00212761008239 Kg","0.000249158 cm","0.00185284 cm","0.0000000000000510434 Kg","0.00000000000113874 Kg","32.4771 MJ","32.6294 MJ","39057.6 m/s","0.0500653 m²/Kg","0.00000000154156 m²/J","39181 m/s","0.0696843 m²/Kg","0.00000000088352 m²/J","33.0431 °","424.031","7.98514","248.118 m/s","0.027458 m²/Kg","0.000000000802701 m²/J","87719.8 m","62317.9 m","27.8417 °","11.0594 °","10.6315 °","46.5801 Km","1.2345 s","43.4231 °","4.75588 °","43.5268 °","4.30069 °","0.122762 AU","24.5258 km/s","1"
"14320","2020-09-25 23:40:55","6","Confirmed","Detected","Detected","0.944844","134.629 °","183.074 °","191.902 °","359.872 °","2020-09-24 15:59:46","17.9882 AU","-0.566408","0.00105899 AU","0.0414684","0.305496 °","0.000184543 °","0.73281 °","0.154681 °","9037.38 s","13.4542 AU","0.0266739 cm","0.0222831 cm","0.0000000626284 Kg","0.000000156957429874 Kg","0.000000161398 cm","0.00000231967 cm","1.38743e-23 Kg","5.98217e-22 Kg","63.2732 MJ","80.3154 MJ","66873.3 m/s","1.37349 m²/Kg","0.0000000217074 m²/J","67027.6 m/s","1.915 m²/Kg","0.0000000101949 m²/J","35.8001 °","10843.6","12.0153","573.421 m/s","1.1474 m²/Kg","0.0000000138026 m²/J","111467 m","85595.4 m","88.78 °","49.9472 °","3.31101 °","44.2338 Km","0.6585 s","44.1816 °","5.36126 °","43.9859 °","5.01354 °","0.99216 AU","1.01024 km/s","1"
"14287","2020-09-17 21:56:32","9","Confirmed","Not Detected","Detected","0.901326","25.5105 °","355.173 °","152.309 °","323.688 °","2020-09-15 06:42:48","1.08167 AU","5.16654","0.00170681 AU","0.00207339","1.65826 °","0.0000714967 °","0.164223 °","0.510588 °","9123.72 s","0.00581047 AU","0.404066 cm","0.511046 cm","0.000217706 Kg","0.000826036758436 Kg","0.000000000000115899 cm","0.00000000000563799 cm","5.13716e-42 Kg","7.49755e-40 Kg","7.21764 MJ","12.5848 MJ","35016.3 m/s","0.0906693 m²/Kg","0.0000000125622 m²/J","35164 m/s","0.16041 m²/Kg","0.00000000572928 m²/J","21.1205 °","1162.07","28.8799","377.419 m/s","0.114675 m²/Kg","0.0000000080265 m²/J","87164.2 m","77858.6 m","28.59 °","3.00655 °","5.78292 °","25.8323 Km","0.76 s","48.8019 °","1.65052 °","48.8775 °","1.34734 °","0.106732 AU","1.15653 km/s","1"
"14280","2020-09-16 03:17:01","7","Confirmed","Detected","Detected","0.845011","60.396 °","353.444 °","219.124 °","29.279 °","2020-09-13 20:06:31","1.21103 AU","4.55303","3.02051 AU","0.116068","293.837 °","0.217025 °","608.281 °","766.069 °","256442 s","20.2896 AU","524.632 cm","2527480000 cm","476517 Kg","6887029866496 Kg","0","","0","","0.0587455 MJ","282992 MJ","39680.7 m/s","0.0000698325 m²/Kg","0.00000000118873 m²/J","55742.5 m/s","273.069 m²/Kg","0.000000936088 m²/J","3.15777 °","5.85453","4556.5","63110.3 m/s","336.426 m²/Kg","0.00000162185 m²/J","112542 m","121965 m","310.09 °","5.05397 °","5.13069 °","140.641 Km","0.49581 s","43.8321 °","5.00016 °","43.5988 °","6.67957 °","0.187697 AU","39.6806 km/s","1"
"14206","2020-09-05 20:50:49","6","Confirmed","Not Detected","Not detected","0.653495","64.91 °","163.459 °","192.494 °","357.532 °","2020-09-03 12:33:20","2.88188 AU","2.28314","0.000950015 AU","0.0158858","0.401774 °","0.000171113 °","0.643435 °","0.215328 °","1697.88 s","0.132443 AU","0.61394 cm","0.336694 cm","0.000763647 Kg","0.00125638677512 Kg","0.000299019 cm","0.00219625 cm","0.0000000000000882291 Kg","0.00000000000194408 Kg","33.3659 MJ","34.6951 MJ","38690.8 m/s","0.0596741 m²/Kg","0.00000000178848 m²/J","38794.6 m/s","0.0809541 m²/Kg","0.000000000948473 m²/J","57.5059 °","326.739","7.62714","389.362 m/s","0.0327262 m²/Kg","0.00000000101344 m²/J","90203.9 m","61503.1 m","337.529 °","78.2495 °","14.1896 °","34.0277 Km","0.9006 s","48.844 °","2.94536 °","48.6856 °","2.89041 °","0.998585 AU","31.8629 km/s","1"
"14191","2020-09-04 21:27:21","7","Confirmed","Not Detected","Not detected","0.954635","13.54 °","162.525 °","324.775 °","350.824 °","2020-09-02 14:46:29","2.50216 AU","2.48125","0.000731164 AU","0.000417208","0.148934 °","0.000148903 °","0.130666 °","0.114546 °","686.832 s","0.0184587 AU","0.934715 cm","0.10941 cm","0.00269496 Kg","0.000946344169137 Kg","0.0467682 cm","0.0550839 cm","0.000000337572 Kg","0.00000119278 Kg","90.2782 MJ","38.9971 MJ","39881.2 m/s","0.0391952 m²/Kg","0.000000000434161 m²/J","39890 m/s","0.0409719 m²/Kg","0.000000000369892 m²/J","36.165 °","306.74","2.99504","52.546 m/s","0.00458785 m²/Kg","0.000000000139116 m²/J","96867.3 m","56175.4 m","4.5069 °","8.34409 °","3.60647 °","68.9304 Km","1.7846 s","45.3308 °","13.1721 °","45.5699 °","12.5567 °","0.11351 AU","31.7234 km/s","1"
"14183","2020-09-04 01:46:02","6","Confirmed","Detected","Detected","0.985744","165.506 °","161.71 °","72.3097 °","0.293254 °","2020-09-02 16:58:05","24.9586 AU","-0.505098","0.00341581 AU","0.0126034","0.262013 °","0.000345862 °","0.865201 °","0.396485 °","3772.72 s","24.5848 AU","1.92432 cm","30.6962 cm","0.0235149 Kg","1.12531442082 Kg","0","","0","","1.69048 MJ","56.0453 MJ","64825.6 m/s","0.0190386 m²/Kg","0.0000000112623 m²/J","65103.7 m/s","0.257715 m²/Kg","0.00000000512394 m²/J","20.666 °","249.133","422.603","394.133 m/s","0.3037 m²/Kg","0.00000032422 m²/J","107358 m","84877.1 m","105.264 °","28.5478 °","5.06596 °","63.4584 Km","0.97193 s","46.5516 °","6.54518 °","46.3715 °","5.83012 °","0.355808 AU","1 km/s","1"
"14150","2020-08-31 01:02:07","6","Confirmed","Not Detected","Not detected","0.96151","7.11873 °","157.839 °","331.954 °","347.645 °","2020-08-28 18:59:05","2.02212 AU","2.91295","0.00174347 AU","0.00151378","0.339978 °","0.00117977 °","0.287287 °","0.458085 °","3188.84 s","0.0463449 AU","3.501 cm","1.0497 cm","0.141609 Kg","0.12737501834 Kg","0.257051 cm","0.428265 cm","0.0000560496 Kg","0.000280148 Kg","104.861 MJ","79.0776 MJ","40135.5 m/s","0.0104645 m²/Kg","0.0000000000997948 m²/J","40209.1 m/s","0.0122719 m²/Kg","0.000000000069144 m²/J","52.6146 °","60.8221","2.61153","241.758 m/s","0.00313756 m²/Kg","0.0000000000472656 m²/J","86112.1 m","40150.6 m","4.89517 °","5.00352 °","7.17848 °","57.843 Km","1.51744 s","42.1948 °","6.20264 °","42.506 °","6.15724 °","0.0778304 AU","24.6765 km/s","1"
"14108","2020-08-23 22:57:40","6","Confirmed","Not Detected","Not detected","0.677626","16.5518 °","150.996 °","150.518 °","3.19382 °","2020-08-18 02:49:54","2.97243 AU","2.81602","0.00253655 AU","0.0157012","0.225327 °","0.000525897 °","0.527849 °","0.178786 °","1368.38 s","0.136986 AU","0.299791 cm","0.542192 cm","0.0000889142 Kg","0.000482420965271 Kg","0.00000000041757 cm","0.0000000182964 cm","2.40271e-31 Kg","3.15835e-29 Kg","2.79779 MJ","6.26354 MJ","18319.4 m/s","0.122206 m²/Kg","0.0000000436796 m²/J","18352.7 m/s","0.176134 m²/Kg","0.0000000207908 m²/J","17.3928 °","1888.04","20.3919","242.368 m/s","0.221018 m²/Kg","0.0000000542448 m²/J","95783.5 m","78829.2 m","216.902 °","45.4391 °","10.153 °","56.6622 Km","3.152 s","42.9391 °","10.6199 °","42.5908 °","11.0683 °","0.958236 AU","1.00443 km/s","1"
"14080","2020-08-19 23:19:34","6","Confirmed","Detected","Detected","0.899673","111.538 °","147.135 °","213.435 °","359.133 °","2020-08-18 11:24:17","9.29546 AU","0.177012","0.0031991 AU","0.0377448","0.538968 °","0.000203263 °","1.0627 °","0.523575 °","4693.41 s","3.01609 AU","51897700 cm","1.02227e16 cm","4.61273e20 Kg","2.72581982106e29 Kg","0","","0","","0.0000209113 MJ","4119.06 MJ","59234.4 m/s","0.000000000705934 m²/Kg","0.0000000000337585 m²/J","59640.3 m/s","0.108238 m²/Kg","0.0000000010323 m²/J","48.768 °","0.00000433503","28524400","657.949 m/s","0.139053 m²/Kg","0.00000000117979 m²/J","101089 m","69535.9 m","22.6393 °","51.9749 °","6.19823 °","41.9615 Km","0.7 s","45.9701 °","0.130186 °","45.8369 °","-0.165338 °","0.93259 AU","59.2344 km/s","1"
"14023","2020-08-13 21:39:24","6","Confirmed","Not Detected","Not detected","0.994426","111.946 °","141.297 °","149.193 °","0.00887723 °","2020-08-12 10:25:52","168.961 AU","-0.38518","0.00134184 AU","0.0213313","0.406657 °","0.000151185 °","0.294675 °","0.0497051 °","684.682 s","196.784 AU","0.0758276 cm","0.0476455 cm","0.00000143879 Kg","0.00000271213741217 Kg","0.0748909 cm","0.500027 cm","0.00000138612 Kg","0.0000277643 Kg","49863.9 MJ","26697100 MJ","60382 m/s","0.483153 m²/Kg","0.00000000000968944 m²/J","60408.4 m/s","0.498857 m²/Kg","0.00000000434982 m²/J","26.3101 °","5034.19","0.0124302","308.784 m/s","0.303584 m²/Kg","0.00000000518765 m²/J","105817 m","81906.3 m","49.9736 °","59.4681 °","13.1522 °","53.9456 Km","0.908 s","41.9955 °","12.5274 °","41.6317 °","12.2233 °","0.941793 AU","57.8889 km/s","1"
"14003","2020-08-13 01:27:01","6","Confirmed","Not Detected","Detected","1.00375","116.42 °","140.49 °","151.082 °","0.00455282 °","2020-08-11 15:06:12","-253.194 AU","-0.5588","0.0018701 AU","0.0361158","0.350117 °","0.000140283 °","0.578009 °","0.0633355 °","3672.3 s","2950.12 AU","0.0311892 cm","0.0113345 cm","0.000000100121 Kg","0.000000109155581936 Kg","0.0307705 cm","0.0694169 cm","0.0000000961434 Kg","0.000000650685 Kg","48159 MJ","8490380 MJ","61872.4 m/s","1.17465 m²/Kg","0.0000000000243911 m²/J","61827.8 m/s","1.03351 m²/Kg","0.000000003647 m²/J","53.1695 °","6777.47","0.0135134","516.244 m/s","0.426881 m²/Kg","0.00000000429644 m²/J","107425 m","76848.2 m","49.0566 °","56.2702 °","9.43458 °","38.2073 Km","0.6465 s","43.7712 °","10.0266 °","43.6402 °","9.81241 °","0.949918 AU","53.6398 km/s","1"
"13981","2020-08-12 20:55:12","8","Confirmed","Detected","Detected","0.951907","113.433 °","140.307 °","149.818 °","0.222012 °","2020-08-11 09:41:30","19.6755 AU","-0.19875","0.000839263 AU","0.0125381","0.231264 °","0.000123095 °","0.194558 °","0.0887606 °","4025.49 s","5.20838 AU","0.523796 cm","1.31076 cm","0.000474242 Kg","0.00356027415637 Kg","1.8465e-32 cm","3.88486e-30 cm","0","0","8.56847 MJ","25.217 MJ","60417.8 m/s","0.069944 m²/Kg","0.00000000816295 m²/J","60510.7 m/s","0.181015 m²/Kg","0.00000000381515 m²/J","22.205 °","854.713","72.4228","217.827 m/s","0.17503 m²/Kg","0.00000000730746 m²/J","112491 m","82136.2 m","47.8476 °","58.2689 °","4.54597 °","80.4902 Km","1.3462 s","44.8725 °","6.75854 °","44.285 °","6.33534 °","0.946247 AU","1 km/s","1"
"13977","2020-08-12 19:45:38","6","Confirmed","Detected","Detected","0.967795","111.94 °","140.26 °","150.431 °","0.118283 °","2020-08-11 08:23:22","29.4471 AU","-0.270841","0.00175839 AU","0.019413","0.449816 °","0.000264432 °","0.419493 °","0.108699 °","1440.78 s","27.2481 AU","0.0654498 cm","0.0362449 cm","0.000000925206 Kg","0.000001537090042802447 Kg","0.0645997 cm","0.40935 cm","0.000000889623 Kg","0.0000169118 Kg","46929.8 MJ","23021200 MJ","60074.2 m/s","0.559763 m²/Kg","0.0000000000119277 m²/J","60086.2 m/s","0.532091 m²/Kg","0.00000000494194 m²/J","17.7014 °","8502.04","0.013073","379.064 m/s","0.309986 m²/Kg","0.00000000584987 m²/J","106360 m","84635.8 m","47.3541 °","59.3974 °","7.4238 °","71.8051 Km","1.2022 s","43.8261 °","7.57946 °","43.2526 °","7.30679 °","0.948337 AU","57.4581 km/s","1"
"13943","2020-08-11 03:24:59","6","Confirmed","Detected","Detected","0.997597","111.969 °","138.65 °","149.935 °","0.00244068 °","2020-08-09 16:10:53","393.425 AU","-0.431032","0.00127916 AU","0.0421479","0.360711 °","0.000146091 °","0.568311 °","0.0692712 °","4105.29 s","2611.3 AU","0.0252897 cm","0.009315 cm","0.0000000533757 Kg","0.0000000589799268525 Kg","0.00688731 cm","0.0114652 cm","0.00000000107811 Kg","0.00000000538415 Kg","475.609 MJ","676.881 MJ","60324.3 m/s","1.44867 m²/Kg","0.00000000304592 m²/J","60332.4 m/s","1.38625 m²/Kg","0.00000000488732 m²/J","66.4987 °","7295.39","1.30072","607.653 m/s","0.533592 m²/Kg","0.00000000380735 m²/J","108246 m","78112.5 m","47.0867 °","58.4232 °","6.56344 °","32.8567 Km","0.621 s","43.3325 °","7.16856 °","43.2429 °","7.06734 °","0.945412 AU","51.2235 km/s","1"
"13916","2020-08-09 01:46:56","7","Confirmed","Detected","Detected","0.926991","130.633 °","316.671 °","28.9691 °","359.542 °","2020-08-07 17:04:03","13.0509 AU","-0.489776","0.0117912 AU","0.0884132","0.606253 °","0.000956144 °","3.59251 °","0.906501 °","16745.7 s","13.9053 AU","60083.5 cm","472965000000 cm","715782000000 Kg","1.69034565288e19 Kg","0.000000000000284277 cm","0.0000814713 cm","7.5813e-41 Kg","6.51815e-32 Kg","17.9742 MJ","132640000 MJ","64944.9 m/s","0.000000609757 m²/Kg","0.000000000000033924 m²/J","65549.5 m/s","2.91072 m²/Kg","0.0000000336029 m²/J","10.5712 °","0.0153495","39.8923","1001.77 m/s","4.79988 m²/Kg","0.0000000398859 m²/J","113261 m","98129.3 m","43.411 °","-12.3718 °","7.67375 °","82.2151 Km","1.2675 s","49.2077 °","2.27703 °","49.6018 °","1.36317 °","0.952826 AU","64.9449 km/s","1"
"13904","2020-08-08 19:30:00","9","Confirmed","Detected","Detected","0.988983","111.867 °","136.413 °","153.078 °","0.0211259 °","2020-08-07 08:13:01","87.0708 AU","-0.390055","0.00196473 AU","0.0169399","0.364738 °","0.000181925 °","0.485178 °","0.0481133 °","1993.19 s","121.82 AU","0.125557 cm","0.0747037 cm","0.00000653193 Kg","0.0000116590362695 Kg","0.123853 cm","0.885647 cm","0.00000626949 Kg","0.000134496 Kg","45155.9 MJ","23864000 MJ","60256.3 m/s","0.29179 m²/Kg","0.00000000000646182 m²/J","60270.3 m/s","0.273656 m²/Kg","0.00000000289682 m²/J","20.4987 °","3848.07","0.0136691","294.542 m/s","0.173608 m²/Kg","0.00000000341432 m²/J","106957 m","81521.5 m","40.5759 °","58.3564 °","11.8721 °","72.9861 Km","1.23 s","47.3449 °","10.2807 °","46.7779 °","9.96585 °","0.959241 AU","57.9826 km/s","1"
"13869","2020-08-06 21:55:13","9","Confirmed","Detected","Not detected","0.952262","112.372 °","134.594 °","148.903 °","0.227224 °","2020-08-05 10:28:55","19.7553 AU","-0.23834","0.00123424 AU","0.0175963","0.266924 °","0.000137036 °","0.317136 °","0.12812 °","2269.28 s","35.7549 AU","0.13835 cm","0.0808577 cm","0.00000873878 Kg","0.0000153219647043 Kg","0.0934653 cm","0.960363 cm","0.00000269442 Kg","0.000083056 Kg","1562.64 MJ","41647.3 MJ","60042.2 m/s","0.264809 m²/Kg","0.000000000169463 m²/J","60068.7 m/s","0.261444 m²/Kg","0.00000000256889 m²/J","28.972 °","2524.75","0.392196","296.576 m/s","0.154766 m²/Kg","0.00000000448501 m²/J","105535 m","78157.7 m","40.586 °","57.1959 °","5.03702 °","56.4874 Km","0.9522 s","46.7865 °","6.48276 °","46.4299 °","6.11345 °","0.943087 AU","57.4815 km/s","1"
"13847","2020-08-06 00:37:35","10","Confirmed","Detected","Detected","0.975953","113.591 °","133.745 °","155.262 °","0.0620693 °","2020-08-04 13:38:44","40.2685 AU","-0.35656","0.00139339 AU","0.0288959","0.378691 °","0.000122911 °","0.399259 °","0.111973 °","1011.48 s","45.0386 AU","0.0573983 cm","0.0224024 cm","0.000000624037 Kg","0.000000730681110287 Kg","0.0550905 cm","0.132095 cm","0.000000551752 Kg","0.00000396895 Kg","15288.2 MJ","916092 MJ","60749.3 m/s","0.638283 m²/Kg","0.0000000000417501 m²/J","60733.6 m/s","0.578704 m²/Kg","0.00000000212481 m²/J","49.5922 °","3871.19","0.041037","405.638 m/s","0.249121 m²/Kg","0.00000000249797 m²/J","112021 m","72954.2 m","36.6352 °","55.7052 °","11.9786 °","51.3251 Km","0.8377 s","45.5502 °","8.54571 °","45.3656 °","8.21838 °","0.968329 AU","51.5306 km/s","1"
"13842","2020-08-05 23:37:34","7","Confirmed","Detected","Detected","0.921183","115.724 °","133.704 °","154.522 °","0.386551 °","2020-08-04 12:41:16","12.269 AU","-0.17975","0.000841852 AU","0.0284225","0.33607 °","0.000154783 °","0.319667 °","0.21764 °","5578.51 s","28.6734 AU","0.292893 cm","1.49026 cm","0.0000829167 Kg","0.00126565798275 Kg","6.62586e-34 cm","2.71107e-31 cm","0","0","8.38626 MJ","46.3194 MJ","60894.6 m/s","0.125084 m²/Kg","0.0000000149154 m²/J","61182.2 m/s","0.643909 m²/Kg","0.00000000773253 m²/J","39.8758 °","901.015","75.169","438.596 m/s","0.636438 m²/Kg","0.00000000843426 m²/J","106512 m","82248.3 m","36.8654 °","54.2882 °","5.51188 °","37.8493 Km","0.6418 s","46.9252 °","4.914 °","46.7559 °","4.6313 °","0.967014 AU","1.00095 km/s","1"
"13836","2020-08-05 20:13:11","14","Confirmed","Not Detected","Detected","0.997644","109.583 °","133.567 °","153.594 °","0.0020366 °","2020-08-04 08:32:44","408.124 AU","-0.359539","0.000651747 AU","0.00842633","0.194285 °","0.0000973177 °","0.177555 °","0.0113136 °","2492.71 s","120.11 AU","0.162459 cm","0.0518219 cm","0.0000141497 Kg","0.0000135405617336 Kg","0.0139066 cm","0.0607613 cm","0.00000000887523 Kg","0.000000116334 Kg","245.697 MJ","452.076 MJ","59603.5 m/s","0.225511 m²/Kg","0.000000000917844 m²/J","59592.2 m/s","0.209542 m²/Kg","0.0000000019014 m²/J","19.0344 °","3193.32","2.45806","147.524 m/s","0.0719344 m²/Kg","0.00000000156261 m²/J","111119 m","78785.1 m","35.8588 °","58.8101 °","4.61065 °","98.9006 Km","1.685 s","43.0762 °","6.36609 °","42.3188 °","5.90917 °","0.961471 AU","56.2979 km/s","1"
"13835","2020-08-05 20:12:45","6","Confirmed","Not Detected","Not detected","1.0253","110.776 °","133.567 °","150.863 °","0.0798096 °","2020-08-04 08:53:26","-37.5303 AU","-0.541121","0.00175314 AU","0.0238993","0.430366 °","0.000192404 °","0.4178 °","0.111146 °","1324.47 s","80.7996 AU","0.232526 cm","0.161157 cm","0.0000414885 Kg","0.0000862632576761 Kg","0.217907 cm","1.17949 cm","0.000034145 Kg","0.000554463 Kg","9484.67 MJ","769490 MJ","60189.6 m/s","0.157558 m²/Kg","0.0000000000166119 m²/J","60290.6 m/s","0.185014 m²/Kg","0.00000000114463 m²/J","27.2089 °","1591.38","0.0649337","392.506 m/s","0.109199 m²/Kg","0.00000000134944 m²/J","103857 m","74383.8 m","38.4854 °","58.4047 °","13.6744 °","64.6469 Km","1.081 s","53.3553 °","4.86842 °","52.8895 °","4.52347 °","0.949343 AU","56.6415 km/s","1"
"13823","2020-08-05 03:21:57","7","Confirmed","Detected","Detected","0.496847","5.36917 °","132.96 °","234.289 °","339.18 °","2020-07-28 15:00:52","1.73708 AU","2.93126","0.00243884 AU","0.0131156","0.272406 °","0.00141608 °","1.03179 °","1.30305 °","5470.93 s","10.5812 AU","1.99495 cm","0.204503 cm","0.0262004 Kg","0.008057460188865662 Kg","1.99243 cm","0.295975 cm","0.0261012 Kg","0.011632 Kg","33161 MJ","6109800 MJ","15700.7 m/s","0.0183646 m²/Kg","0.0000000000005538 m²/J","15620.9 m/s","0.0170647 m²/Kg","0.0000000000801479 m²/J","18.7579 °","263.741","0.00126375","196.625 m/s","0.00188257 m²/Kg","0.000000000101985 m²/J","74046.7 m","42031.1 m","299.634 °","4.16479 °","2.37304 °","99.5601 Km","7.702 s","47.9645 °","1.03469 °","48.1845 °","2.24469 °","0.874017 AU","7.26211 km/s","1"
"13819","2020-08-04 23:39:21","11","Confirmed","Detected","Detected","0.994166","113.678 °","132.748 °","154.803 °","0.00754193 °","2020-08-03 12:46:43","165.637 AU","-0.324129","0.00155788 AU","0.0215052","0.31715 °","0.000108827 °","0.47351 °","0.0417388 °","5811.72 s","44.5109 AU","0.307537 cm","0.271674 cm","0.0000959858 Kg","0.000254377250075 Kg","0.0000000777213 cm","0.00000164937 cm","1.5493e-24 Kg","9.86357e-23 Kg","41.5604 MJ","59.7907 MJ","60940.8 m/s","0.119128 m²/Kg","0.00000000286639 m²/J","60908.3 m/s","0.149625 m²/Kg","0.00000000147377 m²/J","41.6222 °","828.283","15.191","310.527 m/s","0.105236 m²/Kg","0.00000000313407 m²/J","111079 m","75906.5 m","35.5493 °","55.5965 °","9.67558 °","52.9866 Km","1.215 s","49.2417 °","3.36749 °","49.0091 °","2.96645 °","0.966328 AU","1.00121 km/s","1"
"13781","2020-07-31 21:28:12","7","Confirmed","Detected","Detected","1.00586","110.425 °","128.834 °","153.126 °","0.00813458 °","2020-07-30 09:59:12","-163.913 AU","-0.501062","0.00103211 AU","0.0227416","0.360643 °","0.00017799 °","0.251855 °","0.0464878 °","3759.09 s","85.4492 AU","0.424798 cm","2.79397 cm","0.000252966 Kg","0.0049914040294 Kg","9.92515e-29 cm","4.33915e-26 cm","0","0","9.60701 MJ","67.1094 MJ","59962.4 m/s","0.0862441 m²/Kg","0.00000000897721 m²/J","60126.3 m/s","0.404828 m²/Kg","0.00000000741894 m²/J","28.1075 °","845.405","63.6238","374.665 m/s","0.567242 m²/Kg","0.00000000540606 m²/J","103420 m","81217.2 m","30.5844 °","56.5988 °","7.32188 °","47.1477 Km","0.7967 s","45.5612 °","10.2501 °","45.2632 °","9.94152 °","0.960036 AU","1.02121 km/s","1"
"13759","2020-07-30 01:39:15","8","Confirmed","Detected","Detected","1.01825","113.417 °","127.09 °","155.459 °","0.0402582 °","2020-07-28 14:52:52","-53.0851 AU","-0.585374","0.000812154 AU","0.0375329","0.353474 °","0.000145543 °","0.363699 °","0.121585 °","170.226 s","111.526 AU","0.0470742 cm","0.0217941 cm","0.000000344241 Kg","0.0000004781235051 Kg","0.0436292 cm","0.110687 cm","0.00000027406 Kg","0.00000208588 Kg","8334.19 MJ","283683 MJ","61039.2 m/s","0.778268 m²/Kg","0.0000000000933826 m²/J","61040.1 m/s","0.724913 m²/Kg","0.00000000281158 m²/J","57.8271 °","4246.23","0.0759982","540.187 m/s","0.360317 m²/Kg","0.00000000317039 m²/J","103167 m","74247.2 m","28.7791 °","53.7914 °","6.29441 °","34.1702 Km","0.5936 s","45.3043 °","7.28587 °","45.2152 °","7.09508 °","0.968959 AU","52.8933 km/s","1"
"13737","2020-07-28 23:06:09","10","Confirmed","Detected","Not detected","0.665999","12.5574 °","126.055 °","262.568 °","341.503 °","2020-07-24 13:40:21","1.98149 AU","3.52399","0.00246266 AU","0.00509265","0.0669011 °","0.000197649 °","0.158902 °","0.380861 °","542.273 s","0.0195462 AU","5.74365 cm","3.77178 cm","0.625284 Kg","1.23184737611 Kg","0.0150731 cm","0.0813324 cm","0.0000000113011 Kg","0.000000182938 Kg","14.6779 MJ","14.977 MJ","22652.1 m/s","0.00637859 m²/Kg","0.00000000043457 m²/J","22737.9 m/s","0.00886949 m²/Kg","0.00000000025928 m²/J","48.0645 °","39.599","5.94294","208.405 m/s","0.00418874 m²/Kg","0.00000000021761 m²/J","82186.3 m","42137.9 m","302.184 °","3.02568 °","5.09735 °","53.8061 Km","2.475 s","44.669 °","4.71233 °","44.9873 °","4.66387 °","0.661819 AU","1.00002 km/s","1"
"13723","2020-07-27 02:59:34","9","Confirmed","Detected","Detected","0.992853","165.222 °","304.292 °","325.108 °","0.0150916 °","2020-07-25 21:06:12","129.35 AU","-1.21053","0.00177776 AU","0.0500656","0.203386 °","0.000344097 °","0.783426 °","0.163517 °","1483.95 s","463.622 AU","0.0398455 cm","0.10593 cm","0.000000208762 Kg","0.00000166498624878 Kg","0.0000000000013803 cm","0.000000000102618 cm","8.67824e-39 Kg","1.93556e-36 Kg","35.433 MJ","113.803 MJ","70853.5 m/s","0.919461 m²/Kg","0.0000000259493 m²/J","71220.2 m/s","2.85137 m²/Kg","0.0000000136437 m²/J","32.8036 °","7837.87","24.086","631.429 m/s","2.44439 m²/Kg","0.0000000163199 m²/J","112073 m","87655.7 m","44.7904 °","8.54796 °","5.02974 °","45.0485 Km","0.657 s","47.0111 °","5.05577 °","47.1558 °","4.61297 °","0.924526 AU","1 km/s","1"
"13722","2020-07-26 23:27:44","6","Confirmed","Not Detected","Not detected","0.986725","110.417 °","124.134 °","156.562 °","0.0238273 °","2020-07-25 11:51:52","73.3693 AU","-0.36057","0.000847809 AU","0.0202799","0.242115 °","0.000111512 °","0.273618 °","0.0555324 °","3606.12 s","125.545 AU","0.116235 cm","0.0748008 cm","0.00000518238 Kg","0.0000100050274777 Kg","0.000151823 cm","0.00120345 cm","0.0000000000000115485 Kg","0.000000000000274625 Kg","91.6076 MJ","117.424 MJ","59820 m/s","0.315191 m²/Kg","0.00000000344067 m²/J","59879.6 m/s","0.390152 m²/Kg","0.0000000019744 m²/J","40.4047 °","2245.69","6.64066","316.59 m/s","0.202835 m²/Kg","0.00000000275227 m²/J","108293 m","74878.2 m","23.1226 °","54.3276 °","4.60864 °","51.5356 Km","1.149 s","45.9844 °","5.7425 °","45.756 °","5.36673 °","0.973979 AU","51.1624 km/s","1"
"13721","2020-07-26 23:12:23","12","Confirmed","Detected","Detected","0.670417","7.17427 °","304.093 °","87.2177 °","340.062 °","2020-07-22 13:23:55","1.9055 AU","3.67265","0.000225623 AU","0.000939491","0.150158 °","0.000649078 °","0.0329273 °","0.0912953 °","136.863 s","0.00898075 AU","10.2184 cm","0.615477 cm","3.52102 Kg","0.636234230983 Kg","2.58074 cm","0.297854 cm","0.0567211 Kg","0.0196393 Kg","63.2583 MJ","8.0659 MJ","22628.8 m/s","0.00358532 m²/Kg","0.0000000000566774 m²/J","22630.9 m/s","0.00361461 m²/Kg","0.000000000055982 m²/J","16.8145 °","57.2389","1.37612","57.4692 m/s","0.000215951 m²/Kg","0.00000000000404081 m²/J","90988.4 m","32579.2 m","307.833 °","-24.4196 °","2.43203 °","206.451 Km","10.9021 s","47.4967 °","2.7037 °","49.2229 °","2.16007 °","0.628022 AU","5.1379 km/s","1"
"13694","2020-07-23 03:04:16","13","Confirmed","Detected","Detected","0.978571","146.936 °","300.465 °","283.186 °","0.23549 °","2020-07-21 18:50:21","29.3076 AU","-0.569266","0.00724422 AU","0.0354411","0.317493 °","0.000367946 °","1.63747 °","0.597589 °","2442.72 s","17.2484 AU","0.133548 cm","0.221951 cm","0.00000785998 Kg","0.0000391890045047 Kg","0.00000086744 cm","0.00000889025 cm","2.15394e-21 Kg","6.6226e-20 Kg","61.9157 MJ","53.8701 MJ","65956.6 m/s","0.274332 m²/Kg","0.00000000443074 m²/J","65980.4 m/s","0.316946 m²/Kg","0.00000000218509 m²/J","19.2774 °","3837.49","11.9444","609.893 m/s","0.45593 m²/Kg","0.00000000770006 m²/J","114563 m","80370.7 m","55.9985 °","3.84989 °","8.02038 °","104.343 Km","1.574 s","48.7333 °","4.39168 °","48.9841 °","3.12412 °","0.628041 AU","1.15769 km/s","1"
"13679","2020-07-19 23:38:16","7","Confirmed","Not Detected","Detected","0.961892","113.05 °","117.454 °","157.217 °","0.113043 °","2020-07-18 12:23:24","25.6472 AU","-0.2628","0.000960501 AU","0.0298004","0.35892 °","0.000175613 °","0.312763 °","0.134909 °","1704.1 s","18.3188 AU","0.149929 cm","0.265756 cm","0.0000111217 Kg","0.0000591412667664 Kg","0.000000000219224 cm","0.00000000972199 cm","3.4768e-32 Kg","4.62559e-30 Kg","30.5322 MJ","69.51 MJ","60445.8 m/s","0.244358 m²/Kg","0.00000000800327 m²/J","60739.8 m/s","0.584531 m²/Kg","0.00000000400119 m²/J","37.5989 °","1849.6","20.3433","467.709 m/s","0.433135 m²/Kg","0.00000000570392 m²/J","105636 m","78973.4 m","16.0874 °","50.0736 °","5.03154 °","43.7089 Km","0.7342 s","43.44 °","3.99004 °","43.2537 °","3.65517 °","0.977367 AU","1.1744 km/s","1"
"13671","2020-07-18 22:36:23","11","Confirmed","Detected","Detected","0.828092","2.46884 °","296.352 °","92.8154 °","351.377 °","2020-07-15 10:53:39","3.10749 AU","2.53826","0.000688886 AU","0.000863221","0.0898865 °","0.00405241 °","0.0754962 °","0.0641411 °","188.547 s","0.0151321 AU","0.441884 cm","0.149352 cm","0.000284733 Kg","0.000288710825562 Kg","0.00000051094 cm","0.00000577025 cm","4.40174e-22 Kg","1.49132e-20 Kg","9.27797 MJ","7.88198 MJ","27314.4 m/s","0.0829095 m²/Kg","0.00000000893617 m²/J","27331.6 m/s","0.100462 m²/Kg","0.00000000447424 m²/J","20.6832 °","1084.07","13.6703","45.131 m/s","0.0280226 m²/Kg","0.00000000518154 m²/J","97719 m","74136.9 m","299.829 °","-19.9683 °","2.65386 °","66.6261 Km","2.4905 s","46.9804 °","5.08136 °","47.5034 °","4.81729 °","0.534202 AU","23.1208 km/s","1"
"13623","2020-07-12 01:02:38","6","Confirmed","Detected","Detected","1.00803","149.265 °","109.872 °","263.283 °","-0.0677884 °","2020-07-10 16:49:21","-70.4687 AU","-0.979288","0.0207215 AU","0.0516117","1.05754 °","0.000692182 °","3.63524 °","13.8169 °","11137.3 s","226.536 AU","0.0622933 cm","0.520277 cm","0.000000797695 Kg","0.0000199872023601 Kg","6.8221e-26 cm","3.21775e-23 cm","0","0","13.3598 MJ","116.683 MJ","65846.4 m/s","0.588127 m²/Kg","0.0000000440221 m²/J","66657.8 m/s","4.35413 m²/Kg","0.0000000350953 m²/J","38.8638 °","4328.62","55.1711","1299.92 m/s","4.91208 m²/Kg","0.0000000265107 m²/J","111046 m","88489 m","348.257 °","10.7931 °","7.5417 °","35.9488 Km","0.567 s","48.3256 °","0.797727 °","48.4599 °","0.484873 °","0.565881 AU","1.0058 km/s","1"
"13603","2020-07-09 02:50:22","6","Confirmed","Detected","Detected","0.947036","150.925 °","107.084 °","174.575 °","0.0324058 °","2020-07-07 20:16:56","19.1538 AU","-0.67255","0.000285601 AU","0.058262","0.427966 °","0.000274078 °","0.334077 °","12.6333 °","3594.53 s","6.82699 AU","0.106207 cm","0.109734 cm","0.00000395339 Kg","0.000012254086029 Kg","0.0000185957 cm","0.000235511 cm","2.12203e-17 Kg","8.06252e-16 Kg","94.5602 MJ","150.439 MJ","69365.5 m/s","0.344953 m²/Kg","0.00000000364798 m²/J","69630.1 m/s","0.58647 m²/Kg","0.0000000018445 m²/J","53.3585 °","1985.41","8.65021","742.156 m/s","0.35641 m²/Kg","0.00000000250619 m²/J","105057 m","74474.5 m","10.4405 °","23.1469 °","9.68636 °","38.1081 Km","0.569 s","45.7189 °","4.88627 °","45.8062 °","4.62642 °","1.01446 AU","25.965 km/s","1"
"13591","2020-07-08 02:13:48","10","Confirmed","Not Detected","Detected","1.00516","174.591 °","286.163 °","310.118 °","0.014368 °","2020-07-06 20:09:01","-161.931 AU","-1.16969","0.00151706 AU","0.0159289","0.245702 °","0.00241992 °","0.394081 °","0.0640214 °","645.105 s","617.473 AU","0.148744 cm","0.0810129 cm","0.00001086 Kg","0.0000177446028176 Kg","0.0529158 cm","0.286003 cm","0.000000488956 Kg","0.00000792823 Kg","819.656 MJ","4333.91 MJ","70591.3 m/s","0.246305 m²/Kg","0.000000000300498 m²/J","70611.9 m/s","0.24851 m²/Kg","0.00000000156098 m²/J","26.4135 °","2557.04","1.03352","219.835 m/s","0.13415 m²/Kg","0.00000000157103 m²/J","113017 m","78053.3 m","29.655 °","9.30422 °","6.31111 °","78.6129 Km","1.117 s","44.5284 °","8.4092 °","44.6742 °","7.55955 °","0.8351 AU","66.9833 km/s","1"
"13517","2020-06-27 01:00:35","11","Confirmed","Detected","Detected","0.553368","2.9276 °","275.489 °","75.2714 °","334.896 °","2020-06-21 07:36:58","1.67282 AU","4.05361","0.000342368 AU","0.00128981","0.0961623 °","0.00316561 °","0.108937 °","0.160675 °","1392.84 s","0.00526021 AU","5.68735 cm","0.706618 cm","0.607078 Kg","0.226276760133 Kg","0.545297 cm","0.58724 cm","0.000535074 Kg","0.00172869 Kg","25.1011 MJ","12.8836 MJ","18606.4 m/s","0.00644173 m²/Kg","0.000000000256631 m²/J","18619.1 m/s","0.00678955 m²/Kg","0.000000000206372 m²/J","19.8952 °","87.4201","2.34467","46.7997 m/s","0.000800344 m²/Kg","0.000000000101518 m²/J","82692.8 m","43532.4 m","271.042 °","-21.6485 °","2.08225 °","115.778 Km","6.644 s","44.1313 °","5.90085 °","45.0092 °","6.48076 °","0.747135 AU","12.0973 km/s","1"
"13473","2020-06-20 23:02:50","13","Confirmed","Detected","Detected","0.93768","156.061 °","89.7657 °","136.014 °","0.519305 °","2020-06-19 16:13:53","14.0957 AU","-0.815535","0.00932006 AU","0.032787","1.38381 °","0.00168677 °","1.15018 °","0.396669 °","3875.27 s","19.3498 AU","0.130946 cm","0.59085 cm","0.00000740958 Kg","0.000100299569586 Kg","0","0","0","0","6.68488 MJ","37.5929 MJ","68949.5 m/s","0.279782 m²/Kg","0.0000000418529 m²/J","69185.2 m/s","0.87968 m²/Kg","0.000000020424 m²/J","3.40081 °","21781.5","120.898","511.691 m/s","1.26242 m²/Kg","0.0000000505668 m²/J","115723 m","102371 m","5.76369 °","17.5903 °","2.78066 °","219.475 Km","3.209 s","44.5671 °","9.15557 °","43.8582 °","6.64686 °","0.878444 AU","1.00006 km/s","1"
"13335","2020-05-29 02:34:07","13","Confirmed","Detected","Detected","0.943931","7.79982 °","67.9595 °","319.408 °","351.135 °","2020-05-26 18:28:15","2.6304 AU","2.50507","0.00122294 AU","0.000794515","0.326258 °","0.0015074 °","0.187601 °","0.160233 °","1267.6 s","0.0394333 AU","0.308771 cm","0.157069 cm","0.0000971461 Kg","0.000148251645195 Kg","0.259464 cm","2.8253 cm","0.0000576429 Kg","0.00188302 Kg","1461.97 MJ","92357 MJ","38680.9 m/s","0.118652 m²/Kg","0.0000000000811593 m²/J","38677.6 m/s","0.111004 m²/Kg","0.00000000439239 m²/J","21.056 °","1525.16","0.173983","84.2787 m/s","0.0603571 m²/Kg","0.00000000511805 m²/J","100962 m","78745.2 m","270.579 °","-18.5399 °","6.63496 °","61.9832 Km","1.589 s","48.7838 °","0.822142 °","49.2772 °","1.03639 °","0.147483 AU","37.7162 km/s","1"
"13319","2020-05-27 02:38:09","7","Confirmed","Not Detected","Detected","0.896322","13.9752 °","66.0277 °","305.321 °","349.228 °","2020-05-24 11:58:36","2.4818 AU","2.69444","0.00105527 AU","0.00121416","0.112418 °","0.000120949 °","0.0839711 °","0.143977 °","280.638 s","0.0193527 AU","2.00939 cm","0.43002 cm","0.0267734 Kg","0.0171889880297 Kg","0.020977 cm","0.059037 cm","0.000000030461 Kg","0.000000257185 Kg","45.4592 MJ","30.1988 MJ","34927.8 m/s","0.0182326 m²/Kg","0.000000000401077 m²/J","34958.6 m/s","0.0204246 m²/Kg","0.000000000280489 m²/J","22.7247 °","217.968","4.56216","84.852 m/s","0.00390188 m²/Kg","0.000000000186993 m²/J","95122.9 m","57105.9 m","263.624 °","-12.7877 °","2.44768 °","98.0567 Km","2.8649 s","51.0891 °","1.57678 °","51.8226 °","2.09926 °","0.257307 AU","28.9531 km/s","1"
"13254","2020-05-17 01:45:22","7","Confirmed","Not Detected","Detected","0.985747","144.991 °","56.3462 °","104.833 °","0.122673 °","2020-05-15 17:30:09","44.7556 AU","-0.715931","0.0039528 AU","0.0294214","0.71625 °","0.000516572 °","0.95794 °","0.384796 °","6842.86 s","155.107 AU","0.0799884 cm","0.144204 cm","0.00000168886 Kg","0.00000913408776667 Kg","4.74481e-16 cm","0.0000000000000391786 cm","0","0","22.5385 MJ","58.3402 MJ","65902.1 m/s","0.458021 m²/Kg","0.0000000203217 m²/J","66155.8 m/s","0.926615 m²/Kg","0.00000000951159 m²/J","16.9566 °","7252.73","32.7584","599.335 m/s","0.825724 m²/Kg","0.0000000193271 m²/J","108339 m","89368.2 m","343.739 °","12.1859 °","10.0484 °","64.6472 Km","0.9855 s","50.6799 °","4.83914 °","50.6926 °","3.97818 °","0.637913 AU","12.804 km/s","1"
"13229","2020-05-08 19:13:38","6","Confirmed","Not Detected","Not detected","0.682568","31.4763 °","48.3758 °","144.293 °","4.40132 °","2020-05-04 18:01:49","2.93772 AU","2.72761","0.000959959 AU","0.00186338","0.0944125 °","0.000117871 °","0.237053 °","0.0628041 °","1333.5 s","0.0135317 AU","1.43418 cm","0.714715 cm","0.00973478 Kg","0.0145537914785 Kg","0.252492 cm","1.1689 cm","0.0000531201 Kg","0.000737748 Kg","56.9147 MJ","155.257 MJ","24114.8 m/s","0.0255451 m²/Kg","0.000000000448832 m²/J","24126 m/s","0.0257122 m²/Kg","0.00000000130453 m²/J","35.1917 °","204.702","1.73697","91.5651 m/s","0.0127303 m²/Kg","0.00000000118399 m²/J","95863.5 m","60722.4 m","355.244 °","81.4708 °","5.7861 °","60.9832 Km","2.6107 s","43.7574 °","12.1425 °","43.3144 °","12.1573 °","0.932528 AU","22.8317 km/s","1"
"13227","2020-05-08 02:21:54","6","Confirmed","Not Detected","Not detected","0.966864","163.528 °","47.6762 °","100.604 °","0.481926 °","2020-05-06 18:52:50","18.246 AU","-0.63176","0.00263779 AU","0.0232898","0.643626 °","0.000920598 °","0.8144 °","0.518095 °","7553.7 s","12.7057 AU","0.258485 cm","0.798869 cm","0.0000569926 Kg","0.000528421173612 Kg","0.253913 cm","9.81411 cm","0.0000540218 Kg","0.00626407 Kg","43244.6 MJ","89768400 MJ","67373.8 m/s","0.141735 m²/Kg","0.00000000000327752 m²/J","67643.7 m/s","0.418428 m²/Kg","0.00000000576993 m²/J","12.5441 °","3013.77","0.0178443","459.009 m/s","0.438044 m²/Kg","0.00000000680856 m²/J","109502 m","88844.6 m","338.841 °","0.255605 °","7.81783 °","92.8856 Km","1.4128 s","50.1822 °","7.73974 °","50.3943 °","6.53299 °","0.604595 AU","66.8504 km/s","1"
"13172","2020-04-22 23:25:11","10","Confirmed","Detected","Detected","0.978555","79.7509 °","33.0075 °","214.03 °","359.913 °","2020-04-21 03:05:01","42.9168 AU","0.24311","0.000640248 AU","0.00831691","0.183428 °","0.0000596659 °","0.174452 °","14.2117 °","415.178 s","227.626 AU","203.955 cm","222011 cm","27997.4 Kg","91427733.5934 Kg","0.702731 cm","4214.93 cm","0.0011452 Kg","20.6065 Kg","70.6745 MJ","75488.4 MJ","48553.9 m/s","0.00017963 m²/Kg","0.00000000000254165 m²/J","48643.7 m/s","0.157673 m²/Kg","0.00000000217177 m²/J","44.1385 °","1.19123","5.67068","142.678 m/s","0.195532 m²/Kg","0.00000000358665 m²/J","105894 m","76935.3 m","272.134 °","33.5322 °","6.17125 °","41.5585 Km","1.441 s","46.0859 °","10.8483 °","46.059 °","10.4704 °","0.920351 AU","48.5511 km/s","1"
"13168","2020-04-22 00:48:26","10","Confirmed","Not Detected","Detected","0.986928","79.5847 °","32.089 °","213.551 °","359.959 °","2020-04-20 04:32:01","70.5365 AU","0.0268947","0.000971398 AU","0.0120739","0.23735 °","0.0000844532 °","0.290053 °","18.1713 °","897.21 s","14.9977 AU","0.191565 cm","0.108164 cm","0.0000231985 Kg","0.0000392958697128 Kg","0.000051609 cm","0.000387395 cm","4.53619e-16 Kg","0.0000000000000102151 Kg","48.6681 MJ","46.2606 MJ","48508.1 m/s","0.191248 m²/Kg","0.00000000392964 m²/J","48503.4 m/s","0.189522 m²/Kg","0.00000000172694 m²/J","54.4839 °","1085.1","8.21928","229.439 m/s","0.107985 m²/Kg","0.00000000317049 m²/J","105406 m","69197.5 m","271.793 °","33.7257 °","6.06596 °","44.4805 Km","0.9097 s","48.4833 °","5.73783 °","48.5157 °","5.39641 °","0.922071 AU","1 km/s","1"
"13139","2020-04-12 00:58:06","13","Confirmed","Detected","Detected","0.992294","162.873 °","22.3041 °","267.721 °","359.929 °","2020-04-10 17:29:50","67.8615 AU","-0.708388","0.00449996 AU","0.00585648","0.235798 °","0.000239775 °","0.659988 °","27.9435 °","1634.84 s","15.7506 AU","0.104483 cm","0.0698064 cm","0.00000376403 Kg","0.00000754437771347 Kg","0.0844123 cm","0.815228 cm","0.00000198487 Kg","0.0000575077 Kg","3621.97 MJ","164599 MJ","67415 m/s","0.350644 m²/Kg","0.0000000000968103 m²/J","67426.3 m/s","0.350843 m²/Kg","0.00000000376891 m²/J","16.4275 °","5726.05","0.213313","180.963 m/s","0.234269 m²/Kg","0.00000000439424 m²/J","113992 m","85576.9 m","265.427 °","-15.0748 °","4.31723 °","101.268 Km","1.527 s","44.4037 °","3.4106 °","44.9812 °","2.5149 °","0.522923 AU","65.477 km/s","1"
"13122","2020-04-08 00:32:22","6","Confirmed","Not Detected","Not detected","0.732074","1.90399 °","198.287 °","73.3284 °","348.978 °","2020-04-03 15:08:50","2.6131 AU","2.95172","0.00111328 AU","0.002156","0.107947 °","0.00532652 °","0.117753 °","0.131396 °","2101.98 s","0.0182025 AU","1.36665 cm","0.259799 cm","0.00842341 Kg","0.004803840070962906 Kg","0.177669 cm","0.197891 cm","0.0000185075 Kg","0.0000618421 Kg","42.2573 MJ","26.9614 MJ","22519.7 m/s","0.0268074 m²/Kg","0.000000000634385 m²/J","22546.4 m/s","0.0291751 m²/Kg","0.000000000475087 m²/J","38.2127 °","200.138","2.0402","95.5941 m/s","0.00509605 m²/Kg","0.000000000293862 m²/J","79550.1 m","48665.2 m","189.538 °","-3.10219 °","6.72773 °","49.9243 Km","2.3723 s","45.259 °","4.85722 °","45.5736 °","5.07298 °","0.700118 AU","15.4506 km/s","1"
"13117","2020-04-06 20:42:20","9","Confirmed","Detected","Detected","0.769018","6.54557 °","17.2511 °","260.107 °","349.87 °","2020-04-02 22:26:00","2.77268 AU","2.88187","0.00241784 AU","0.00171593","0.0595873 °","0.000204185 °","0.317337 °","0.13153 °","2163.45 s","0.0324472 AU","0.300809 cm","0.0993798 cm","0.0000898226 Kg","0.0000890255603125 Kg","0.000423296 cm","0.00205902 cm","0.000000000000250291 Kg","0.00000000000365244 Kg","16.0697 MJ","12.7583 MJ","24913.5 m/s","0.121793 m²/Kg","0.00000000757905 m²/J","24966.1 m/s","0.149803 m²/Kg","0.00000000469052 m²/J","35.4222 °","970.439","6.56616","99.9372 m/s","0.0402374 m²/Kg","0.00000000374774 m²/J","93199.5 m","67386.9 m","194.021 °","6.33235 °","5.82986 °","44.5728 Km","1.863 s","46.6364 °","5.49947 °","46.8173 °","5.11067 °","0.640439 AU","19.4552 km/s","1"
"13115","2020-04-06 03:14:34","6","Confirmed","Not Detected","Not detected","0.946843","1.43043 °","196.392 °","143.667 °","349.558 °","2020-04-03 20:21:54","2.30592 AU","2.67549","0.0014337 AU","0.00122921","0.327385 °","7.72851 °","7.68526 °","0.2428 °","999.156 s","0.0620337 AU","1.20211 cm","0.94027 cm","0.00573257 Kg","0.013451730384 Kg","0.00000000000357968 cm","0.000000000126432 cm","1.51372e-37 Kg","1.60392e-35 Kg","9.96212 MJ","13.6015 MJ","39436.7 m/s","0.0304766 m²/Kg","0.00000000305925 m²/J","39519.9 m/s","0.0460651 m²/Kg","0.00000000176792 m²/J","22.4331 °","368.831","26.5398","155.959 m/s","0.0238382 m²/Kg","0.00000000199834 m²/J","86922.3 m","70211.9 m","218.476 °","-13.9345 °","4.62325 °","43.8398 Km","1.1344 s","49.2474 °","1.55467 °","49.5656 °","1.81269 °","0.122575 AU","1.00301 km/s","1"
"13109","2020-04-05 02:58:24","7","Confirmed","Not Detected","Not detected","0.545278","1.94195 °","195.434 °","94.9075 °","323.108 °","2020-03-31 01:31:53","1.35864 AU","4.68361","0.000792961 AU","0.00170176","0.110905 °","0.00524892 °","0.0492535 °","0.212991 °","2758.61 s","0.00449542 AU","2.7114 cm","0.478349 cm","0.0657803 Kg","0.0348151591043 Kg","0.234826 cm","0.244869 cm","0.0000427318 Kg","0.000133678 Kg","28.2763 MJ","14.2271 MJ","20172 m/s","0.013512 m²/Kg","0.000000000477855 m²/J","20206.5 m/s","0.0146874 m²/Kg","0.000000000392589 m²/J","30.026 °","124.704","2.44638","88.5948 m/s","0.0023838 m²/Kg","0.000000000159395 m²/J","80486.8 m","44876.6 m","199.144 °","-5.24053 °","2.18591 °","71.1645 Km","3.767 s","42.7686 °","-0.0591425 °","43.1449 °","0.485534 °","0.617802 AU","12.6915 km/s","1"
"13038","2020-03-23 02:31:18","8","Confirmed","Detected","Not detected","0.989901","160.745 °","2.64619 °","280.123 °","359.851 °","2020-03-21 18:24:45","40.9661 AU","-0.687241","0.00628022 AU","0.00833432","0.279984 °","0.000229264 °","1.01487 °","15.3015 °","598.713 s","114.009 AU","0.304496 cm","0.516396 cm","0.000093166 Kg","0.000474002457037 Kg","0.00000000000000132175 cm","0.0000000000000982725 cm","0","1.4013e-45 Kg","22.3721 MJ","51.5992 MJ","65970.6 m/s","0.120318 m²/Kg","0.00000000537805 m²/J","66107.5 m/s","0.250436 m²/Kg","0.00000000255135 m²/J","26.4677 °","1246.72","33.0707","310.548 m/s","0.204048 m²/Kg","0.00000000389793 m²/J","107928 m","79229.3 m","241.943 °","-12.3443 °","3.86582 °","64.4782 Km","0.987 s","47.7249 °","1.04647 °","48.1902 °","0.729174 °","0.413704 AU","1.06863 km/s","1"
"13037","2020-03-23 00:19:35","6","Confirmed","Not Detected","Not detected","0.686145","2.65102 °","182.512 °","58.0455 °","349.61 °","2020-03-17 16:18:05","2.56856 AU","3.03327","0.00156516 AU","0.00384312","0.139968 °","0.00297571 °","0.255576 °","0.22185 °","4888.28 s","0.0318921 AU","4.52336 cm","2.69077 cm","0.305419 Kg","0.545046192819 Kg","0.006031 cm","0.0389866 cm","0.000000000723907 Kg","0.0000000140388 Kg","9.80061 MJ","10.5004 MJ","19535.9 m/s","0.00809938 m²/Kg","0.000000000826416 m²/J","19601.9 m/s","0.0115686 m²/Kg","0.000000000464921 m²/J","38.6553 °","59.8823","6.6201","139.607 m/s","0.00481801 m²/Kg","0.000000000443751 m²/J","78144.6 m","45228.7 m","166.291 °","5.76602 °","10.6495 °","52.6963 Km","2.8014 s","53.0377 °","4.276 °","53.352 °","4.58898 °","0.806155 AU","11.3906 km/s","1"
"13029","2020-03-21 00:13:19","14","Confirmed","Not Detected","Not detected","0.976641","6.99886 °","0.588555 °","336.11 °","350.504 °","2020-03-18 22:25:53","2.30679 AU","2.5442","0.00106498 AU","0.000628473","0.162836 °","0.000513453 °","0.225455 °","0.174732 °","1757.3 s","0.0286902 AU","2.14441 cm","0.593131 cm","0.0325415 Kg","0.0270023597096 Kg","0.0453364 cm","0.125022 cm","0.000000307507 Kg","0.00000254399 Kg","82.9105 MJ","63.3089 MJ","43368.8 m/s","0.0170846 m²/Kg","0.000000000206061 m²/J","43364.9 m/s","0.0167995 m²/Kg","0.00000000020337 m²/J","33.8329 °","141.71","3.85651","126.44 m/s","0.00472549 m²/Kg","0.000000000125786 m²/J","95400.7 m","54766.6 m","208.146 °","-8.7652 °","3.35213 °","72.8775 Km","1.7169 s","43.7392 °","5.42704 °","44.2269 °","5.1118 °","0.0538843 AU","39.4532 km/s","1"
"13018","2020-03-19 03:27:05","6","Confirmed","Detected","Detected","0.847593","13.8287 °","358.732 °","236.852 °","356.717 °","2020-03-14 22:38:56","5.17414 AU","2.1084","0.00172478 AU","0.0083751","0.0434974 °","0.000209098 °","0.283788 °","0.287018 °","3202.49 s","0.170542 AU","0.211856 cm","0.221559 cm","0.0000313789 Kg","0.00009844799933489412 Kg","0.00000000820881 cm","0.000000222433 cm","1.82539e-27 Kg","1.48387e-25 Kg","5.35818 MJ","8.87214 MJ","23192.8 m/s","0.17293 m²/Kg","0.0000000322741 m²/J","23255.8 m/s","0.258446 m²/Kg","0.0000000154944 m²/J","46.5659 °","1099.79","17.0662","197.693 m/s","0.18085 m²/Kg","0.0000000250583 m²/J","94698.8 m","74244.2 m","178.027 °","31.4877 °","9.36211 °","28.1645 Km","1.24273 s","45.9284 °","2.86066 °","45.9288 °","3.10701 °","0.788578 AU","1.00391 km/s","1"
"12983","2020-03-13 00:19:25","8","Confirmed","Not Detected","Not detected","0.720649","15.4971 °","352.624 °","224.91 °","353.563 °","2020-03-07 22:25:55","3.12312 AU","2.69736","0.000482203 AU","0.0040136","0.0720516 °","0.000159313 °","0.0548854 °","0.147592 °","2370.93 s","0.0816019 AU","2.01132 cm","0.374027 cm","0.0268509 Kg","0.0149796419892 Kg","0.227836 cm","0.208542 cm","0.0000390282 Kg","0.00010717 Kg","32.2234 MJ","16.4627 MJ","20318.1 m/s","0.0182151 m²/Kg","0.000000000565274 m²/J","20358.6 m/s","0.0198934 m²/Kg","0.000000000463752 m²/J","82.3412 °","84.8779","2.17792","117.045 m/s","0.00338728 m²/Kg","0.000000000188525 m²/J","77924.7 m","39392.8 m","170.06 °","44.3408 °","5.33793 °","38.8787 Km","2.3212 s","48.8441 °","3.22533 °","48.8697 °","3.28345 °","0.872446 AU","10.9203 km/s","1"
"12887","2020-03-03 21:10:20","6","Confirmed","Not Detected","Not detected","0.701631","1.74993 °","343.506 °","233.265 °","351.266 °","2020-02-27 08:18:17","2.77228 AU","2.92055","0.000786841 AU","0.00168442","0.0380984 °","0.000392326 °","0.140922 °","0.0857549 °","105.422 s","0.01251 AU","1.23474 cm","0.108911 cm","0.00621209 Kg","0.00164382150409 Kg","0.207713 cm","0.107788 cm","0.0000295737 Kg","0.0000460399 Kg","35.4775 MJ","12.0668 MJ","19286.8 m/s","0.0296714 m²/Kg","0.000000000836345 m²/J","19297.1 m/s","0.0305107 m²/Kg","0.000000000751447 m²/J","60.5778 °","157.319","1.78246","57.1855 m/s","0.00261718 m²/Kg","0.000000000218022 m²/J","77939.2 m","43487.1 m","145.508 °","20.1866 °","5.34721 °","39.5574 Km","2.3011 s","43.0566 °","4.28456 °","43.1782 °","4.116 °","0.827164 AU","10.4825 km/s","1"
"12736","2020-02-14 00:04:41","6","Confirmed","Detected","Detected","1.0265","148.64 °","324.474 °","276.874 °","-0.585727 °","2020-02-12 16:02:35","-16.1277 AU","-1.01871","0.0168918 AU","0.0229831","0.705771 °","0.000325862 °","2.64183 °","0.721415 °","366.661 s","13.4955 AU","0.105358 cm","0.0948525 cm","0.00000385942 Kg","0.0000104237271927 Kg","0.101934 cm","0.536445 cm","0.00000349522 Kg","0.0000551825 Kg","22576 MJ","3391120 MJ","66240.1 m/s","0.347731 m²/Kg","0.0000000000154027 m²/J","66535.1 m/s","0.460288 m²/Kg","0.00000000196419 m²/J","25.477 °","3733.33","0.0330403","810.324 m/s","0.313056 m²/Kg","0.00000000231715 m²/J","111024 m","76929 m","206.026 °","3.47575 °","10.1869 °","79.7635 Km","1.227 s","46.8158 °","6.36274 °","47.0783 °","5.51162 °","0.427366 AU","62.0563 km/s","1"
"12717","2020-02-06 19:23:08","7","Confirmed","Not Detected","Not detected","0.504335","8.27896 °","137.224 °","21.0978 °","350.456 °","2020-01-28 08:26:27","1.94466 AU","3.7198","0.000212707 AU","0.000756461","0.0595341 °","0.000313385 °","0.106073 °","0.046945 °","2331.29 s","0.00318855 AU","2.81528 cm","0.215609 cm","0.0736342 Kg","0.0169178908732 Kg","1.365 cm","0.343841 cm","0.00839289 Kg","0.00634246 Kg","49.3355 MJ","22.3586 MJ","14494.3 m/s","0.0130134 m²/Kg","0.000000000263773 m²/J","14499.9 m/s","0.013192 m²/Kg","0.000000000241553 m²/J","38.2891 °","96.991","0.723908","49.7441 m/s","0.000996634 m²/Kg","0.000000000100302 m²/J","66465.5 m","37219.2 m","85.5157 °","0.354847 °","5.76779 °","47.198 Km","3.705 s","49.8598 °","1.7526 °","50.1666 °","1.56255 °","0.963901 AU","8.79801 km/s","1"
"12685","2020-01-27 05:20:28","6","Confirmed","Not Detected","Detected","0.573898","29.8988 °","306.453 °","173.088 °","0.243014 °","2020-01-22 15:21:55","2.30468 AU","3.2027","0.000066401 AU","0.00377446","0.0386054 °","0.0000781162 °","0.0834974 °","13.0834 °","297.289 s","0.0197262 AU","1.703 cm","0.255611 cm","0.0162989 Kg","0.00733913682391 Kg","0.128214 cm","0.117706 cm","0.00000695542 Kg","0.0000191561 Kg","32.078 MJ","13.3559 MJ","22091.8 m/s","0.0215128 m²/Kg","0.000000000670641 m²/J","22113.8 m/s","0.0229452 m²/Kg","0.000000000582098 m²/J","48.821 °","132","2.58644","70.8864 m/s","0.00322896 m²/Kg","0.000000000181524 m²/J","84287.1 m","44389.7 m","283.859 °","65.5467 °","3.39954 °","53.029 Km","2.5697 s","45.6929 °","8.58539 °","45.441 °","8.32519 °","0.982026 AU","13.4049 km/s","1"
"12557","2020-01-04 04:54:11","6","Confirmed","Not Detected","Not detected","0.659124","71.9969 °","283.009 °","170.231 °","1.08648 °","2020-01-02 02:12:12","2.8679 AU","2.16416","0.000545638 AU","0.0172709","0.235459 °","0.000099019 °","0.48907 °","0.129013 °","5789.64 s","0.141502 AU","0.351425 cm","0.370866 cm","0.000143223 Kg","0.000453438765507 Kg","0.00000647619 cm","0.000100724 cm","8.9634e-19 Kg","4.18224e-17 Kg","28.4724 MJ","43.4335 MJ","42730 m/s","0.104251 m²/Kg","0.00000000366147 m²/J","42839.2 m/s","0.156766 m²/Kg","0.00000000174753 m²/J","61.0709 °","550.092","10.9016","306.522 m/s","0.110018 m²/Kg","0.00000000253419 m²/J","99018.8 m","65213.9 m","229.885 °","48.8043 °","9.48813 °","38.6135 Km","0.9245 s","45.7352 °","10.4237 °","45.6738 °","10.2039 °","0.977598 AU","16.0657 km/s","1"
"12552","2020-01-04 04:05:46","6","Confirmed","Detected","Detected","0.670465","71.9581 °","282.974 °","170.879 °","0.933154 °","2020-01-02 01:28:34","2.96866 AU","2.09998","0.000337898 AU","0.0121636","0.169259 °","0.0000701084 °","0.324478 °","0.0790849 °","2460.78 s","0.112748 AU","0.410517 cm","0.117658 cm","0.0002283 Kg","0.000196298228804 Kg","0.402797 cm","1.45246 cm","0.000215661 Kg","0.00233298 Kg","16429 MJ","3282780 MJ","42832.5 m/s","0.0892445 m²/Kg","0.00000000000543214 m²/J","42796 m/s","0.075159 m²/Kg","0.000000000919841 m²/J","53.1528 °","515.033","0.0189839","198.778 m/s","0.0255782 m²/Kg","0.00000000108438 m²/J","97925 m","62186.8 m","229.489 °","49.1366 °","7.78009 °","44.6526 Km","1.0512 s","46.52 °","9.14617 °","46.4191 °","8.83446 °","0.978279 AU","39.7449 km/s","1"
"12538","2020-01-04 01:24:08","8","Confirmed","Detected","Detected","0.676482","72.9583 °","282.859 °","174.058 °","0.457496 °","2020-01-01 23:28:03","3.03277 AU","2.03176","0.00040515 AU","0.0196933","0.264125 °","0.000200481 °","0.515092 °","0.0366281 °","995.094 s","0.173601 AU","0.348171 cm","0.304859 cm","0.00013928 Kg","0.000365862806534 Kg","0.00000452003 cm","0.0000764416 cm","3.04745e-19 Kg","1.54613e-17 Kg","28.4217 MJ","45.1917 MJ","43372.5 m/s","0.105225 m²/Kg","0.00000000370228 m²/J","43550.3 m/s","0.163151 m²/Kg","0.00000000186894 m²/J","28.7312 °","1010.92","11.2519","352.417 m/s","0.0921355 m²/Kg","0.00000000286245 m²/J","98995.4 m","69812 m","226.541 °","49.9603 °","5.19912 °","60.6468 Km","1.43464 s","44.5564 °","6.04294 °","44.2337 °","5.56219 °","0.981154 AU","1.87841 km/s","1"
"12530","2020-01-01 19:51:29","7","Confirmed","Not Detected","Not detected","0.535772","1.78824 °","100.682 °","345.558 °","359.947 °","2019-12-21 07:55:04","2.09495 AU","3.5546","0.00019473 AU","0.00079995","0.0349841 °","0.00256987 °","0.123867 °","31.3772 °","2798.06 s","0.00331237 AU","3.61713 cm","0.170803 cm","0.156173 Kg","0.0221237335531 Kg","2.77802 cm","0.293469 cm","0.0707489 Kg","0.0224217 Kg","112.263 MJ","64.0841 MJ","13202.3 m/s","0.0101286 m²/Kg","0.0000000000902217 m²/J","13200.2 m/s","0.0101173 m²/Kg","0.0000000000903918 m²/J","29.7254 °","94.3357","0.263942","40.3358 m/s","0.000478278 m²/Kg","0.0000000000474644 m²/J","72252.7 m","33448.9 m","1.72179 °","0.273277 °","4.24818 °","78.3935 Km","6.9453 s","44.2126 °","9.48355 °","44.545 °","10.1934 °","0.972535 AU","6.05256 km/s","1"
"12529","2020-01-01 18:26:54","8","Confirmed","Detected","Detected","0.363764","3.1696 °","280.676 °","178.263 °","351.937 °","2019-12-15 17:36:55","1.54532 AU","4.37677","0.00000551043 AU","0.00283161","0.0144548 °","0.00330566 °","0.0344439 °","0.132441 °","11095.5 s","0.0072842 AU","14.4565 cm","2.4267 cm","9.97014 Kg","5.02084042729 Kg","3.58229 cm","1.32778 cm","0.151703 Kg","0.168687 Kg","17.9296 MJ","6.98378 MJ","12130.3 m/s","0.00253425 m²/Kg","0.000000000141344 m²/J","12149.4 m/s","0.00270487 m²/Kg","0.000000000127484 m²/J","67.6286 °","12.6562","1.39514","72.5355 m/s","0.000425406 m²/Kg","0.0000000000322695 m²/J","76353.9 m","21618.3 m","6.19505 °","30.4414 °","2.32372 °","59.1871 Km","5.6115 s","44.7339 °","10.7168 °","44.8406 °","10.9562 °","0.98319 AU","3.01812 km/s","1"
"12465","2019-12-24 06:18:33","7","Confirmed","Not Detected","Not detected","0.999836","147.624 °","271.857 °","97.9786 °","0.000178537 °","2019-12-22 22:45:08","3418.57 AU","-0.785287","0.00489144 AU","0.0185353","0.176944 °","0.0000879596 °","0.987384 °","0.0484993 °","1038.41 s","210243 AU","0.0442351 cm","0.0221691 cm","0.000000285638 Kg","0.000000429454067033 Kg","0.0000234282 cm","0.000166567 cm","4.24356e-17 Kg","9.05113e-16 Kg","101.514 MJ","102.766 MJ","67115.1 m/s","0.828219 m²/Kg","0.00000000815866 m²/J","67285 m/s","1.1298 m²/Kg","0.00000000425242 m²/J","46.4206 °","5279.92","7.54333","399.194 m/s","0.415074 m²/Kg","0.00000000460899 m²/J","105555 m","78129.5 m","211.363 °","3.66609 °","5.52405 °","37.8523 Km","0.5817 s","43.2756 °","4.55447 °","43.4767 °","4.39737 °","0.56008 AU","47.1646 km/s","1"
"12417","2019-12-15 05:33:23","8","Confirmed","Detected","Detected","0.890446","24.3314 °","262.659 °","324.663 °","333.232 °","2019-12-12 16:26:04","1.30041 AU","4.41477","0.000704367 AU","0.000923944","0.16016 °","0.0000438726 °","0.0909768 °","0.261253 °","1769.2 s","0.00674697 AU","1.59347 cm","0.249264 cm","0.013352 Kg","0.00626589449616 Kg","1.40712 cm","1.44744 cm","0.00919402 Kg","0.0283723 Kg","1731.93 MJ","16120.4 MJ","35595.9 m/s","0.0229916 m²/Kg","0.0000000000132751 m²/J","35568.2 m/s","0.0206512 m²/Kg","0.000000000111351 m²/J","48.3934 °","142.004","0.124371","91.7459 m/s","0.00359653 m²/Kg","0.000000000121813 m²/J","94049.7 m","44164.3 m","116.356 °","33.3972 °","4.46328 °","66.626 Km","1.9477 s","43.9038 °","1.81115 °","43.8786 °","2.35378 °","0.142466 AU","27.7036 km/s","1"
"12389","2019-12-15 03:28:24","6","Confirmed","Not Detected","Not detected","0.893496","23.6155 °","262.57 °","324.643 °","334.095 °","2019-12-12 14:37:59","1.3243 AU","4.34394","0.00221462 AU","0.00237016","0.230019 °","0.0000670707 °","0.300044 °","0.579779 °","556.922 s","0.0175523 AU","0.829746 cm","0.32198 cm","0.00188517 Kg","0.00219460054059 Kg","0.821707 cm","1.63631 cm","0.0018309 Kg","0.0109379 Kg","22470.1 MJ","4848220 MJ","35874.2 m/s","0.0441537 m²/Kg","0.000000000001965 m²/J","35845.9 m/s","0.0392974 m²/Kg","0.000000000357607 m²/J","68.8882 °","218.582","0.00973662","242.719 m/s","0.0171337 m²/Kg","0.000000000423695 m²/J","95703.9 m","49278.2 m","115.414 °","32.7374 °","7.86929 °","49.7686 Km","1.619 s","46.3385 °","1.06372 °","46.4252 °","1.25711 °","0.141043 AU","29.8911 km/s","1"
"12376","2019-12-15 01:49:16","6","Confirmed","Not Detected","Not detected","0.890071","22.6946 °","262.499 °","324.43 °","333.435 °","2019-12-12 12:22:11","1.30775 AU","4.40006","0.00180641 AU","0.0019723","0.29687 °","0.0000635434 °","0.248868 °","0.503837 °","567.093 s","0.0143274 AU","0.68496 cm","0.0836594 cm","0.0010605 Kg","0.00038857976591 Kg","0.226593 cm","0.116286 cm","0.000038393 Kg","0.0000591092 Kg","195.132 MJ","112.457 MJ","35633.4 m/s","0.0534869 m²/Kg","0.000000000274107 m²/J","35654.3 m/s","0.0553596 m²/Kg","0.000000000231895 m²/J","76.0836 °","254.483","1.10621","200.325 m/s","0.00653277 m²/Kg","0.0000000001261 m²/J","93433.3 m","46037.7 m","114.865 °","32.4491 °","8.0706 °","48.8288 Km","1.4692 s","45.304 °","10.9704 °","45.3996 °","11.0301 °","0.143759 AU","21.9914 km/s","1"
"12365","2019-12-15 00:53:48","6","Confirmed","Not Detected","Not detected","0.895513","23.363 °","262.459 °","323.858 °","335.641 °","2019-12-12 12:23:55","1.37592 AU","4.20291","0.00101768 AU","0.00115433","0.166203 °","0.0000317015 °","0.113954 °","0.23363 °","660.033 s","0.00777469 AU","0.308422 cm","0.0603836 cm","0.0000968165 Kg","0.0000568649453536 Kg","0.0117682 cm","0.0225388 cm","0.00000000537826 Kg","0.0000000309019 Kg","68.2714 MJ","44.2636 MJ","36216.6 m/s","0.118787 m²/Kg","0.00000000173992 m²/J","36256.3 m/s","0.130689 m²/Kg","0.00000000127793 m²/J","75.4615 °","566.727","3.26607","117.274 m/s","0.0232563 m²/Kg","0.000000000804518 m²/J","92854.5 m","58612.8 m","114.094 °","32.5601 °","3.47834 °","35.3734 Km","0.9935 s","45.253 °","8.60556 °","45.3202 °","8.54699 °","0.143766 AU","27.2847 km/s","1"
"12359","2019-12-15 00:20:43","6","Confirmed","Not Detected","Detected","0.894002","23.4503 °","262.435 °","324.1 °","334.933 °","2019-12-12 11:37:26","1.3525 AU","4.27116","0.00223072 AU","0.00187399","0.410692 °","0.000079716 °","0.360487 °","0.524417 °","3061.5 s","0.0188571 AU","0.323283 cm","0.122984 cm","0.000111497 Kg","0.000127248225177 Kg","0.00037532 cm","0.00200873 cm","0.000000000000174469 Kg","0.0000000000028013 Kg","32.8563 MJ","28.021 MJ","36141.8 m/s","0.113326 m²/Kg","0.00000000344914 m²/J","36234.1 m/s","0.143928 m²/Kg","0.0000000020902 m²/J","71.395 °","552.22","6.75851","189.949 m/s","0.0431117 m²/Kg","0.00000000173304 m²/J","88818.5 m","62153.4 m","114.068 °","32.5366 °","11.7644 °","28.1353 Km","0.808 s","43.9213 °","7.07309 °","43.9631 °","6.97901 °","0.143363 AU","26.121 km/s","1"
"12349","2019-12-14 23:30:44","6","Confirmed","Not Detected","Detected","0.89466","23.5571 °","262.4 °","324.71 °","334.327 °","2019-12-12 10:46:39","1.33053 AU","4.31753","0.00124526 AU","0.00115365","0.232042 °","0.0000441563 °","0.16978 °","0.248117 °","930.567 s","0.00807278 AU","0.488828 cm","0.113553 cm","0.000385462 Kg","0.000268623697983 Kg","0.0104078 cm","0.0290636 cm","0.00000000372045 Kg","0.0000000311678 Kg","57.8531 MJ","44.9023 MJ","36194.1 m/s","0.0749474 m²/Kg","0.00000000129548 m²/J","36189 m/s","0.0743159 m²/Kg","0.00000000127179 m²/J","62.2368 °","391.151","3.84945","112.535 m/s","0.0174099 m²/Kg","0.000000000782027 m²/J","92910.9 m","61274.8 m","114.039 °","32.4427 °","5.76997 °","35.7616 Km","1.0132 s","44.4629 °","6.11524 °","44.5004 °","5.91486 °","0.140158 AU","33.0664 km/s","1"
"12347","2019-12-14 23:22:24","6","Confirmed","Not Detected","Not detected","0.886583","22.5774 °","262.394 °","324.349 °","332.597 °","2019-12-12 09:28:06","1.28631 AU","4.47521","0.00353997 AU","0.00256133","0.500911 °","0.000102277 °","0.533988 °","0.547987 °","1303.17 s","0.0169137 AU","0.727924 cm","0.248596 cm","0.00127283 Kg","0.00130407098914 Kg","0.017566 cm","0.0495336 cm","0.0000000178868 Kg","0.000000151315 Kg","57.7025 MJ","48.4449 MJ","35554.2 m/s","0.0503299 m²/Kg","0.000000000872231 m²/J","35601.9 m/s","0.0586473 m²/Kg","0.000000000543435 m²/J","64.4451 °","257.638","3.72423","218.771 m/s","0.0171884 m²/Kg","0.000000000500142 m²/J","91803 m","69453.7 m","113.965 °","32.4355 °","16.284 °","24.7695 Km","2.0553 s","44.3232 °","11.3278 °","44.3524 °","11.202 °","0.145889 AU","26.5065 km/s","1"
"12331","2019-12-14 22:24:40","11","Confirmed","Detected","Detected","0.884813","23.2908 °","262.353 °","324.59 °","331.787 °","2019-12-12 08:18:17","1.26445 AU","4.53698","0.000909699 AU","0.00084812","0.129642 °","0.0000265873 °","0.114544 °","0.135146 °","1104.9 s","0.00334752 AU","1.75656 cm","0.354417 cm","0.0178856 Kg","0.0108261971248 Kg","0.296565 cm","0.294471 cm","0.0000860746 Kg","0.0002564 Kg","120.719 MJ","79.9565 MJ","35541.2 m/s","0.0208569 m²/Kg","0.000000000172773 m²/J","35556 m/s","0.0223519 m²/Kg","0.000000000132216 m²/J","51.4177 °","123.218","1.77885","77.7218 m/s","0.00420824 m²/Kg","0.0000000000836259 m²/J","95910.8 m","41867.2 m","113.792 °","32.7702 °","2.93721 °","69.1565 Km","2.078 s","43.6523 °","7.01826 °","43.6513 °","6.48909 °","0.145648 AU","19.2576 km/s","1"
"12310","2019-12-14 20:39:25","6","Confirmed","Not Detected","Not detected","0.893695","23.1322 °","262.278 °","324.838 °","333.889 °","2019-12-12 07:42:48","1.31733 AU","4.36454","0.00358397 AU","0.00286923","0.583735 °","0.000148177 °","0.464906 °","0.248061 °","4802.21 s","0.00436728 AU","0.356528 cm","0.116184 cm","0.000149553 Kg","0.000146207381132 Kg","0.0192463 cm","0.051224 cm","0.0000000235262 Kg","0.000000187846 Kg","76.3024 MJ","76.0557 MJ","36196.7 m/s","0.102759 m²/Kg","0.00000000134673 m²/J","36176.4 m/s","0.0972911 m²/Kg","0.00000000158837 m²/J","31.1912 °","916.323","2.9191","237.462 m/s","0.0334866 m²/Kg","0.00000000104937 m²/J","90109.7 m","66405.5 m","112.637 °","32.7141 °","12.9323 °","45.8499 Km","1.3038 s","44.0819 °","3.63923 °","43.9796 °","3.17684 °","0.140039 AU","32.874 km/s","1"
"12304","2019-12-14 20:07:07","7","Confirmed","Detected","Detected","0.893063","23.7971 °","262.255 °","324.435 °","334.248 °","2019-12-12 07:14:45","1.33015 AU","4.32752","0.00287451 AU","0.00202667","0.270328 °","0.0000990111 °","0.421199 °","0.324216 °","429.93 s","0.010567 AU","0.589565 cm","0.411374 cm","0.000676254 Kg","0.00141558373915 Kg","0.0000227097 cm","0.000376661 cm","3.865e-17 Kg","0.00000000000000192314 Kg","21.9863 MJ","37.5261 MJ","36257 m/s","0.0621413 m²/Kg","0.00000000282636 m²/J","36328.5 m/s","0.0806702 m²/Kg","0.00000000169477 m²/J","28.8312 °","595.112","10.1643","173.805 m/s","0.0433596 m²/Kg","0.00000000292734 m²/J","93275.4 m","65551.9 m","112.472 °","33.1246 °","7.76162 °","57.4833 Km","1.61562 s","44.0439 °","7.94971 °","43.8941 °","7.36564 °","0.142242 AU","9.70982 km/s","1"
"12292","2019-12-14 04:29:47","13","Confirmed","Not Detected","Detected","0.88325","23.1784 °","261.597 °","324.613 °","331.328 °","2019-12-11 14:09:00","1.25336 AU","4.57421","0.000758322 AU","0.000942284","0.0695487 °","0.0000360384 °","0.0976703 °","0.239642 °","712.452 s","0.00576022 AU","1.21723 cm","0.147974 cm","0.00595162 Kg","0.00217054823281 Kg","0.345471 cm","0.219428 cm","0.000136066 Kg","0.000259269 Kg","165.371 MJ","98.2591 MJ","35001.9 m/s","0.0300981 m²/Kg","0.000000000182003 m²/J","35013.5 m/s","0.031073 m²/Kg","0.000000000151449 m²/J","53.8901 °","172.052","1.25943","93.3833 m/s","0.00365891 m²/Kg","0.0000000000882864 m²/J","94101.1 m","56870.6 m","115.048 °","33.3348 °","2.48867 °","46.0521 Km","2.603 s","44.5339 °","9.87683 °","44.5443 °","10.2136 °","0.146329 AU","21.0788 km/s","1"
"12283","2019-12-14 01:01:11","8","Confirmed","Detected","Detected","0.628953","75.4623 °","261.451 °","164.225 °","2.34432 °","2019-12-11 23:54:59","2.61444 AU","2.14615","0.00178275 AU","0.0319735","0.41804 °","0.000389277 °","0.744121 °","0.197001 °","658.704 s","0.1206 AU","13.1776 cm","59.3535 cm","7.55129 Kg","102.035907768 Kg","0.0000000000727617 cm","0.00000000984431 cm","1.27123e-33 Kg","5.15972e-31 Kg","12.7192 MJ","68.8821 MJ","44039.6 m/s","0.0027802 m²/Kg","0.000000000218583 m²/J","44428.5 m/s","0.0112751 m²/Kg","0.000000000121876 m²/J","22.9723 °","32.8978","25.9223","577.974 m/s","0.0125224 m²/Kg","0.000000000243938 m²/J","95749.5 m","51387.9 m","214.996 °","52.4457 °","3.31873 °","113.32 Km","2.6169 s","48.408 °","-1.04304 °","47.6536 °","-1.84639 °","0.970082 AU","1.76541 km/s","1"
"12281","2019-12-13 23:33:43","10","Confirmed","Not Detected","Detected","0.881537","22.6282 °","261.385 °","324.699 °","330.738 °","2019-12-11 08:53:14","1.23924 AU","4.62386","0.00108445 AU","0.00109291","0.154943 °","0.000031527 °","0.129747 °","0.205186 °","1340.88 s","0.00464644 AU","1.1004 cm","0.110407 cm","0.00439708 Kg","0.00132353014924 Kg","0.064857 cm","0.0285436 cm","0.000000900293 Kg","0.00000118866 Kg","74.2054 MJ","14.3263 MJ","35154.6 m/s","0.0332937 m²/Kg","0.00000000044867 m²/J","35172.4 m/s","0.034407 m²/Kg","0.000000000431629 m²/J","64.6057 °","170.202","2.83124","101.172 m/s","0.00334049 m²/Kg","0.0000000000439887 m²/J","92992.2 m","45843.6 m","113.256 °","32.7031 °","3.71819 °","52.1918 Km","1.6037 s","44.1371 °","8.74216 °","44.1952 °","8.47737 °","0.146804 AU","17.2924 km/s","1"
"12267","2019-12-11 03:44:31","11","Confirmed","Detected","Detected","0.965999","23.7749 °","78.5221 °","85.7987 °","359.349 °","2019-12-08 07:24:20","15.773 AU","1.15506","0.000607944 AU","0.00229676","0.159889 °","0.0000591532 °","0.115502 °","0.0670857 °","1095.78 s","1.30756 AU","0.552404 cm","0.182592 cm","0.000556269 Kg","0.00055161006903 Kg","0.000273412 cm","0.00238631 cm","0.0000000000000674479 Kg","0.00000000000176603 Kg","23.1151 MJ","27.3982 MJ","32169.6 m/s","0.0663216 m²/Kg","0.00000000286919 m²/J","32184.4 m/s","0.0769999 m²/Kg","0.00000000175095 m²/J","22.5213 °","799.649","7.61105","49.2786 m/s","0.0219221 m²/Kg","0.00000000260456 m²/J","97464.3 m","64766.2 m","84.7524 °","0.847396 °","8.38301 °","85.5326 Km","2.738 s","46.2874 °","6.20922 °","46.5763 °","7.13475 °","0.536291 AU","1.03746 km/s","1"
"12246","2019-12-09 01:27:55","6","Confirmed","Detected","Detected","1.04709","149.267 °","76.3875 °","9.40843 °","-0.0803556 °","2019-12-07 19:52:44","-20.7738 AU","-1.29521","0.00119999 AU","0.0303066","0.10812 °","0.000236388 °","0.893708 °","0.0718749 °","6219.39 s","17.1379 AU","0.0886494 cm","0.0859211 cm","0.00000229901 Kg","0.00000668476845625 Kg","2.39099e-16 cm","0.0000000000000109229 cm","0","0","26.0406 MJ","36.2989 MJ","71684.5 m/s","0.413273 m²/Kg","0.0000000158703 m²/J","71749.1 m/s","0.612234 m²/Kg","0.00000000735746 m²/J","14.6828 °","7529.88","33.5466","371.031 m/s","0.400554 m²/Kg","0.00000000961698 m²/J","110915 m","90072.6 m","157.71 °","-9.71801 °","6.715 °","81.4878 Km","1.1348 s","47.7896 °","4.32581 °","48.1782 °","3.46307 °","0.978206 AU","7.34812 km/s","1"
"12176","2019-11-25 19:36:11","7","Confirmed","Not Detected","Detected","0.68155","51.8175 °","242.96 °","204.83 °","355.94 °","2019-11-23 01:08:16","2.98366 AU","2.42934","0.000931716 AU","0.0131683","0.312901 °","0.000131238 °","0.437508 °","0.320744 °","3968.62 s","0.127635 AU","0.384665 cm","0.523778 cm","0.000187828 Kg","0.000767268317478 Kg","0.377952 cm","4.71898 cm","0.000178166 Kg","0.00667355 Kg","10663.6 MJ","7192130 MJ","33231 m/s","0.0952423 m²/Kg","0.00000000000893152 m²/J","33324.4 m/s","0.159203 m²/Kg","0.00000000518868 m²/J","38.5278 °","706.135","0.0176048","224.956 m/s","0.129686 m²/Kg","0.00000000602883 m²/J","97521 m","71981.8 m","238.835 °","82.5621 °","17.4337 °","41.0189 Km","1.2481 s","43.1914 °","4.48374 °","42.909 °","4.53705 °","0.950145 AU","32.3678 km/s","1"
"12143","2019-11-20 04:15:41","6","Confirmed","Not Detected","Not detected","0.865014","8.61093 °","57.2737 °","117.026 °","348.301 °","2019-11-17 07:36:23","2.38199 AU","2.85574","0.00297958 AU","0.00546655","0.303939 °","0.000470483 °","0.509034 °","0.773141 °","110.817 s","0.0943085 AU","5.40744 cm","2.51954 cm","0.521783 Kg","0.729358329462 Kg","0.202345 cm","0.542114 cm","0.0000273396 Kg","0.000219741 Kg","53.2218 MJ","51.1265 MJ","32071.9 m/s","0.00677517 m²/Kg","0.000000000127301 m²/J","32220.8 m/s","0.00884066 m²/Kg","0.0000000000757423 m²/J","40.0268 °","48.6501","3.28556","313.585 m/s","0.00315682 m²/Kg","0.0000000000695517 m²/J","71312.1 m","38057.2 m","71.7889 °","16.8833 °","13.2239 °","51.7543 Km","1.7331 s","46.5112 °","-1.97255 °","46.6292 °","-1.48901 °","0.321536 AU","19.4069 km/s","1"
"12124","2019-11-12 17:45:29","8","Confirmed","Not Detected","Not detected","0.64918","28.4282 °","229.773 °","211.199 °","353.74 °","2019-11-08 07:17:26","2.66073 AU","2.91201","0.000610157 AU","0.00547499","0.159659 °","0.00018264 °","0.135071 °","0.158774 °","3456.66 s","0.0410222 AU","2.27376 cm","0.396146 cm","0.0387924 Kg","0.0202758364065 Kg","2.12023 cm","0.726011 cm","0.031453 Kg","0.0323105 Kg","1233.44 MJ","8781.08 MJ","22522 m/s","0.0161127 m²/Kg","0.0000000000130632 m²/J","22433.3 m/s","0.0140924 m²/Kg","0.0000000000855938 m²/J","70.7416 °","78.8225","0.0699107","198.795 m/s","0.00280723 m²/Kg","0.0000000000908984 m²/J","84215.3 m","32185 m","335.072 °","65.1046 °","3.86102 °","55.1145 Km","2.7003 s","47.7028 °","2.59666 °","47.5495 °","2.51924 °","0.933438 AU","10.9847 km/s","1"
"12101","2019-11-06 17:01:28","9","Confirmed","Detected","Detected","0.603369","38.3433 °","223.716 °","217.041 °","351.281 °","2019-11-03 02:52:18","2.30937 AU","3.08632","0.000267635 AU","0.00254293","0.0639661 °","0.0000360572 °","0.0937791 °","0.105135 °","201.041 s","0.0146463 AU","1.3434 cm","0.0593578 cm","0.00800079 Kg","0.00106053711118 Kg","0.90984 cm","0.181671 cm","0.00248547 Kg","0.00148885 Kg","309.698 MJ","190.205 MJ","26644.4 m/s","0.0272713 m²/Kg","0.0000000000880579 m²/J","26643.3 m/s","0.0272082 m²/Kg","0.0000000000911805 m²/J","57.0898 °","150.019","0.389692","52.6065 m/s","0.00120497 m²/Kg","0.0000000000505925 m²/J","87435.1 m","37974.3 m","331.949 °","74.5991 °","4.12628 °","58.9187 Km","2.463 s","43.8546 °","6.05354 °","43.5753 °","5.97278 °","0.915969 AU","12.9607 km/s","1"
"12072","2019-10-25 04:36:49","6","Confirmed","Not Detected","Detected","0.896228","4.73222 °","211.192 °","308.408 °","347.843 °","2019-10-22 12:54:14","2.24076 AU","2.90086","0.00175929 AU","0.00198004","0.175852 °","0.000399403 °","0.290426 °","0.376235 °","838.905 s","0.0435265 AU","0.547231 cm","0.113584 cm","0.000540787 Kg","0.000336739842679 Kg","0.0318336 cm","0.053759 cm","0.000000106456 Kg","0.000000539333 Kg","70.124 MJ","46.4318 MJ","34253.1 m/s","0.0669486 m²/Kg","0.000000000954718 m²/J","34279.7 m/s","0.0725551 m²/Kg","0.000000000706298 m²/J","38.6437 °","495.107","2.84435","142.172 m/s","0.013896 m²/Kg","0.000000000464723 m²/J","95239 m","57225.6 m","47.6328 °","21.4035 °","8.05095 °","60.8832 Km","1.818 s","41.7725 °","1.88267 °","41.8088 °","2.44599 °","0.232528 AU","25.1902 km/s","1"
"12036","2019-10-16 18:57:30","6","Confirmed","Not Detected","Detected","0.492938","5.67121 °","22.855 °","38.9081 °","344.278 °","2019-10-07 18:50:25","1.82211 AU","3.88017","0.000787965 AU","0.00238086","0.6024 °","0.00035615 °","0.187691 °","0.165235 °","14953.8 s","0.00784244 AU","7.02744 cm","3.01708 cm","1.14526 Kg","1.47508079172 Kg","0.516432 cm","0.892299 cm","0.00045452 Kg","0.00235598 Kg","14.3648 MJ","12.2676 MJ","14852.4 m/s","0.00521333 m²/Kg","0.000000000362925 m²/J","15000.5 m/s","0.00671518 m²/Kg","0.000000000250615 m²/J","24.2423 °","58.6372","2.61063","306.933 m/s","0.00223823 m²/Kg","0.000000000158714 m²/J","73574.8 m","37849.9 m","352.516 °","-10.0136 °","10.263 °","87.4234 Km","6.4554 s","48.082 °","8.86564 °","48.6421 °","8.20746 °","0.923922 AU","6.04996 km/s","1"
"12035","2019-10-16 18:12:19","9","Confirmed","Not Detected","Not detected","0.982233","100.885 °","202.815 °","163.875 °","0.023731 °","2019-10-15 04:56:45","55.0147 AU","-0.132374","0.000582187 AU","0.0266196","0.531831 °","0.000302442 °","0.163731 °","0.0531631 °","4436.43 s","69.939 AU","0.0523328 cm","0.136511 cm","0.000000472973 Kg","0.00000370126857363 Kg","1.16599e-19 cm","1.49189e-17 cm","0","0","13.5816 MJ","43.779 MJ","56984.4 m/s","0.700065 m²/Kg","0.0000000515452 m²/J","57255.8 m/s","1.88077 m²/Kg","0.0000000249883 m²/J","20.0755 °","9418.67","40.6454","500.358 m/s","1.82613 m²/Kg","0.0000000542951 m²/J","111055 m","92468.5 m","146.512 °","64.9352 °","7.38724 °","54.1394 Km","0.9599 s","44.229 °","7.83357 °","43.7845 °","7.93451 °","0.977444 AU","1.05493 km/s","1"
"12029","2019-10-15 23:19:36","6","Confirmed","Detected","Detected","0.986015","147.25 °","202.036 °","173.174 °","0.00595524 °","2019-10-14 17:05:21","71.0463 AU","-0.93331","0.000818014 AU","0.0430872","0.253485 °","0.000272973 °","0.725169 °","0.0275844 °","13930.3 s","133.317 AU","0.0538138 cm","0.098624 cm","0.000000514274 Kg","0.00000282751594291 Kg","5.14644e-18 cm","4.44233e-16 cm","0","0","22.7081 MJ","54.4472 MJ","70193.5 m/s","0.680799 m²/Kg","0.0000000299805 m²/J","70438 m/s","1.42623 m²/Kg","0.0000000147182 m²/J","19.687 °","9332.84","36.886","551.688 m/s","1.24769 m²/Kg","0.0000000295302 m²/J","112398 m","92085 m","120.379 °","40.1728 °","6.8984 °","60.4085 Km","0.8787 s","43.5004 °","5.87643 °","43.1961 °","5.32593 °","0.993611 AU","1.0088 km/s","1"
"11992","2019-10-13 04:23:18","6","Confirmed","Detected","Detected","0.984793","101.376 °","199.277 °","153.754 °","0.0330867 °","2019-10-11 15:13:48","62.2649 AU","-0.129827","0.000878527 AU","0.0255032","0.207886 °","0.0000915833 °","0.341155 °","0.0841534 °","1703.67 s","55.984 AU","0.0895562 cm","0.0772779 cm","0.00000237029 Kg","0.0000061359494126 Kg","0.00000595498 cm","0.0000667221 cm","6.96877e-19 Kg","2.34243e-17 Kg","58.014 MJ","72.6483 MJ","57291.9 m/s","0.409088 m²/Kg","0.00000000705153 m²/J","57335.4 m/s","0.572631 m²/Kg","0.00000000383001 m²/J","53.9521 °","2336.66","9.61839","359.097 m/s","0.353001 m²/Kg","0.00000000426227 m²/J","112135 m","74516.3 m","147.307 °","62.2266 °","5.45817 °","46.5216 Km","0.8364 s","46.4006 °","2.13761 °","46.2219 °","1.90075 °","0.946846 AU","1.1515 km/s","1"
"11891","2019-10-12 04:32:46","6","Confirmed","Not Detected","Not detected","0.872661","167.707 °","18.2959 °","30.6701 °","358.872 °","2019-10-10 22:35:26","7.32778 AU","-0.420628","0.00387532 AU","0.0453405","0.176003 °","0.000123462 °","1.33163 °","0.662334 °","1790.04 s","2.64529 AU","0.0465994 cm","0.0197486 cm","0.000000333929 Kg","0.000000424551613123 Kg","0.0218725 cm","0.0698704 cm","0.0000000345312 Kg","0.000000330923 Kg","1115.32 MJ","4957 MJ","70443.2 m/s","0.786199 m²/Kg","0.000000000704906 m²/J","70438.3 m/s","0.725571 m²/Kg","0.00000000265874 m²/J","56.9772 °","4330.38","0.756355","621.334 m/s","0.333187 m²/Kg","0.00000000301224 m²/J","106878 m","75653.9 m","100.942 °","16.3202 °","7.4295 °","37.2403 Km","0.5352 s","48.8534 °","6.44867 °","49.0301 °","6.39735 °","0.933113 AU","63.8013 km/s","1"
"11888","2019-10-13 04:50:15","12","Confirmed","Detected","Detected","0.798167","6.41065 °","19.2946 °","105.61 °","345.108 °","2019-10-09 20:07:01","2.15908 AU","3.1811","0.00169344 AU","0.00430584","0.194754 °","0.000136775 °","0.450773 °","0.606947 °","1758.78 s","0.0526983 AU","7.27527 cm","0.686607 cm","1.27075 Kg","0.359783724577 Kg","4.35761 cm","1.11445 cm","0.273061 Kg","0.209503 Kg","256.228 MJ","173.869 MJ","27794.6 m/s","0.00503574 m²/Kg","0.0000000000196533 m²/J","27791.2 m/s","0.00504047 m²/Kg","0.0000000000193685 m²/J","19.0193 °","71.3623","0.512557","160.286 m/s","0.000475251 m²/Kg","0.0000000000115856 m²/J","87647.4 m","37209.5 m","30.2061 °","7.08861 °","5.23427 °","155.046 Km","5.989 s","49.0713 °","4.60225 °","49.3274 °","6.5559 °","0.435775 AU","19.035 km/s","1"
"11880","2019-10-11 05:21:15","8","Confirmed","Not Detected","Detected","0.999744","86.6698 °","17.3398 °","279.632 °","0.000331355 °","2019-10-09 12:20:31","2277.05 AU","0.0642383","0.0016335 AU","0.010974","0.0858819 °","0.000149988 °","0.453317 °","0.0318841 °","776.612 s","3951.98 AU","0.189156 cm","0.174338 cm","0.0000223344 Kg","0.0000617543310059 Kg","5.41767e-16 cm","0.0000000000000254121 cm","0","0","13.8365 MJ","19.7883 MJ","52206.4 m/s","0.193683 m²/Kg","0.000000013998 m²/J","52253.3 m/s","0.281468 m²/Kg","0.00000000662608 m²/J","14.0141 °","3693.69","33.4865","170.95 m/s","0.17851 m²/Kg","0.00000000974627 m²/J","107165 m","86038.7 m","139.289 °","-24.8677 °","2.62587 °","86.4892 Km","1.6733 s","41.4504 °","0.883924 °","42.0514 °","0.298521 °","0.582807 AU","1.00006 km/s","1"
"11854","2019-10-05 04:21:19","8","Confirmed","Detected","Detected","0.896524","27.2223 °","191.38 °","303.456 °","349.98 °","2019-10-02 15:18:10","2.57771 AU","2.57383","0.000767056 AU","0.00212178","0.273774 °","0.0000693265 °","0.120841 °","0.305652 °","1303.49 s","0.0497322 AU","0.997002 cm","0.205508 cm","0.00327041 Kg","0.00202234998058 Kg","0.0767647 cm","0.125922 cm","0.00000149279 Kg","0.00000734613 Kg","84.0743 MJ","60.6424 MJ","35609.6 m/s","0.0367465 m²/Kg","0.000000000437072 m²/J","35634 m/s","0.0395286 m²/Kg","0.000000000327133 m²/J","39.7214 °","265.552","2.56401","125.398 m/s","0.00757441 m²/Kg","0.000000000230397 m²/J","85109.2 m","53582.8 m","23.9497 °","28.2026 °","8.87146 °","49.4038 Km","1.468 s","44.4977 °","5.93757 °","44.4812 °","6.41006 °","0.266731 AU","27.6304 km/s","1"
"11830","2019-10-01 00:01:59","20","Confirmed","Detected","Detected","0.993599","158.071 °","187.262 °","240.797 °","359.972 °","2019-09-29 17:25:32","116.519 AU","-0.948044","0.00240857 AU","0.00795475","0.127239 °","0.00004611 °","0.430506 °","24.9082 °","3949.29 s","130.179 AU","0.0842604 cm","0.0532455 cm","0.00000197417 Kg","0.00000374253117659 Kg","0.000000132847 cm","0.00000170732 cm","7.73697e-24 Kg","2.98301e-22 Kg","60.9259 MJ","61.2049 MJ","69196.4 m/s","0.434799 m²/Kg","0.00000000713652 m²/J","69235.5 m/s","0.559329 m²/Kg","0.00000000369486 m²/J","39.1409 °","3181.08","13.3602","141.796 m/s","0.274757 m²/Kg","0.00000000403937 m²/J","123420 m","79270.2 m","76.9032 °","34.4717 °","3.76787 °","70.0006 Km","1.2067 s","43.5079 °","1.36884 °","43.3946 °","0.726739 °","0.745856 AU","48.2582 km/s","1"
"11814","2019-09-29 00:17:38","9","Confirmed","Detected","Detected","0.993034","145.451 °","185.309 °","234.491 °","359.973 °","2019-09-27 17:05:03","113.799 AU","-0.579465","0.00778631 AU","0.0364763","0.314861 °","0.000155393 °","1.6253 °","14.5631 °","1724.97 s","19.1628 AU","0.0235848 cm","0.0203385 cm","0.0000000432925 Kg","0.000000112000480251 Kg","0.00000694616 cm","0.0000599208 cm","1.10598e-18 Kg","2.86222e-17 Kg","96.3972 MJ","112.542 MJ","67898.1 m/s","1.55339 m²/Kg","0.0000000161144 m²/J","68115.2 m/s","1.99731 m²/Kg","0.0000000112322 m²/J","49.2663 °","9467.3","8.13017","624.639 m/s","1.33957 m²/Kg","0.00000000889038 m²/J","111664 m","84992.5 m","74.8572 °","41.2757 °","5.541 °","35.2035 Km","0.5128 s","43.5862 °","7.22258 °","43.5268 °","6.95471 °","0.792751 AU","62.7623 km/s","1"
"11780","2019-09-23 21:03:21","17","Confirmed","Not Detected","Not detected","0.706508","0.327205 °","359.926 °","72.0087 °","347.661 °","2019-09-19 00:41:22","2.44905 AU","3.09545","0.000757043 AU","0.00141602","0.0537302 °","18.32 °","8.7908 °","0.0992241 °","45.9536 s","0.0119945 AU","2.87941 cm","0.168963 cm","0.0787814 Kg","0.0138686623986 Kg","0.785317 cm","0.0932189 cm","0.00159827 Kg","0.000569154 Kg","58.6585 MJ","8.09174 MJ","21173.3 m/s","0.0127236 m²/Kg","0.000000000216909 m²/J","21180.8 m/s","0.0128467 m²/Kg","0.000000000213711 m²/J","39.9948 °","91.4242","1.29925","53.9419 m/s","0.000746618 m²/Kg","0.0000000000179446 m²/J","75207.4 m","35242.2 m","350.127 °","-0.573126 °","4.3712 °","62.3668 Km","5.225 s","43.7635 °","6.14116 °","44.1134 °","5.80197 °","0.718775 AU","5.93745 km/s","1"
"11770","2019-09-20 04:24:46","7","Confirmed","Detected","Detected","0.908799","179.765 °","356.959 °","329.123 °","0.614889 °","2019-09-18 22:40:18","10.2566 AU","-0.6674","0.00129806 AU","0.0372773","0.0457679 °","3.24834 °","3.27131 °","0.398959 °","2631.75 s","4.0312 AU","0.0537161 cm","0.0328877 cm","0.000000511479 Kg","0.000000939460088082 Kg","0.0000480498 cm","0.000345628 cm","3.66091e-16 Kg","0.00000000000000790002 Kg","122.55 MJ","136.902 MJ","71134 m/s","0.682037 m²/Kg","0.00000000556537 m²/J","71373.6 m/s","1.01842 m²/Kg","0.00000000299263 m²/J","56.3194 °","3785.15","7.01923","488.42 m/s","0.417578 m²/Kg","0.00000000306653 m²/J","110348 m","75432.6 m","96.2576 °","23.3112 °","1.95493 °","41.9585 Km","0.619 s","48.3663 °","3.31652 °","48.4936 °","3.0726 °","0.935418 AU","1.12021 km/s","1"
"11736","2019-09-16 19:16:35","6","Confirmed","Not Detected","Detected","0.980924","73.8819 °","173.365 °","186.428 °","359.983 °","2019-09-14 19:55:02","52.5403 AU","0.44414","0.000167988 AU","0.0179428","0.339822 °","0.000139272 °","0.182544 °","22.1027 °","3360.1 s","43.9284 AU","0.07191 cm","0.0571385 cm","0.0000012271 Kg","0.00000292511025303 Kg","0.0696295 cm","0.549796 cm","0.00000111402 Kg","0.000026389 Kg","10877.6 MJ","2625610 MJ","45410 m/s","0.509475 m²/Kg","0.000000000046837 m²/J","45501.3 m/s","0.597504 m²/Kg","0.00000000968035 m²/J","46.2151 °","3259.07","0.0322269","345.241 m/s","0.40482 m²/Kg","0.000000011309 m²/J","103943 m","80340.5 m","357.743 °","84.3382 °","8.05272 °","32.693 Km","0.7161 s","44.8377 °","1.47011 °","44.6389 °","1.43268 °","1.00224 AU","43.7216 km/s","1"
"11732","2019-09-15 19:58:49","13","Confirmed","Not Detected","Not detected","0.515474","4.58033 °","172.469 °","244.769 °","336.194 °","2019-09-09 01:19:24","1.67004 AU","4.08323","0.000837703 AU","0.00122197","0.0407293 °","0.000244269 °","0.137886 °","0.10445 °","37.2179 s","0.00382762 AU","4.88474 cm","0.358948 cm","0.384625 Kg","0.0847908731661 Kg","0.918703 cm","0.201316 cm","0.00255882 Kg","0.00168214 Kg","29.7561 MJ","5.22454 MJ","17101.7 m/s","0.00750017 m²/Kg","0.000000000252055 m²/J","17107.7 m/s","0.00761039 m²/Kg","0.000000000245501 m²/J","39.2971 °","54.6897","1.67091","50.646 m/s","0.000551139 m²/Kg","0.000000000027554 m²/J","79717.8 m","33547.9 m","332.191 °","8.71744 °","3.66416 °","72.9298 Km","4.868 s","47.7112 °","0.103863 °","48.0176 °","-0.489389 °","0.809175 AU","5.50706 km/s","1"
"11718","2019-09-14 03:59:31","7","Confirmed","Not Detected","Not detected","1.01043","134.685 °","350.8 °","353.919 °","0.00320817 °","2019-09-12 20:31:12","-96.1888 AU","-0.954327","0.000723023 AU","0.100034","0.355453 °","0.00035672 °","0.718197 °","0.0452741 °","325.086 s","498.165 AU","0.201836 cm","0.708033 cm","0.0000271339 Kg","0.000285553554656 Kg","0.000000107402 cm","0.00000546372 cm","4.08832e-24 Kg","6.23942e-22 Kg","53.4178 MJ","202.109 MJ","67374.9 m/s","0.181515 m²/Kg","0.00000000339803 m²/J","67897.5 m/s","0.647369 m²/Kg","0.00000000206284 m²/J","33.0156 °","1538.49","14.4464","1173.96 m/s","0.636746 m²/Kg","0.00000000194325 m²/J","106911 m","75719.4 m","84.2213 °","-3.06968 °","16.8311 °","57.333 Km","0.8619 s","50.0412 °","8.20702 °","50.4157 °","7.88939 °","1.00323 AU","53.9444 km/s","1"
"11716","2019-09-13 21:27:57","6","Confirmed","Not Detected","Not detected","0.647593","14.8608 °","170.551 °","217.091 °","352.188 °","2019-09-07 18:58:32","2.62793 AU","3.02666","0.000358644 AU","0.00397813","0.0312483 °","0.000207148 °","0.0644835 °","0.148782 °","2919.69 s","0.0286824 AU","2.4398 cm","0.302274 cm","0.0479265 Kg","0.0178133039483 Kg","1.15437 cm","0.411805 cm","0.00507634 Kg","0.00543273 Kg","73.418 MJ","46.3188 MJ","17977.6 m/s","0.0150161 m²/Kg","0.000000000204529 m²/J","17984.3 m/s","0.0152843 m²/Kg","0.000000000183369 m²/J","65.1634 °","76.4152","0.74836","102.009 m/s","0.0018604 m²/Kg","0.000000000106152 m²/J","79760.8 m","35663.9 m","309.455 °","26.9259 °","2.86817 °","48.5911 Km","3.03964 s","50.6128 °","4.76724 °","50.7825 °","4.86998 °","0.926101 AU","9.48875 km/s","1"
"11709","2019-09-12 21:16:19","8","Confirmed","Not Detected","Not detected","0.663263","2.20673 °","349.486 °","52.6533 °","349.509 °","2019-09-06 16:46:06","2.52118 AU","3.10482","0.000198304 AU","0.00138742","0.0551878 °","0.00189543 °","0.0212084 °","0.072207 °","1460.85 s","0.00976824 AU","1.93253 cm","0.177026 cm","0.0238173 Kg","0.00654524632324 Kg","0.479706 cm","0.18543 cm","0.000364284 Kg","0.000422441 Kg","39.1642 MJ","13.5192 MJ","17916.8 m/s","0.0189577 m²/Kg","0.000000000484057 m²/J","17927.5 m/s","0.0194764 m²/Kg","0.000000000442928 m²/J","33.0005 °","160.748","1.39341","47.23 m/s","0.00173659 m²/Kg","0.000000000124277 m²/J","77088.5 m","44057 m","330.002 °","-10.6663 °","1.8088 °","60.6586 Km","3.739 s","45.2512 °","8.08525 °","45.692 °","7.93373 °","0.848975 AU","10.5578 km/s","1"
"11703","2019-09-12 02:57:21","6","Confirmed","Not Detected","Not detected","0.81677","16.1608 °","168.819 °","283.513 °","347.726 °","2019-09-08 22:06:14","2.44656 AU","2.88657","0.000620327 AU","0.0031299","0.033744 °","0.0000920897 °","0.110247 °","0.321372 °","1701.17 s","0.0394868 AU","1.00132 cm","0.24657 cm","0.00331305 Kg","0.00244747607254 Kg","0.0206851 cm","0.0422112 cm","0.0000000292069 Kg","0.000000178804 Kg","37.0059 MJ","22.0141 MJ","29060.8 m/s","0.0365882 m²/Kg","0.000000000988712 m²/J","29126.8 m/s","0.0419423 m²/Kg","0.000000000764173 m²/J","41.3514 °","255.756","3.87966","132.402 m/s","0.00900968 m²/Kg","0.000000000355482 m²/J","88192.8 m","53690.7 m","353.038 °","15.2645 °","2.08476 °","52.1773 Km","1.8819 s","47.2596 °","2.33656 °","47.4111 °","2.79776 °","0.448282 AU","19.1676 km/s","1"
"11701","2019-09-12 00:15:27","8","Confirmed","Detected","Detected","0.97572","146.957 °","168.698 °","111.394 °","0.233466 °","2019-09-10 16:37:57","28.4558 AU","-0.612591","0.00290635 AU","0.0474109","0.451731 °","0.000454117 °","1.29169 °","0.695447 °","11234.4 s","33.6761 AU","0.075322 cm","0.305862 cm","0.0000014102 Kg","0.0000171792682409 Kg","2.74825e-28 cm","7.35338e-26 cm","0","0","12.5561 MJ","56.304 MJ","67054 m/s","0.486396 m²/Kg","0.0000000387377 m²/J","67599.3 m/s","1.96184 m²/Kg","0.0000000189255 m²/J","20.489 °","6417.42","60.8754","819.586 m/s","1.97512 m²/Kg","0.000000024605 m²/J","109641 m","92104.9 m","102.716 °","39.7884 °","2.95927 °","50.0407 Km","0.7783 s","47.273 °","5.59426 °","47.0237 °","5.10798 °","0.690904 AU","1 km/s","1"
"11687","2019-09-09 02:48:28","8","Confirmed","Not Detected","Detected","0.389735","33.5132 °","165.897 °","174.975 °","359.942 °","2019-09-04 15:07:58","1.64902 AU","4.01583","0.000140912 AU","0.0102417","0.103327 °","0.000234417 °","0.285592 °","13.7587 °","409.958 s","0.0234177 AU","3.25812 cm","8.24566 cm","0.114134 Kg","0.866553263312 Kg","8.3685e-25 cm","1.41479e-22 cm","0","0","1.48378 MJ","4.51807 MJ","22230.5 m/s","0.0112446 m²/Kg","0.00000000757838 m²/J","22349.1 m/s","0.0318628 m²/Kg","0.0000000038626 m²/J","34.4997 °","91.684","56.6213","180.715 m/s","0.0284579 m²/Kg","0.00000000494163 m²/J","80866.5 m","66546.7 m","267.544 °","72.2784 °","6.88051 °","25.2761 Km","1.2931 s","45.8843 °","0.632659 °","45.7081 °","0.714521 °","1.00634 AU","1 km/s","1"
"11685","2019-09-09 00:01:37","10","Confirmed","Not Detected","Not detected","0.820192","4.20569 °","345.747 °","112.044 °","344.999 °","2019-09-05 19:29:37","2.13195 AU","3.17093","0.000910337 AU","0.00192711","0.117755 °","0.000824788 °","0.048134 °","0.225648 °","1888.13 s","0.0183974 AU","1.45684 cm","0.246024 cm","0.0102034 Kg","0.0051693139121 Kg","0.18089 cm","0.164214 cm","0.0000195324 Kg","0.0000531954 Kg","70.501 MJ","36.5757 MJ","29413.3 m/s","0.0251479 m²/Kg","0.000000000356703 m²/J","29447 m/s","0.027125 m²/Kg","0.000000000288421 m²/J","41.346 °","175.806","2.08613","114.236 m/s","0.00424686 m²/Kg","0.000000000127335 m²/J","81683.5 m","46082.2 m","358.413 °","-3.03125 °","2.24185 °","53.898 Km","1.98 s","44.7351 °","0.541174 °","45.0859 °","0.423937 °","0.383344 AU","16.1038 km/s","1"
"11681","2019-09-08 04:51:38","13","Confirmed","Not Detected","Not detected","0.378989","4.39519 °","165.061 °","120.715 °","22.1999 °","2019-08-30 14:20:36","1.40462 AU","4.66296","0.00254116 AU","0.00476443","0.115946 °","0.000687173 °","0.909362 °","0.75624 °","829.73 s","0.0150647 AU","12.4546 cm","1.0684 cm","6.3754 Kg","1.64070356581 Kg","5.46531 cm","1.57035 cm","0.538714 Kg","0.464366 Kg","47.6819 MJ","21.3999 MJ","15199.5 m/s","0.00294158 m²/Kg","0.0000000000616919 m²/J","15204.4 m/s","0.00301526 m²/Kg","0.0000000000539152 m²/J","4.71289 °","165.34","0.823672","28.3466 m/s","0.000252338 m²/Kg","0.0000000000226995 m²/J","78381.2 m","41257.9 m","175.065 °","28.511 °","1.69028 °","373.202 Km","28.2238 s","50.1125 °","0.589713 °","48.0789 °","-3.38606 °","0.872284 AU","7.7657 km/s","1"
"11669","2019-09-05 19:45:52","10","Confirmed","Detected","Detected","0.612697","58.4963 °","162.695 °","152.684 °","4.69435 °","2019-09-03 06:08:42","2.49304 AU","2.65738","0.00123378 AU","0.00595206","0.1694 °","0.0000849228 °","0.39464 °","0.149254 °","2819.77 s","0.0381867 AU","1.00847 cm","0.149057 cm","0.00338458 Kg","0.00150077420984 Kg","0.975167 cm","0.473664 cm","0.00306021 Kg","0.00445927 Kg","6404 MJ","118636 MJ","35567.6 m/s","0.0363286 m²/Kg","0.0000000000056728 m²/J","35491 m/s","0.0323026 m²/Kg","0.0000000000896678 m²/J","45.7074 °","234.391","0.0335821","155.266 m/s","0.00536955 m²/Kg","0.000000000104302 m²/J","91892.5 m","44389.6 m","213.372 °","83.5475 °","8.71064 °","66.425 Km","2.037 s","44.5355 °","7.10597 °","44.1273 °","7.19673 °","0.965563 AU","22.2266 km/s","1"
"11663","2019-09-04 22:38:47","9","Confirmed","Detected","Not detected","0.984345","159.418 °","161.835 °","305.585 °","359.291 °","2019-09-03 11:55:06","13.8655 AU","-0.153868","0.00437704 AU","0.00351264","0.396913 °","0.000228315 °","0.794185 °","0.257644 °","318.312 s","3.15716 AU","0.796375 cm","0.746262 cm","0.00166674 Kg","0.00468556905102 Kg","0.0000000135316 cm","0.000000298505 cm","8.17638e-27 Kg","5.41109e-25 Kg","35.7738 MJ","45.9695 MJ","61357.8 m/s","0.0460039 m²/Kg","0.00000000128597 m²/J","61415 m/s","0.062407 m²/Kg","0.000000000647619 m²/J","33.8028 °","381.883","17.8906","278.088 m/s","0.043109 m²/Kg","0.000000000807225 m²/J","97356.5 m","68197 m","30.0401 °","19.5175 °","4.98925 °","52.386 Km","0.8674 s","44.9374 °","5.74878 °","44.9753 °","5.20691 °","0.217062 AU","1.06064 km/s","1"
"11638","2019-09-03 02:59:19","7","Confirmed","Not Detected","Not detected","0.917048","8.2087 °","340.068 °","134.191 °","348.504 °","2019-08-31 14:11:49","2.28989 AU","2.79637","0.0012058 AU","0.00230134","0.238447 °","0.00030701 °","0.164482 °","0.453699 °","317.313 s","0.0562085 AU","0.606116 cm","0.25933 cm","0.000734821 Kg","0.000943192838424 Kg","0.00224297 cm","0.0104184 cm","0.0000000000372376 Kg","0.000000000518899 Kg","39.0812 MJ","35.5487 MJ","35877.7 m/s","0.0604445 m²/Kg","0.00000000154664 m²/J","35986.3 m/s","0.0785661 m²/Kg","0.000000000891494 m²/J","38.9454 °","444.088","5.59927","210.284 m/s","0.0258615 m²/Kg","0.000000000813129 m²/J","86654.2 m","60591.1 m","3.152 °","-2.48397 °","4.16153 °","41.4506 Km","1.2147 s","43.4185 °","1.31362 °","43.66 °","1.52633 °","0.189952 AU","22.8413 km/s","1"
"11637","2019-09-03 02:39:01","18","Confirmed","Detected","Not detected","0.531609","50.0655 °","160.07 °","176.749 °","359.9 °","2019-08-31 02:15:12","2.15288 AU","3.11629","0.0000351783 AU","0.00374435","0.0522481 °","0.0000444644 °","0.0954375 °","14.6627 °","897.662 s","0.0178737 AU","3.67549 cm","0.306607 cm","0.163855 Kg","0.0410061225076 Kg","0.66641 cm","0.25269 cm","0.000976651 Kg","0.00111098 Kg","94.3833 MJ","25.619 MJ","30789.9 m/s","0.00996775 m²/Kg","0.000000000105609 m²/J","30804.9 m/s","0.0102452 m²/Kg","0.0000000000981243 m²/J","43.479 °","66.8999","1.70754","66.9889 m/s","0.000831504 m²/Kg","0.0000000000203721 m²/J","85138.8 m","37398.9 m","287.477 °","79.6642 °","2.73696 °","69.4411 Km","2.4637 s","45.779 °","2.24386 °","45.3432 °","2.40031 °","1.00839 AU","15.6043 km/s","1"
"11635","2019-09-03 01:38:15","6","Confirmed","Not Detected","Detected","0.835842","13.9792 °","160.036 °","297.775 °","344.378 °","2019-08-31 02:03:53","2.0435 AU","3.21375","0.00187241 AU","0.00263881","0.104902 °","0.000106937 °","0.228787 °","0.36694 °","95.6718 s","0.0327358 AU","0.746203 cm","0.0447137 cm","0.00137115 Kg","0.000246485024364 Kg","0.0242242 cm","0.00880141 cm","0.0000000469099 Kg","0.0000000511315 Kg","47.6866 MJ","6.12494 MJ","31007.8 m/s","0.049097 m²/Kg","0.00000000102958 m²/J","31015.8 m/s","0.0498611 m²/Kg","0.00000000100937 m²/J","47.8796 °","305.688","3.42764","152.986 m/s","0.00294197 m²/Kg","0.000000000073302 m²/J","88493.2 m","54942.7 m","351.475 °","9.37342 °","6.29153 °","45.2322 Km","1.536 s","47.8376 °","5.46406 °","48.0695 °","5.66931 °","0.335458 AU","21.504 km/s","1"
"11617","2019-08-31 02:41:12","7","Confirmed","Detected","Detected","0.927773","12.4182 °","157.175 °","306.193 °","353.222 °","2019-08-28 14:08:42","3.27778 AU","2.16685","0.00163123 AU","0.00244543","0.0977026 °","0.0000965587 °","0.236735 °","0.348011 °","2560.86 s","0.105449 AU","0.945976 cm","0.514527 cm","0.00279353 Kg","0.00455830804784 Kg","0.0000118725 cm","0.00013426 cm","5.52258e-18 Kg","1.87355e-16 Kg","19.472 MJ","20.5576 MJ","35953.9 m/s","0.0387287 m²/Kg","0.00000000198894 m²/J","36051.6 m/s","0.0553489 m²/Kg","0.00000000106384 m²/J","39.339 °","282.149","11.2857","169.974 m/s","0.021065 m²/Kg","0.00000000108749 m²/J","91302.9 m","63045.7 m","353.019 °","5.50501 °","5.5298 °","44.5762 Km","1.2602 s","47.1155 °","7.52385 °","47.3298 °","7.8452 °","0.236744 AU","26.9865 km/s","1"
"11603","2019-08-29 20:15:53","7","Confirmed","Not Detected","Not detected","0.616416","46.2044 °","155.941 °","74.4298 °","31.4348 °","2019-08-26 22:11:22","1.35945 AU","4.38408","0.00444549 AU","0.00543245","0.196787 °","0.000224814 °","0.449601 °","0.600372 °","1316.38 s","0.012863 AU","48.8148 cm","3365.28 cm","383.856 Kg","79388.8132452 Kg","0","","0","","0.0924633 MJ","6.42046 MJ","31631.6 m/s","0.000750518 m²/Kg","0.00000000811692 m²/J","31801.8 m/s","0.044632 m²/Kg","0.00000000399 m²/J","27.0967 °","7.60941","1839.59","241.062 m/s","0.0517405 m²/Kg","0.00000000615926 m²/J","87719 m","73825.3 m","149.134 °","59.6285 °","7.28474 °","30.4862 Km","0.9847 s","51.3058 °","0.489112 °","51.087 °","0.649265 °","0.521464 AU","3.2697 km/s","1"
"11599","2019-08-28 23:49:15","6","Confirmed","Not Detected","Not detected","0.619684","2.29879 °","155.198 °","241.884 °","344.703 °","2019-08-23 01:18:43","2.11765 AU","3.45751","0.000231839 AU","0.00260499","0.0495484 °","0.00145645 °","0.0689067 °","0.180239 °","279.177 s","0.013613 AU","2.13684 cm","0.206986 cm","0.0321983 Kg","0.00935669535519 Kg","0.744045 cm","0.257674 cm","0.00135929 Kg","0.00141223 Kg","53.4006 MJ","22.5875 MJ","18204.2 m/s","0.0171451 m²/Kg","0.000000000321065 m²/J","18222.8 m/s","0.0177107 m²/Kg","0.000000000281246 m²/J","39.5406 °","124.374","1.05498","74.7592 m/s","0.00166076 m²/Kg","0.000000000105823 m²/J","79005.8 m","41058.3 m","322.09 °","-4.35272 °","1.51061 °","59.6166 Km","3.624 s","43.6132 °","5.07059 °","43.9925 °","5.28541 °","0.805376 AU","10.1956 km/s","1"
"11587","2019-08-27 02:53:49","8","Confirmed","Detected","Detected","1.04889","142.419 °","333.312 °","82.9666 °","-1.01347 °","2019-08-25 18:30:12","-11.3843 AU","-1.22518","0.079517 AU","0.196863","0.600201 °","0.00125729 °","13.5094 °","5.79739 °","66552.3 s","41.6495 AU","0.16485 cm","3.4944 cm","0.0000147836 Kg","0.000940122464618 Kg","0.00000000000602335 cm","0.00000000293547 cm","7.21154e-37 Kg","1.05436e-33 Kg","30.3148 MJ","644.724 MJ","65464.2 m/s","0.222241 m²/Kg","0.00000000733109 m²/J","68397 m/s","4.00329 m²/Kg","0.00000000653625 m²/J","34.5706 °","1808.8","24.0327","4353.14 m/s","4.71094 m²/Kg","0.0000000119308 m²/J","106401 m","80001.6 m","39.0921 °","-2.58999 °","17.0133 °","46.4872 Km","0.752 s","50.9338 °","4.49325 °","51.2523 °","4.3087 °","0.556612 AU","1.0145 km/s","1"
"11577","2019-08-25 00:02:19","7","Confirmed","Detected","Detected","0.514162","42.0267 °","151.268 °","158.702 °","4.7607 °","2019-08-21 11:56:06","2.03277 AU","3.35513","0.000383716 AU","0.00437106","0.0756461 °","0.0000865763 °","0.161403 °","0.0786888 °","1721.75 s","0.0173165 AU","0.760606 cm","0.0697436 cm","0.00145209 Kg","0.000399446759156 Kg","0.295195 cm","0.101497 cm","0.0000848867 Kg","0.0000875602 Kg","131.521 MJ","60.6634 MJ","27060 m/s","0.0481674 m²/Kg","0.000000000366234 m²/J","27086 m/s","0.0497133 m²/Kg","0.000000000315993 m²/J","42.9262 °","326.62","0.94648","101.473 m/s","0.0044167 m²/Kg","0.000000000136687 m²/J","85879.6 m","49075.9 m","249.289 °","77.2617 °","3.30356 °","53.9759 Km","2.166 s","44.9286 °","7.22622 °","44.5934 °","7.37533 °","0.987594 AU","16.1733 km/s","1"
"11574","2019-08-24 02:56:36","10","Confirmed","Not Detected","Detected","0.693574","12.7837 °","150.437 °","223.673 °","352.68 °","2019-08-18 08:38:43","2.92583 AU","2.83191","0.000272981 AU","0.00306414","0.0212444 °","0.0000798949 °","0.111712 °","0.134502 °","785.039 s","0.029996 AU","2.65836 cm","0.122034 cm","0.0619951 Kg","0.00853776247729 Kg","0.719511 cm","0.0967819 cm","0.00122921 Kg","0.000496026 Kg","43.9861 MJ","6.17512 MJ","18388.8 m/s","0.0137815 m²/Kg","0.000000000313316 m²/J","18393.6 m/s","0.0138814 m²/Kg","0.000000000307789 m²/J","24.3741 °","154.221","1.30689","42.801 m/s","0.000632649 m²/Kg","0.0000000000301342 m²/J","76067.2 m","41355.6 m","304.099 °","17.7085 °","1.81647 °","84.0397 Km","5.422 s","45.184 °","0.538072 °","45.171 °","1.50275 °","0.89655 AU","7.56519 km/s","1"
"11570","2019-08-22 22:59:40","9","Confirmed","Not Detected","Detected","0.820212","2.4074 °","329.211 °","112.429 °","344.867 °","2019-08-19 18:30:19","2.12692 AU","3.17649","0.00112328 AU","0.00163199","0.130331 °","0.00458773 °","0.0782403 °","0.178814 °","1926.06 s","0.0140409 AU","1.02484 cm","0.0964827 cm","0.00355203 Kg","0.00100321325651 Kg","0.105114 cm","0.0403121 cm","0.00000383262 Kg","0.00000440952 Kg","65.0588 MJ","13.9354 MJ","29521.2 m/s","0.0357485 m²/Kg","0.00000000054948 m²/J","29549.7 m/s","0.0369036 m²/Kg","0.000000000523125 m²/J","33.6736 °","297.756","2.27724","102.169 m/s","0.00336553 m²/Kg","0.000000000067623 m²/J","81181.9 m","51589.6 m","341.819 °","-7.72865 °","2.57643 °","53.4609 Km","1.986 s","43.9147 °","1.43842 °","44.258 °","1.16292 °","0.382394 AU","17.3822 km/s","1"
"11553","2019-08-18 02:40:11","6","Confirmed","Not Detected","Not detected","0.9878","158.342 °","324.638 °","123.442 °","359.554 °","2019-08-16 16:06:54","19.0256 AU","-0.284559","0.00304081 AU","0.00290365","0.133384 °","0.0000733333 °","0.564128 °","6.72374 °","1271.8 s","15.6504 AU","0.248744 cm","0.231694 cm","0.000050789 Kg","0.000141923054276 Kg","0.0000000000020792 cm","0.0000000000705372 cm","2.96623e-38 Kg","3.01889e-36 Kg","25.1249 MJ","34.3435 MJ","61399.3 m/s","0.147286 m²/Kg","0.00000000586213 m²/J","61459.1 m/s","0.21573 m²/Kg","0.00000000281764 m²/J","45.0134 °","961.715","25.5077","185.7 m/s","0.13719 m²/Kg","0.0000000038458 m²/J","107129 m","76645.6 m","19.4028 °","0.905702 °","2.82712 °","43.1054 Km","0.696 s","44.9124 °","3.00715 °","45.1737 °","2.90933 °","0.232109 AU","1.01951 km/s","1"
"11545","2019-08-16 21:27:24","12","Confirmed","Not Detected","Not detected","0.988107","113.605 °","143.457 °","146.161 °","0.0309537 °","2019-08-15 10:30:40","77.9744 AU","-0.410058","0.000749886 AU","0.00956352","0.164488 °","0.0000932814 °","0.162954 °","0.0377907 °","695.861 s","60.408 AU","0.18315 cm","0.089674 cm","0.0000202737 Kg","0.0000297793489539 Kg","0.0000499065 cm","0.000322786 cm","4.10191e-16 Kg","0.00000000000000795912 Kg","76.4756 MJ","64.032 MJ","60765 m/s","0.200035 m²/Kg","0.00000000261567 m²/J","60794.3 m/s","0.22795 m²/Kg","0.00000000163527 m²/J","22.2586 °","2438.84","8.20791","166.468 m/s","0.0979413 m²/Kg","0.00000000141194 m²/J","105923 m","77049.3 m","55.2338 °","59.1655 °","3.00098 °","76.2659 Km","1.2765 s","44.958 °","0.67401 °","44.3938 °","0.293242 °","0.927377 AU","55.2313 km/s","1"
"11531","2019-08-15 00:59:18","6","Confirmed","Detected","Detected","0.924279","111.242 °","141.68 °","147.674 °","0.477897 °","2019-08-13 13:13:37","12.3819 AU","-0.00809477","0.00320392 AU","0.0268147","0.453477 °","0.000113 °","0.658131 °","0.256067 °","3697.09 s","13.9956 AU","0.0879799 cm","0.086108 cm","0.00000224732 Kg","0.00000659850648445 Kg","0.000000980397 cm","0.0000211917 cm","3.10971e-21 Kg","2.01654e-19 Kg","52.6763 MJ","104.549 MJ","59446.2 m/s","0.416417 m²/Kg","0.00000000790522 m²/J","59579.7 m/s","0.624802 m²/Kg","0.00000000374941 m²/J","46.5938 °","2647.07","11.4047","355.099 m/s","0.407558 m²/Kg","0.00000000839192 m²/J","103011 m","77546.1 m","51.3026 °","59.3156 °","20.8046 °","35.0508 Km","0.601 s","42.7973 °","6.21104 °","42.6416 °","6.01237 °","0.937568 AU","1.21956 km/s","1"
"11530","2019-08-15 00:31:40","7","Confirmed","Not Detected","Detected","0.964338","114.448 °","141.661 °","151.428 °","0.132715 °","2019-08-13 13:36:35","26.7064 AU","-0.27923","0.0014795 AU","0.0317951","0.324662 °","0.000144375 °","0.430566 °","0.179986 °","1536.94 s","20.2023 AU","0.0646852 cm","0.0492301 cm","0.00000089316 Kg","0.00000203927798084 Kg","0.00000837334 cm","0.0000845499 cm","1.93736e-18 Kg","5.86876e-17 Kg","70.4597 MJ","85.8116 MJ","60913.2 m/s","0.566379 m²/Kg","0.00000000803834 m²/J","61110.8 m/s","0.845273 m²/Kg","0.0000000042054 m²/J","45.869 °","3644.24","8.95224","469.81 m/s","0.431056 m²/Kg","0.00000000456163 m²/J","104419 m","77662.2 m","49.6204 °","57.581 °","8.18783 °","37.2889 Km","0.621 s","43.7477 °","9.33985 °","43.5879 °","9.11108 °","0.952413 AU","26.5598 km/s","1"
"11526","2019-08-14 22:30:08","6","Confirmed","Detected","Detected","0.926294","114.118 °","141.579 °","150.095 °","0.419438 °","2019-08-13 11:16:00","12.8637 AU","-0.164206","0.0008325 AU","0.0480512","0.599973 °","0.000315039 °","0.416294 °","0.42318 °","3570.72 s","12.0665 AU","0.101935 cm","0.182528 cm","0.00000349528 Kg","0.0000187763187861 Kg","0.00000000353907 cm","0.000000129695 cm","1.46279e-28 Kg","1.60818e-26 Kg","36.1338 MJ","81.3796 MJ","60421.8 m/s","0.35941 m²/Kg","0.00000000994662 m²/J","60684.8 m/s","0.758667 m²/Kg","0.00000000474788 m²/J","32.753 °","3067.96","17.176","776.866 m/s","0.643572 m²/Kg","0.00000000662289 m²/J","109570 m","80674.3 m","49.4907 °","57.7963 °","3.97984 °","53.3545 Km","0.88247 s","45.5656 °","9.96926 °","45.2549 °","9.61692 °","0.948135 AU","7.17331 km/s","1"
"11500","2019-08-14 00:39:35","12","Confirmed","Detected","Detected","0.983471","112.907 °","140.706 °","151.346 °","0.0418007 °","2019-08-12 13:36:26","57.5744 AU","-0.416542","0.00186228 AU","0.0269217","0.284685 °","0.000124474 °","0.492019 °","0.103282 °","1072.01 s","230.1 AU","0.298546 cm","0.641717 cm","0.0000878108 Kg","0.000566241504701 Kg","0.000000000203992 cm","0.0000000114924 cm","2.80124e-32 Kg","4.73447e-30 Kg","29.5778 MJ","82.1593 MJ","60595.7 m/s","0.122716 m²/Kg","0.00000000414892 m²/J","60824.2 m/s","0.304769 m²/Kg","0.00000000208254 m²/J","46.2391 °","784.688","21.1041","402.397 m/s","0.263775 m²/Kg","0.0000000037731 m²/J","104875 m","74196.6 m","48.284 °","58.4131 °","8.62663 °","42.4944 Km","0.7306 s","47.4823 °","2.22318 °","47.3035 °","1.94355 °","0.951627 AU","1 km/s","1"
"11492","2019-08-13 23:50:07","11","Confirmed","Not Detected","Detected","0.932999","114.666 °","140.673 °","151.726 °","0.340273 °","2019-08-12 12:46:42","14.2508 AU","-0.138236","0.00146963 AU","0.0272899","0.326906 °","0.000155499 °","0.440702 °","0.214132 °","847.051 s","6.24917 AU","0.478926 cm","1.3801 cm","0.000362509 Kg","0.00313388777667 Kg","0.000138498 cm","0.00264319 cm","0.00000000000000876679 Kg","0.000000000000501936 Kg","76.8317 MJ","203.923 MJ","60685.2 m/s","0.0764969 m²/Kg","0.000000000995643 m²/J","60920.1 m/s","0.225388 m²/Kg","0.00000000174045 m²/J","37.1044 °","585.606","8.14845","424.175 m/s","0.220438 m²/Kg","0.00000000139806 m²/J","106146 m","77516 m","47.4995 °","57.1446 °","6.99247 °","47.4563 Km","1.02046 s","45.1087 °","-0.295367 °","44.8621 °","-0.616479 °","0.954815 AU","59.2527 km/s","1"
"11491","2019-08-13 23:44:47","8","Confirmed","Detected","Detected","0.986884","112.533 °","140.67 °","152.145 °","0.0285693 °","2019-08-12 12:37:49","72.799 AU","-0.457109","0.000568726 AU","0.0268377","0.299155 °","0.000148734 °","0.234536 °","0.0888124 °","7023.63 s","6358.63 AU","0.0340599 cm","0.0206775 cm","0.00000013039 Kg","0.00000023747600289 Kg","0.0000131575 cm","0.000111737 cm","7.51679e-18 Kg","1.91504e-16 Kg","79.2636 MJ","91.8932 MJ","60533.1 m/s","1.07565 m²/Kg","0.0000000135705 m²/J","60689.5 m/s","1.47463 m²/Kg","0.00000000620123 m²/J","38.1093 °","8048.98","7.85889","413.323 m/s","0.653015 m²/Kg","0.00000000891223 m²/J","108440 m","84751.7 m","47.4346 °","58.6828 °","3.45352 °","38.3529 Km","0.8711 s","45.2302 °","1.44626 °","45.0292 °","1.19727 °","0.954851 AU","1.1417 km/s","1"
"11488","2019-08-13 23:31:48","9","Confirmed","Not Detected","Not detected","0.946501","113.398 °","140.661 °","151.772 °","0.241404 °","2019-08-12 12:19:41","17.8428 AU","-0.140341","0.00191959 AU","0.0233702","0.29789 °","0.000122575 °","0.5352 °","0.162753 °","1591.43 s","6.76925 AU","0.0431427 cm","0.0211798 cm","0.000000264994 Kg","0.000000390276371349 Kg","0.0077944 cm","0.0221675 cm","0.00000000156265 Kg","0.0000000133327 Kg","362.414 MJ","642.893 MJ","60397.2 m/s","0.84919 m²/Kg","0.00000000234315 m²/J","60405.4 m/s","0.809404 m²/Kg","0.000000004604 m²/J","41.5152 °","5916.74","1.71111","359.926 m/s","0.416888 m²/Kg","0.00000000377541 m²/J","115117 m","79301.9 m","47.4971 °","58.0146 °","8.68533 °","54.0039 Km","0.902 s","51.3362 °","3.26934 °","51.0829 °","2.86693 °","0.95457 AU","54.8855 km/s","1"
"11482","2019-08-13 21:56:09","9","Confirmed","Not Detected","Not detected","0.959545","112.405 °","140.596 °","149.603 °","0.172322 °","2019-08-12 10:34:23","23.3587 AU","-0.027056","0.000473165 AU","0.0166548","0.249328 °","0.000137195 °","0.135539 °","0.108362 °","2204.69 s","6.65196 AU","0.168767 cm","0.150771 cm","0.0000158627 Kg","0.0000425138214693 Kg","0.00000019705 cm","0.0000037791 cm","2.5249e-23 Kg","1.4527e-21 Kg","45.0607 MJ","66.4339 MJ","60174 m/s","0.217082 m²/Kg","0.00000000481755 m²/J","60349.8 m/s","0.366766 m²/Kg","0.00000000237087 m²/J","26.5793 °","2240.61","13.6606","283.149 m/s","0.193934 m²/Kg","0.00000000313969 m²/J","106924 m","77789.3 m","48.4118 °","58.8999 °","2.11328 °","65.2097 Km","1.3546 s","44.9419 °","2.64774 °","44.5002 °","2.26944 °","0.944974 AU","1.00035 km/s","1"
"11481","2019-08-13 21:53:26","9","Confirmed","Not Detected","Not detected","0.908292","113.758 °","140.594 °","152.312 °","0.534994 °","2019-08-12 10:32:40","10.4456 AU","0.0204825","0.00221643 AU","0.0307662","0.498658 °","0.000214514 °","0.614943 °","0.279212 °","220.729 s","3.8077 AU","10526.3 cm","1704280000 cm","3848990000 Kg","1.86952593004e15 Kg","0.0701162 cm","94468.4 cm","0.00000113755 Kg","4.59789 Kg","51.5757 MJ","6495440 MJ","60134.3 m/s","0.00000348044 m²/Kg","0.0000000000000674823 m²/J","60387.9 m/s","0.44544 m²/Kg","0.00000000326034 m²/J","31.4698 °","0.0307891","11.9192","497.111 m/s","0.563506 m²/Kg","0.00000000377047 m²/J","110221 m","78450.1 m","46.5455 °","57.7603 °","15.235 °","61.0278 Km","0.995 s","51.9599 °","0.725886 °","51.5777 °","0.308958 °","0.957945 AU","60.1343 km/s","1"
"11478","2019-08-13 21:04:20","6","Confirmed","Not Detected","Not detected","0.958666","113.085 °","140.562 °","150.929 °","0.169091 °","2019-08-12 09:53:18","23.0008 AU","-0.243376","0.00133852 AU","0.0317346","0.485936 °","0.000282426 °","0.273382 °","0.196544 °","6592.52 s","6.96476 AU","0.250542 cm","0.313635 cm","0.0000518985 Kg","0.000194904105526 Kg","0.0000000240858 cm","0.000000706493 cm","4.611e-26 Kg","4.05755e-24 Kg","38.4007 MJ","73.0058 MJ","60413.2 m/s","0.146228 m²/Kg","0.00000000380797 m²/J","60475.8 m/s","0.194705 m²/Kg","0.00000000199741 m²/J","24.2952 °","1641.35","16.1575","540.491 m/s","0.183053 m²/Kg","0.00000000336965 m²/J","104100 m","76830.1 m","47.5167 °","58.4323 °","5.40957 °","66.3297 Km","1.102 s","42.1736 °","15.851 °","41.7161 °","15.4749 °","0.950707 AU","1.02239 km/s","1"
"11476","2019-08-13 20:37:03","7","Confirmed","Not Detected","Not detected","0.974873","112.78 °","140.543 °","150.804 °","0.0802117 °","2019-08-12 09:24:14","37.7933 AU","-0.319194","0.000621687 AU","0.0108089","0.209092 °","0.000117478 °","0.147822 °","0.0524547 °","3012.95 s","147.863 AU","0.0731346 cm","0.0297267 cm","0.00000129087 Kg","0.00000157408178122 Kg","0.00452257 cm","0.025281 cm","0.00000000030526 Kg","0.00000000511918 Kg","223.074 MJ","462.113 MJ","60433 m/s","0.500944 m²/Kg","0.00000000224564 m²/J","60424.3 m/s","0.462288 m²/Kg","0.00000000512165 m²/J","20.4942 °","6607.77","2.78322","194.529 m/s","0.203616 m²/Kg","0.00000000431503 m²/J","108089 m","83813 m","47.7058 °","58.891 °","3.191 °","69.3532 Km","1.1495 s","44.3802 °","5.24322 °","43.855 °","4.91483 °","0.949636 AU","57.7398 km/s","1"
"11472","2019-08-13 20:12:48","18","Confirmed","Not Detected","Detected","0.966812","112.478 °","140.527 °","147.992 °","0.135758 °","2019-08-12 08:53:28","28.2473 AU","-0.26462","0.00044751 AU","0.0104166","0.218402 °","0.000128383 °","0.0998488 °","0.0650183 °","3176.62 s","8.5308 AU","0.0742888 cm","0.0322064 cm","0.00000135296 Kg","0.00000175964370099 Kg","0.0000224619 cm","0.000138704 cm","3.73986e-17 Kg","6.92818e-16 Kg","76.0014 MJ","61.2854 MJ","60191.2 m/s","0.493161 m²/Kg","0.00000000648884 m²/J","60217 m/s","0.543603 m²/Kg","0.00000000448484 m²/J","18.931 °","7020.07","8.10389","198.665 m/s","0.2138 m²/Kg","0.00000000352076 m²/J","112043 m","83752.4 m","49.4561 °","59.1701 °","1.95057 °","86.9883 Km","1.473 s","45.0522 °","4.61325 °","44.3682 °","4.25941 °","0.937461 AU","55.7474 km/s","1"
"11469","2019-08-13 19:28:20","6","Confirmed","Not Detected","Not detected","0.996969","113.056 °","140.497 °","153.407 °","0.00300098 °","2019-08-12 08:29:49","316.663 AU","-0.460664","0.000574589 AU","0.0138614","0.341212 °","0.000172341 °","0.166453 °","0.0209062 °","1861.23 s","1294.88 AU","0.0706618 cm","0.0379617 cm","0.00000116431 Kg","0.00000187650518651 Kg","0.00000586203 cm","0.0000472283 cm","6.6475e-19 Kg","1.6067e-17 Kg","66.7439 MJ","60.6979 MJ","60740.7 m/s","0.518475 m²/Kg","0.00000000776812 m²/J","60789.1 m/s","0.621723 m²/Kg","0.00000000460346 m²/J","16.8983 °","8237.5","9.39716","240.748 m/s","0.27854 m²/Kg","0.00000000415237 m²/J","109900 m","83978.6 m","46.225 °","58.8814 °","7.57032 °","89.2605 Km","1.49 s","44.2319 °","8.03417 °","43.5124 °","7.70809 °","0.959666 AU","53.7292 km/s","1"
"11458","2019-08-13 02:01:43","6","Confirmed","Detected","Detected","0.961388","112.476 °","139.802 °","152.782 °","0.141377 °","2019-08-11 14:45:55","24.8188 AU","-0.276769","0.000814445 AU","0.0288437","0.276255 °","0.000112291 °","0.349849 °","0.161143 °","3533.85 s","20.0096 AU","0.163051 cm","0.245098 cm","0.0000143049 Kg","0.0000645092635653 Kg","0.00000000000128814 cm","0.0000000000632618 cm","7.0535e-39 Kg","1.03921e-36 Kg","24.1293 MJ","47.9828 MJ","60237 m/s","0.224693 m²/Kg","0.00000000931202 m²/J","60463.6 m/s","0.424028 m²/Kg","0.00000000422244 m²/J","57.4325 °","1231.29","25.5641","421.068 m/s","0.337758 m²/Kg","0.00000000656928 m²/J","104277 m","77980.2 m","46.2006 °","58.1591 °","5.67941 °","31.206 Km","0.5367 s","44.8241 °","5.71575 °","44.724 °","5.56069 °","0.958315 AU","1 km/s","1"
"11456","2019-08-13 01:37:03","7","Confirmed","Detected","Detected","0.968843","114.334 °","139.786 °","148.976 °","0.119105 °","2019-08-11 14:40:49","30.234 AU","-0.288789","0.000949589 AU","0.0273643","0.263883 °","0.000113129 °","0.372333 °","0.159474 °","1862.44 s","19.4211 AU","0.0673756 cm","0.0376403 cm","0.0000010093 Kg","0.00000169158396167 Kg","0.0577993 cm","0.263033 cm","0.000000637208 Kg","0.00000869941 Kg","4105.4 MJ","121906 MJ","60846.3 m/s","0.543763 m²/Kg","0.000000000132451 m²/J","60917.8 m/s","0.561159 m²/Kg","0.00000000319252 m²/J","52.4528 °","3167.31","0.153307","404.606 m/s","0.30378 m²/Kg","0.0000000039289 m²/J","108859 m","75714.8 m","48.7865 °","57.2225 °","5.06803 °","41.8015 Km","0.7026 s","44.5712 °","5.60293 °","44.4227 °","5.36503 °","0.941987 AU","56.0972 km/s","1"
"11450","2019-08-13 00:58:58","12","Confirmed","Not Detected","Detected","0.960241","114.01 °","139.76 °","153.013 °","0.146404 °","2019-08-11 13:58:41","24.1274 AU","-0.271235","0.00159304 AU","0.0175347","0.23345 °","0.0000755948 °","0.465018 °","0.0986332 °","73.8001 s","10.7907 AU","0.0439782 cm","0.0135203 cm","0.00000028069 Kg","0.000000258878611633 Kg","0.000553565 cm","0.001679 cm","0.000000000000559783 Kg","0.00000000000509358 Kg","143.329 MJ","108.05 MJ","60734.4 m/s","0.833057 m²/Kg","0.0000000058122 m²/J","60782.6 m/s","0.945048 m²/Kg","0.00000000387959 m²/J","49.5842 °","5053.09","4.37507","253.228 m/s","0.256107 m²/Kg","0.00000000308143 m²/J","106918 m","80114.7 m","45.9466 °","57.3141 °","8.44425 °","35.1981 Km","0.7859 s","48.8284 °","1.6217 °","48.7007 °","1.38448 °","0.959272 AU","49.1723 km/s","1"
"11449","2019-08-13 00:50:17","12","Confirmed","Not Detected","Detected","0.977546","112.621 °","139.754 °","152.282 °","0.0637688 °","2019-08-11 13:38:50","42.5697 AU","-0.356781","0.00152976 AU","0.0337569","0.331802 °","0.000152327 °","0.491062 °","0.146071 °","3999.65 s","54.8646 AU","0.0634342 cm","0.0472443 cm","0.000000842335 Kg","0.00000188205511474 Kg","0.0000786717 cm","0.00049785 cm","0.00000000000000160683 Kg","0.000000000000030505 Kg","92.8222 MJ","94.7779 MJ","60449.8 m/s","0.577549 m²/Kg","0.0000000062221 m²/J","60575.3 m/s","0.77642 m²/Kg","0.0000000030304 m²/J","48.8573 °","3541.8","6.69248","508.992 m/s","0.430145 m²/Kg","0.00000000479602 m²/J","108716 m","75443.7 m","46.3052 °","58.2639 °","6.27473 °","44.1677 Km","0.9238 s","48.7046 °","2.35746 °","48.5352 °","2.06487 °","0.955842 AU","1.0819 km/s","1"
"11433","2019-08-12 23:18:55","6","Confirmed","Not Detected","Not detected","1.09027","104.956 °","139.693 °","126.077 °","1.1404 °","2019-08-11 11:03:29","-8.81824 AU","-0.893386","0.00363984 AU","0.108561","1.30843 °","0.000823497 °","1.52672 °","1.99966 °","21277.6 s","12.8136 AU","1070.87 cm","84900000 cm","4052530 Kg","963868281709 Kg","9.8157 cm","2365790 cm","3.12089 Kg","2256600 Kg","124.779 MJ","8488710 MJ","58686.3 m/s","0.0000342117 m²/Kg","0.000000000000274179 m²/J","60063.2 m/s","2.26767 m²/Kg","0.00000000354959 m²/J","29.364 °","0.322208","4.69224","1881.41 m/s","2.71235 m²/Kg","0.00000000423206 m²/J","103270 m","82716 m","67.8079 °","62.1472 °","15.1845 °","41.6699 Km","0.7178 s","40.3411 °","14.9049 °","40.067 °","14.6852 °","0.796051 AU","58.6856 km/s","1"
"11431","2019-08-12 23:14:02","8","Confirmed","Detected","Detected","0.981061","113.755 °","139.689 °","152.957 °","0.0480007 °","2019-08-11 12:18:07","50.6074 AU","-0.369924","0.00144021 AU","0.0295322","0.337004 °","0.000170264 °","0.402213 °","0.11401 °","5253.33 s","87.5619 AU","0.0472993 cm","0.0330036 cm","0.000000349204 Kg","0.000000730980946663 Kg","0.00000256611 cm","0.0000255763 cm","5.57622e-20 Kg","1.66734e-18 Kg","64.1382 MJ","69.7074 MJ","60873.9 m/s","0.774564 m²/Kg","0.0000000120765 m²/J","60988.6 m/s","1.05043 m²/Kg","0.00000000632918 m²/J","35.9353 °","6095.19","9.82186","457.931 m/s","0.54046 m²/Kg","0.0000000067671 m²/J","108804 m","81079.5 m","45.6356 °","57.6572 °","6.17294 °","47.2571 Km","0.8 s","45.1439 °","4.79735 °","44.8887 °","4.4821 °","0.958472 AU","1.14825 km/s","1"
"11428","2019-08-12 22:41:34","19","Confirmed","Detected","Detected","0.968131","113.117 °","139.667 °","152.314 °","0.107951 °","2019-08-11 11:33:03","30.0066 AU","-0.308163","0.000567063 AU","0.00957447","0.125185 °","0.0000635659 °","0.149569 °","0.0494535 °","1619.1 s","11.0918 AU","0.158236 cm","0.108341 cm","0.0000130746 Kg","0.0000268557611761 Kg","0.000000000729373 cm","0.0000000079921 cm","1.28045e-30 Kg","4.20916e-29 Kg","32.4537 MJ","19.6299 MJ","60534.5 m/s","0.23153 m²/Kg","0.00000000713418 m²/J","60493.8 m/s","0.173361 m²/Kg","0.00000000579951 m²/J","31.5073 °","2046","19.1952","152.911 m/s","0.158524 m²/Kg","0.00000000238316 m²/J","112568 m","85537.6 m","45.6632 °","58.0656 °","2.53285 °","51.5349 Km","1.0588 s","45.0003 °","3.22974 °","44.6915 °","2.89769 °","0.956273 AU","3.20512 km/s","1"
"11423","2019-08-12 21:44:49","8","Confirmed","Not Detected","Not detected","0.874606","112.013 °","139.629 °","149.94 °","0.947578 °","2019-08-11 09:49:26","7.5742 AU","0.248229","0.00367437 AU","0.043871","0.739028 °","0.000339418 °","0.988838 °","0.519095 °","11578.2 s","2.69178 AU","527.397 cm","45717300 cm","484092 Kg","125890198103 Kg","0.00000000000420192 cm","0.000010311 cm","2.44825e-37 Kg","1.80232e-30 Kg","18.3607 MJ","1436300 MJ","59213.1 m/s","0.0000694663 m²/Kg","0.00000000000378342 m²/J","59733.9 m/s","4.73119 m²/Kg","0.0000000489284 m²/J","30.0558 °","0.640539","32.4634","746.34 m/s","6.02167 m²/Kg","0.0000000578579 m²/J","115729 m","93235 m","45.9538 °","58.424 °","18.1815 °","44.8966 Km","0.7627 s","50.1146 °","2.34323 °","49.825 °","2.05619 °","0.949756 AU","59.213 km/s","1"
"11421","2019-08-12 21:25:27","6","Confirmed","Detected","Detected","0.970412","112.115 °","139.616 °","149.882 °","0.106356 °","2019-08-11 10:06:42","31.972 AU","-0.275348","0.00108312 AU","0.0318039","0.535074 °","0.000288619 °","0.298561 °","0.173296 °","4879.15 s","27.5836 AU","0.183725 cm","0.767405 cm","0.0000204654 Kg","0.000256446993934 Kg","6.57487e-17 cm","0.0000000000000106801 cm","0","0","17.3048 MJ","81.3393 MJ","60169.8 m/s","0.199408 m²/Kg","0.0000000115233 m²/J","60510.5 m/s","0.815216 m²/Kg","0.00000000662787 m²/J","24.4879 °","2221.73","35.5664","550.91 m/s","0.832911 m²/Kg","0.00000000849511 m²/J","108126 m","83224.9 m","46.9123 °","58.9544 °","6.80351 °","60.0883 Km","1.0196 s","45.7555 °","1.79835 °","45.3284 °","1.47208 °","0.945972 AU","1 km/s","1"
"11420","2019-08-12 21:16:01","6","Confirmed","Not Detected","Detected","0.96786","112.864 °","139.61 °","152.498 °","0.108485 °","2019-08-11 10:04:31","29.7772 AU","-0.292473","0.00034734 AU","0.00771444","0.135825 °","0.0000681617 °","0.0959 °","0.0396066 °","813.41 s","8.36797 AU","0.336182 cm","0.193912 cm","0.000125383 Kg","0.000216964098877 Kg","0.329775 cm","3.42966 cm","0.00011835 Kg","0.00369251 Kg","32242.8 MJ","17494500 MJ","60410.6 m/s","0.108978 m²/Kg","0.00000000000337991 m²/J","60417.1 m/s","0.106437 m²/Kg","0.00000000155468 m²/J","24.6441 °","1206.97","0.0192417","131.288 m/s","0.062859 m²/Kg","0.0000000018337 m²/J","111881 m","77121.2 m","45.3484 °","58.4582 °","2.46809 °","83.5349 Km","1.36787 s","48.2978 °","-2.65945 °","47.6962 °","-3.10972 °","0.957025 AU","58.8668 km/s","1"
"11402","2019-08-11 22:22:56","12","Confirmed","Not Detected","Detected","0.997772","113.694 °","138.696 °","154.567 °","0.0017969 °","2019-08-10 11:31:15","432.945 AU","-0.381231","0.00123386 AU","0.0160734","0.192645 °","0.0000980159 °","0.330806 °","0.0210962 °","323.445 s","39.458 AU","0.0864712 cm","0.0469187 cm","0.00000213367 Kg","0.0000034731501628 Kg","0.00000863649 cm","0.0000734394 cm","2.12582e-18 Kg","5.42299e-17 Kg","68.7422 MJ","67.2985 MJ","61031.5 m/s","0.423683 m²/Kg","0.00000000616336 m²/J","61104.3 m/s","0.54622 m²/Kg","0.00000000331251 m²/J","33.523 °","3542.92","9.21157","249.255 m/s","0.229888 m²/Kg","0.00000000346445 m²/J","113439 m","78545.8 m","43.3152 °","57.4612 °","5.50927 °","63.0942 Km","1.075 s","44.6129 °","12.4072 °","44.2553 °","11.9901 °","0.964463 AU","51.4551 km/s","1"
"11387","2019-08-10 22:35:59","7","Confirmed","Not Detected","Detected","0.978984","113.893 °","137.745 °","149.822 °","0.063732 °","2019-08-09 11:38:44","44.9997 AU","-0.358406","0.000981706 AU","0.0335811","0.411476 °","0.000213769 °","0.324952 °","0.155013 °","5310.95 s","59.6388 AU","0.0432723 cm","0.0282777 cm","0.00000026739 Kg","0.000000524204437663 Kg","0.0425476 cm","0.246374 cm","0.000000254179 Kg","0.00000441551 Kg","37247.9 MJ","12626400 MJ","60833.8 m/s","0.846646 m²/Kg","0.00000000002273 m²/J","60972.4 m/s","0.933667 m²/Kg","0.00000000655246 m²/J","32.8198 °","7214.01","0.0168903","533.984 m/s","0.553269 m²/Kg","0.00000000770572 m²/J","109183 m","82253.2 m","44.8895 °","57.1898 °","4.67971 °","49.605 Km","0.831269 s","44.9998 °","9.73348 °","44.7155 °","9.40203 °","0.945725 AU","57.5098 km/s","1"
"11385","2019-08-10 21:57:54","6","Confirmed","Not Detected","Detected","0.966366","111.221 °","137.72 °","151.351 °","0.121714 °","2019-08-09 10:26:24","28.3256 AU","-0.254566","0.000755045 AU","0.027317","0.37328 °","0.000192555 °","0.233989 °","0.149589 °","7318.98 s","40.2388 AU","0.0711119 cm","0.0818472 cm","0.0000011867 Kg","0.00000409754516473 Kg","0.0000000000188846 cm","0.000000000672628 cm","2.22248e-35 Kg","2.3748e-33 Kg","27.6488 MJ","46.2951 MJ","59883.9 m/s","0.515193 m²/Kg","0.0000000186334 m²/J","60014.9 m/s","0.832791 m²/Kg","0.00000000875369 m²/J","30.9617 °","4624.73","22.0492","446.702 m/s","0.592968 m²/Kg","0.0000000134546 m²/J","107870 m","84319.1 m","43.2287 °","58.6968 °","4.66984 °","45.7341 Km","0.786 s","44.5865 °","12.0686 °","44.3056 °","11.7828 °","0.952702 AU","1 km/s","1"
"11384","2019-08-10 21:44:22","7","Confirmed","Not Detected","Detected","0.962097","114.416 °","137.711 °","157.164 °","0.1125 °","2019-08-09 10:50:02","25.716 AU","-0.175176","0.00182949 AU","0.0234287","0.345349 °","0.000164403 °","0.564043 °","0.10617 °","3483.06 s","6.1503 AU","0.11031 cm","0.0852008 cm","0.00000442953 Kg","0.0000102638081616 Kg","0.0129221 cm","0.0668087 cm","0.00000000712057 Kg","0.000000110442 Kg","294.503 MJ","718.42 MJ","60949.3 m/s","0.332122 m²/Kg","0.00000000112774 m²/J","61048.7 m/s","0.405716 m²/Kg","0.00000000307767 m²/J","29.4912 °","3115.66","2.14435","370.633 m/s","0.256523 m²/Kg","0.00000000275415 m²/J","107095 m","79009.3 m","40.2112 °","56.4804 °","9.93159 °","56.9693 Km","0.9164 s","44.785 °","11.8454 °","44.4385 °","11.4667 °","0.974728 AU","57.9643 km/s","1"
"11379","2019-08-09 21:17:12","6","Confirmed","Detected","Detected","0.969197","115.671 °","136.733 °","148.956 °","0.117223 °","2019-08-08 10:35:52","30.5941 AU","-0.347566","0.000655153 AU","0.00808092","0.151565 °","0.0000783102 °","0.157344 °","0.0466233 °","485.231 s","28.3153 AU","0.292252 cm","0.158365 cm","0.0000823733 Kg","0.000133908824845 Kg","0.230343 cm","3.02284 cm","0.0000403312 Kg","0.00158782 Kg","2677.03 MJ","148597 MJ","61225.5 m/s","0.125359 m²/Kg","0.0000000000468275 m²/J","61231.1 m/s","0.119565 m²/Kg","0.00000000225487 m²/J","22.0386 °","1542.86","0.238046","138.33 m/s","0.0679292 m²/Kg","0.00000000259469 m²/J","105697 m","79618.2 m","44.0814 °","56.1228 °","3.29278 °","69.263 Km","1.1336 s","47.2709 °","-0.356289 °","46.7705 °","-0.752068 °","0.942388 AU","59.9235 km/s","1"
"11376","2019-08-09 02:35:33","6","Confirmed","Not Detected","Detected","0.795287","22.7082 °","136 °","269.348 °","349.738 °","2019-08-05 18:16:31","2.78361 AU","2.68713","0.000621116 AU","0.00270025","0.0402115 °","0.0000745924 °","0.100727 °","0.22032 °","2217.42 s","0.0356968 AU","0.901222 cm","0.14114 cm","0.00241551 Kg","0.0011348760522 Kg","0.0805325 cm","0.106958 cm","0.00000172357 Kg","0.0000068674 Kg","55.0405 MJ","33.8558 MJ","27963 m/s","0.0406519 m²/Kg","0.000000000738582 m²/J","27983.6 m/s","0.0429068 m²/Kg","0.000000000592258 m²/J","40.9914 °","286.211","2.41509","90.4282 m/s","0.00636648 m²/Kg","0.000000000347237 m²/J","84785.5 m","55641.8 m","316.903 °","12.2568 °","2.86564 °","44.3936 Km","1.6679 s","45.718 °","3.09978 °","45.8635 °","3.47151 °","0.569841 AU","22.2894 km/s","1"
"11372","2019-08-09 00:30:56","6","Confirmed","Not Detected","Not detected","0.544813","36.8495 °","135.914 °","187.839 °","356.885 °","2019-08-05 02:06:48","2.22027 AU","3.21984","0.000135864 AU","0.0101736","0.203424 °","0.000224344 °","0.202785 °","0.164811 °","2173.22 s","0.0495996 AU","3.64883 cm","1.17326 cm","0.160315 Kg","0.154645943981 Kg","0.180734 cm","0.326832 cm","0.0000194821 Kg","0.000105692 Kg","34.2605 MJ","24.7727 MJ","24609.6 m/s","0.0100406 m²/Kg","0.000000000293066 m²/J","24748.5 m/s","0.0121692 m²/Kg","0.000000000210465 m²/J","61.9047 °","52.5631","3.00513","255.461 m/s","0.0032285 m²/Kg","0.000000000121014 m²/J","70177.4 m","40194.7 m","281.104 °","64.0068 °","4.28471 °","33.9876 Km","1.5 s","49.5009 °","1.72616 °","49.3943 °","1.87164 °","1.01064 AU","14.9936 km/s","1"
"11368","2019-08-08 21:36:51","7","Confirmed","Not Detected","Not detected","0.722937","1.36923 °","315.623 °","76.1045 °","347.723 °","2019-08-04 08:34:35","2.4974 AU","3.04047","0.00113824 AU","0.00164122","0.118401 °","0.0154133 °","0.149864 °","0.1201 °","1834.44 s","0.0142124 AU","1.45976 cm","0.1974 cm","0.0102651 Kg","0.00416435063052 Kg","0.166336 cm","0.137672 cm","0.0000151871 Kg","0.0000377097 Kg","38.5272 MJ","17.2087 MJ","22186.6 m/s","0.0250975 m²/Kg","0.000000000651422 m²/J","22207.3 m/s","0.0264819 m²/Kg","0.000000000556874 m²/J","26.5393 °","259.405","2.17202","73.5351 m/s","0.00339387 m²/Kg","0.000000000206023 m²/J","82906.6 m","51928.2 m","309.858 °","-15.6292 °","5.55575 °","69.2706 Km","3.355 s","43.8926 °","5.47026 °","44.391 °","5.14127 °","0.691939 AU","15.1047 km/s","1"
"11362","2019-08-08 20:24:34","10","Confirmed","Detected","Detected","0.991173","114.187 °","135.74 °","153.177 °","0.0150944 °","2019-08-07 09:34:16","108.727 AU","-0.426692","0.000537426 AU","0.0129906","0.295569 °","0.000181256 °","0.102667 °","0.0336639 °","329.133 s","69.4284 AU","0.0788637 cm","0.0578583 cm","0.00000161862 Kg","0.00000356249576372 Kg","0.000000000000521559 cm","0.0000000000156469 cm","4.68193e-40 Kg","4.21378e-38 Kg","24.6012 MJ","29.3967 MJ","61034.3 m/s","0.464553 m²/Kg","0.0000000188833 m²/J","61089.7 m/s","0.65585 m²/Kg","0.00000000940927 m²/J","16.6228 °","7499.59","25.7419","250.853 m/s","0.340819 m²/Kg","0.0000000124525 m²/J","107686 m","87757.1 m","40.048 °","56.7603 °","2.54702 °","69.6333 Km","1.1615 s","43.6721 °","0.694789 °","43.128 °","0.376958 °","0.959714 AU","1.00498 km/s","1"
"11355","2019-08-08 01:25:35","7","Confirmed","Detected","Detected","0.969606","112.864 °","134.984 °","145.181 °","0.131324 °","2019-08-06 14:11:05","30.4261 AU","-0.288086","0.00152855 AU","0.0358738","0.35075 °","0.000161312 °","0.559415 °","0.236205 °","11952.5 s","33.7667 AU","0.0523109 cm","0.0375811 cm","0.000000472379 Kg","0.00000101809691819 Kg","0.0516426 cm","0.205295 cm","0.000000454505 Kg","0.00000542038 Kg","48072.8 MJ","14364500 MJ","60298.9 m/s","0.700358 m²/Kg","0.0000000000145687 m²/J","60378.7 m/s","0.770979 m²/Kg","0.00000000357022 m²/J","51.0893 °","4156.65","0.0128579","552.315 m/s","0.50315 m²/Kg","0.00000000435426 m²/J","104265 m","77662.2 m","44.3561 °","56.908 °","4.98269 °","34.2049 Km","0.579 s","46.5934 °","3.97342 °","46.4726 °","3.75967 °","0.924776 AU","55.2865 km/s","1"
"11352","2019-08-07 23:07:45","6","Confirmed","Not Detected","Not detected","1.01493","113.251 °","134.891 °","150.494 °","0.0368409 °","2019-08-06 12:16:14","-63.5072 AU","-0.556863","0.00228879 AU","0.0405527","0.471087 °","0.000229552 °","0.615393 °","0.147841 °","7609.41 s","198.718 AU","0.0181074 cm","0.00869434 cm","0.0000000195922 Kg","0.0000000282217442935 Kg","0.000230534 cm","0.000768835 cm","0.0000000000000404315 Kg","0.000000000000404519 Kg","144.75 MJ","125.177 MJ","60955.2 m/s","2.02328 m²/Kg","0.0000000139778 m²/J","61076.2 m/s","2.41112 m²/Kg","0.00000000880563 m²/J","38.1316 °","15132.6","4.36368","634.486 m/s","0.971486 m²/Kg","0.00000000743709 m²/J","106856 m","82706.3 m","41.0108 °","56.9375 °","9.32433 °","39.1031 Km","0.6624 s","50.7061 °","3.28954 °","50.5087 °","2.99439 °","0.94792 AU","48.0866 km/s","1"
"11337","2019-08-05 02:18:02","6","Confirmed","Detected","Detected","0.964817","112.359 °","132.146 °","148.981 °","0.142933 °","2019-08-03 14:56:52","26.8131 AU","-0.259442","0.00375653 AU","0.0358291","0.326041 °","0.00013784 °","0.923664 °","0.223213 °","4229.76 s","35.432 AU","0.116157 cm","0.0737065 cm","0.00000517193 Kg","0.00000984539956775 Kg","0.114625 cm","0.442849 cm","0.00000496994 Kg","0.0000576035 Kg","46269.1 MJ","13179200 MJ","60118.7 m/s","0.315403 m²/Kg","0.00000000000681671 m²/J","60199.8 m/s","0.334388 m²/Kg","0.00000000163453 m²/J","60.5567 °","1672.63","0.0132794","534.281 m/s","0.200136 m²/Kg","0.00000000194185 m²/J","109764 m","71756.6 m","38.3999 °","56.1637 °","14.6145 °","43.6395 Km","0.757 s","44.9858 °","7.14793 °","44.8675 °","6.93822 °","0.943358 AU","55.2251 km/s","1"
"11303","2019-08-01 01:42:46","8","Confirmed","Not Detected","Detected","0.982221","111.198 °","128.293 °","149.717 °","0.0496965 °","2019-07-30 14:11:59","53.2388 AU","-0.327887","0.000994918 AU","0.0290653","0.275885 °","0.000122985 °","0.379801 °","0.123988 °","890.733 s","70.4213 AU","0.0449057 cm","0.0317865 cm","0.000000298826 Kg","0.000000634571655632 Kg","0.0000145805 cm","0.000129186 cm","1.02289e-17 Kg","2.71889e-16 Kg","76.0067 MJ","91.0767 MJ","59928.1 m/s","0.815851 m²/Kg","0.0000000107339 m²/J","60152.4 m/s","1.26029 m²/Kg","0.00000000600222 m²/J","54.6944 °","4616.9","8.03264","438.712 m/s","0.577499 m²/Kg","0.00000000582693 m²/J","108255 m","78820.6 m","32.7898 °","55.6761 °","3.87793 °","36.0627 Km","0.6454 s","44.4506 °","4.4037 °","44.3361 °","4.20136 °","0.946512 AU","1.02887 km/s","1"
"11297","2019-07-31 20:38:35","7","Confirmed","Detected","Detected","0.718895","55.0742 °","128.094 °","149.088 °","3.24748 °","2019-07-29 05:29:26","3.39683 AU","2.17514","0.000316562 AU","0.00558627","0.148326 °","0.0000854751 °","0.0769745 °","0.10366 °","1648.41 s","0.0692599 AU","0.591644 cm","0.0743451 cm","0.000683433 Kg","0.000257637238304 Kg","0.243682 cm","0.11579 cm","0.0000477513 Kg","0.0000680696 Kg","232.332 MJ","153.867 MJ","34817.8 m/s","0.061923 m²/Kg","0.000000000266528 m²/J","34826 m/s","0.0625761 m²/Kg","0.000000000248846 m²/J","48.8323 °","379.885","0.887041","145.681 m/s","0.00778114 m²/Kg","0.000000000147398 m²/J","90825.4 m","51584.9 m","294.461 °","85.8803 °","3.72101 °","52.8765 Km","1.7034 s","45.3767 °","7.09335 °","45.0715 °","7.07186 °","0.954866 AU","21.4446 km/s","1"
"11287","2019-07-30 22:07:35","6","Confirmed","Not Detected","Not detected","0.992285","34.0829 °","307.187 °","152.409 °","358.551 °","2019-07-28 23:18:38","7.96766 AU","0.911055","0.00401987 AU","0.00543766","10.9875 °","0.00103063 °","0.561166 °","1.41925 °","39179.5 s","5.06458 AU","0.0435349 cm","0.0288796 cm","0.000000272287 Kg","0.0000005418789896793896 Kg","0.0428718 cm","0.074196 cm","0.000000260034 Kg","0.00000135008 Kg","23587 MJ","2266520 MJ","46147.9 m/s","0.841539 m²/Kg","0.0000000000356781 m²/J","46626.5 m/s","0.966164 m²/Kg","0.0000000028515 m²/J","18.9965 °","11939.4","0.015349","2059.93 m/s","0.558248 m²/Kg","0.00000000343302 m²/J","92998.5 m","74218.5 m","339.565 °","-15.3686 °","15.448 °","57.7728 Km","1.3091 s","40.0714 °","12.1417 °","40.3898 °","11.6632 °","0.0614685 AU","31.5929 km/s","1"
"11282","2019-07-30 01:19:14","26","Confirmed","Detected","Detected","0.997624","136.382 °","306.37 °","97.1792 °","359.984 °","2019-07-28 15:22:21","187.246 AU","-0.570587","0.00289093 AU","0.00386706","0.138723 °","0.0000654801 °","0.453078 °","15.479 °","1984.08 s","265.13 AU","0.322389 cm","0.0787073 cm","0.000110575 Kg","0.0000809862491427 Kg","0.274886 cm","0.905386 cm","0.0000685445 Kg","0.00067729 Kg","4173.05 MJ","89668.9 MJ","62553.3 m/s","0.11364 m²/Kg","0.0000000000272319 m²/J","62536.8 m/s","0.101032 m²/Kg","0.000000000504955 m²/J","19.3501 °","1583.91","0.159403","114.14 m/s","0.0277438 m²/Kg","0.000000000581428 m²/J","114346 m","77459.6 m","11.1193 °","-14.3106 °","3.15149 °","110.723 Km","2.3282 s","47.6017 °","7.12506 °","48.3237 °","6.26408 °","0.444966 AU","57.3572 km/s","1"
"11266","2019-07-27 00:38:33","7","Confirmed","Not Detected","Detected","0.975665","28.6702 °","303.463 °","152.631 °","352.757 °","2019-07-24 22:27:34","2.82269 AU","2.12652","0.00130443 AU","0.00144457","1.76807 °","0.00046215 °","0.250504 °","0.549241 °","6419.56 s","0.140594 AU","1244.04 cm","6878420 cm","6353530 Kg","105387988347 Kg","8.17691e-40 cm","4.14231e-34 cm","0","0","3.24661 MJ","17117.6 MJ","43068.8 m/s","0.0000294496 m²/Kg","0.00000000000907087 m²/J","43290.9 m/s","0.126681 m²/Kg","0.00000000328936 m²/J","26.9315 °","0.30028","97.1282","348.472 m/s","0.16283 m²/Kg","0.0000000038329 m²/J","95481.6 m","76106 m","337.137 °","-16.1346 °","17.8739 °","42.7065 Km","1.002 s","45.4277 °","8.85651 °","45.753 °","8.72622 °","0.0686911 AU","43.0685 km/s","1"
"11252","2019-07-23 23:18:30","8","Confirmed","Not Detected","Detected","0.87897","6.88052 °","120.591 °","293.763 °","350.927 °","2019-07-21 02:12:39","2.88269 AU","2.51052","0.00168507 AU","0.00200627","0.151315 °","0.000816557 °","0.131627 °","0.181377 °","1961.55 s","0.0346725 AU","0.191385 cm","0.116277 cm","0.0000231334 Kg","0.0000421645074527 Kg","0.00000000596211 cm","0.000000110806 cm","6.99381e-28 Kg","3.8994e-26 Kg","10.2111 MJ","11.3577 MJ","32221 m/s","0.191427 m²/Kg","0.000000018747 m²/J","32263.7 m/s","0.260163 m²/Kg","0.00000000934314 m²/J","32.2107 °","1658.52","17.2844","127.929 m/s","0.116303 m²/Kg","0.0000000114446 m²/J","97651.1 m","77600.3 m","312.547 °","-10.1402 °","4.19267 °","37.6061 Km","1.1985 s","44.8971 °","2.55864 °","45.1578 °","2.40557 °","0.348893 AU","1.04865 km/s","1"
"11108","2018-01-21 02:39:26","9","Confirmed","Not Detected","Not detected","0.956982","128.019 °","120.754 °","29.3995 °","359.791 °","2018-01-19 18:26:23","21.4365 AU","-0.482619","0.00122849 AU","0.00743268","0.0495447 °","0.0000922199 °","0.357102 °","0.0573165 °","1052.94 s","3.69409 AU","0.349606 cm","0.0975253 cm","0.000141011 Kg","0.000118007948054 Kg","0.00000321141 cm","0.0000272294 cm","1.09295e-19 Kg","2.78013e-18 Kg","63.4891 MJ","47.8044 MJ","65813.4 m/s","0.104793 m²/Kg","0.00000000165057 m²/J","65837.3 m/s","0.119251 m²/Kg","0.00000000100549 m²/J","10.5356 °","2646.78","11.5979","100.843 m/s","0.0292328 m²/Kg","0.000000000885324 m²/J","111939 m","78516.4 m","185.434 °","-34.1465 °","1.56481 °","184.307 Km","2.8274 s","42.6876 °","6.99822 °","44.2357 °","6.40419 °","0.922165 AU","60.9793 km/s","1"
"11086","2018-01-17 17:30:16","9","Confirmed","Not Detected","Detected","0.951413","49.4051 °","297.309 °","147.527 °","0.230528 °","2018-01-15 02:07:50","18.7058 AU","1.01798","0.000983344 AU","0.00711359","0.272281 °","0.000205479 °","0.192318 °","0.0517117 °","4233.9 s","3.76963 AU","1.62928 cm","6.85256 cm","0.0142726 Kg","0.180086246377 Kg","1.70162e-26 cm","4.6028e-24 cm","0","0","3.37758 MJ","15.5445 MJ","34475.8 m/s","0.0224862 m²/Kg","0.0000000066575 m²/J","34599.5 m/s","0.0796439 m²/Kg","0.00000000317709 m²/J","23.1537 °","264.105","59.8238","230.732 m/s","0.0945743 m²/Kg","0.00000000620076 m²/J","101979 m","72563.9 m","276.02 °","46.963 °","7.86566 °","74.8576 Km","2.1864 s","43.3164 °","-1.4684 °","42.8953 °","-0.863719 °","0.908852 AU","1.00002 km/s","1"
"11082","2016-10-05 03:25:28","11","Confirmed","Pending","Pending","0.699795","12.7128 °","12.1 °","91.5781 °","340.979 °","2016-10-01 03:01:19","1.92193 AU","3.55417","0.00036281 AU","0.000667579","0.0294202 °","0.0000293432 °","0.0814951 °","0.0933096 °","153.165 s","0.00544583 AU","5.23509 cm","0.0912558 cm","0.473464 Kg","0.0247596264005 Kg","1.75121 cm","0.0663041 cm","0.0177228 Kg","0.00201305 Kg","89.5852 MJ","4.55944 MJ","24022.4 m/s","0.00699823 m²/Kg","0.0000000000781182 m²/J","24023.5 m/s","0.00700714 m²/Kg","0.0000000000779149 m²/J","22.3352 °","85.0451","1.09508","21.1713 m/s","0.00012199 m²/Kg","0.00000000000268066 m²/J","83811.2 m","34857.8 m","23.5542 °","-6.5417 °","1.35791 °","131.326 Km","6.311 s","47.1921 °","4.73514 °","47.8636 °","5.99535 °","0.576972 AU","8.54342 km/s","1"
"11067","2016-10-11 19:52:43","7","Confirmed","Pending","Pending","0.689745","3.44595 °","198.727 °","236.281 °","350.068 °","2016-10-06 02:35:33","2.63225 AU","3.00479","0.000856965 AU","0.001915","0.0286442 °","0.0000935235 °","0.162432 °","0.117622 °","2187.77 s","0.0170987 AU","3.50903 cm","0.286402 cm","0.142586 Kg","0.0349129389973 Kg","1.57674 cm","0.286436 cm","0.0129359 Kg","0.00704992 Kg","76.0685 MJ","24.9614 MJ","18919.8 m/s","0.0104406 m²/Kg","0.000000000137252 m²/J","18928 m/s","0.010641 m²/Kg","0.00000000012852 m²/J","45.8601 °","67.1878","0.799979","51.9285 m/s","0.000852145 m²/Kg","0.0000000000342959 m²/J","81768.7 m","32025.2 m","353.832 °","10.9111 °","5.17867 °","69.3025 Km","4.2071 s","46.2496 °","4.12909 °","46.5442 °","3.67596 °","0.816669 AU","6.81677 km/s","1"
"10807","2016-09-25 03:02:02","6","Confirmed","Pending","Pending","0.556334","34.1735 °","182.256 °","191.36 °","356.078 °","2016-09-20 23:21:55","2.24452 AU","3.221","0.000739224 AU","0.0336591","0.237424 °","0.000637225 °","0.807443 °","0.697804 °","9691.05 s","0.103036 AU","11.6994 cm","18.928 cm","5.28457 Kg","25.6490488857 Kg","0.103381 cm","1.03174 cm","0.00000364618 Kg","0.000109166 Kg","19.9816 MJ","49.7605 MJ","23576 m/s","0.00313146 m²/Kg","0.000000000156717 m²/J","23752.9 m/s","0.00506523 m²/Kg","0.0000000000955484 m²/J","32.7883 °","26.7049","4.72887","532.068 m/s","0.00506626 m²/Kg","0.0000000001406 m²/J","81934.7 m","35359.8 m","287.707 °","67.4221 °","8.71256 °","85.9689 Km","3.87897 s","49.8021 °","7.7865 °","49.1987 °","8.13127 °","0.995817 AU","1.00004 km/s","1"
"10800","2016-09-06 23:14:05","7","Confirmed","Pending","Pending","0.547645","20.5786 °","164.562 °","153.235 °","4.88493 °","2016-09-01 03:28:52","2.14339 AU","3.43291","0.000299434 AU","0.0022944","0.00746928 °","0.0000943554 °","0.0753353 °","0.0278173 °","456.28 s","0.0103158 AU","2.14794 cm","0.110835 cm","0.0327023 Kg","0.00506236696667 Kg","0.289292 cm","0.060722 cm","0.0000798957 Kg","0.00005031 Kg","28.7314 MJ","3.84808 MJ","18407.4 m/s","0.0170565 m²/Kg","0.000000000593655 m²/J","18412.6 m/s","0.0171982 m²/Kg","0.000000000584587 m²/J","27.0261 °","173.352","2.00483","42.9984 m/s","0.000880127 m²/Kg","0.0000000000495483 m²/J","80229.9 m","46682.7 m","232.37 °","52.2376 °","1.82922 °","73.8054 Km","4.378 s","47.8553 °","5.41387 °","47.4123 °","5.98024 °","0.969572 AU","11.2949 km/s","1"
"10790","2016-09-10 00:51:35","7","Confirmed","Pending","Pending","1.03382","139.711 °","167.526 °","242.962 °","-0.359008 °","2016-09-08 16:59:38","-21.5171 AU","-1.05645","0.00519024 AU","0.0214681","0.27308 °","0.0000976636 °","1.00032 °","9.84866 °","3666.03 s","14.776 AU","0.0251497 cm","0.011374 cm","0.0000000524945 Kg","0.0000000712221547367 Kg","0.0241268 cm","0.0802217 cm","0.0000000463462 Kg","0.000000462304 Kg","18126.2 MJ","1485640 MJ","66538.4 m/s","1.45673 m²/Kg","0.0000000000803659 m²/J","66546.7 m/s","1.33857 m²/Kg","0.00000000563401 m²/J","57.1635 °","8006.78","0.0415228","397.58 m/s","0.658809 m²/Kg","0.00000000657831 m²/J","108663 m","83441.4 m","47.853 °","39.4568 °","5.02132 °","30.0145 Km","0.845 s","45.94 °","1.39124 °","45.9276 °","1.18533 °","0.72776 AU","60.3431 km/s","1"
"10777","2016-09-03 20:56:13","11","Confirmed","Pending","Pending","0.813284","4.39274 °","161.579 °","280.149 °","348.362 °","2016-08-31 11:02:48","2.55051 AU","2.85232","0.00104905 AU","0.00116569","0.0586018 °","0.000396155 °","0.0851312 °","0.0814637 °","648.406 s","0.0112393 AU","2.97928 cm","0.303936 cm","0.0872663 Kg","0.0267078124051 Kg","0.578907 cm","0.324686 cm","0.000640236 Kg","0.00107725 Kg","81.0454 MJ","32.6649 MJ","27947 m/s","0.0122971 m²/Kg","0.000000000151731 m²/J","27960.1 m/s","0.0127314 m²/Kg","0.000000000132471 m²/J","33.1405 °","103.88","1.63829","67.9837 m/s","0.0012545 m²/Kg","0.0000000000468614 m²/J","88750.8 m","42239.1 m","344.768 °","1.2309 °","1.18033 °","84.7186 Km","4.22 s","44.5423 °","6.45315 °","44.9283 °","5.75331 °","0.476221 AU","14.258 km/s","1"
"10771","2016-09-23 22:34:17","7","Confirmed","Pending","Pending","0.740556","48.148 °","181.091 °","151.885 °","2.5103 °","2016-09-21 01:09:23","3.67255 AU","2.16387","0.00115935 AU","0.00677305","0.100929 °","0.0000870781 °","0.35323 °","0.124146 °","131.795 s","0.0940728 AU","0.630118 cm","0.604978 cm","0.000825618 Kg","0.0023780350151 Kg","0.00000000343915 cm","0.000000110238 cm","1.34235e-28 Kg","1.29083e-26 Kg","9.10108 MJ","15.7994 MJ","31915.2 m/s","0.0581421 m²/Kg","0.00000000638848 m²/J","31952.2 m/s","0.0883621 m²/Kg","0.00000000318021 m²/J","37.5912 °","440.166","19.0262","125.508 m/s","0.0558224 m²/Kg","0.00000000588596 m²/J","98681.8 m","68916.1 m","224.226 °","69.1723 °","8.75512 °","48.7748 Km","1.5728 s","50.4528 °","0.819189 °","50.138 °","1.03106 °","0.952823 AU","1 km/s","1"
"10763","2017-04-07 02:43:27","9","Confirmed","Not Detected","Not detected","0.916183","82.2864 °","17.2461 °","180.067 °","359.955 °","2017-04-05 06:52:07","11.9424 AU","0.602557","0.00000672459 AU","0.0149935","0.233871 °","0.0000834469 °","0.20804 °","3.86133 °","6836.14 s","2.68645 AU","0.45636 cm","0.598831 cm","0.000313643 Kg","0.00123467823051 Kg","0.00000000565756 cm","0.00000016247 cm","5.97587e-28 Kg","5.14833e-26 Kg","22.3412 MJ","36.9123 MJ","48914.1 m/s","0.0802796 m²/Kg","0.00000000359334 m²/J","48986.5 m/s","0.129379 m²/Kg","0.00000000171504 m²/J","58.56 °","434.544","18.2058","243.298 m/s","0.105342 m²/Kg","0.00000000215166 m²/J","106296 m","68802 m","280.016 °","36.5664 °","6.9831 °","43.9513 Km","0.9021 s","49.4277 °","3.92458 °","49.459 °","3.61634 °","1.00098 AU","22.7348 km/s","1"
"10756","2017-04-22 00:42:08","9","Confirmed","Detected","Detected","0.968374","78.2859 °","31.8519 °","213.453 °","359.846 °","2017-04-20 03:42:13","29.1932 AU","0.418558","0.00126864 AU","0.0089053","0.180424 °","0.0000648215 °","0.296251 °","7.90183 °","1659.27 s","7.68894 AU","0.16396 cm","0.073574 cm","0.0000145455 Kg","0.0000195810995578 Kg","0.156831 cm","0.905496 cm","0.0000127294 Kg","0.000220488 Kg","8742.56 MJ","1158400 MJ","47814.5 m/s","0.223447 m²/Kg","0.0000000000255585 m²/J","47805.5 m/s","0.200083 m²/Kg","0.00000000290844 m²/J","53.7965 °","1278.83","0.0444559","176.351 m/s","0.100267 m²/Kg","0.00000000338316 m²/J","103197 m","72606.3 m","271.199 °","34.2993 °","6.46987 °","37.9045 Km","0.807 s","43.5545 °","5.05047 °","43.5511 °","4.77729 °","0.923262 AU","45.3861 km/s","1"
"10754","2017-04-10 23:40:36","12","Confirmed","Detected","Detected","1.01826","79.287 °","21.049 °","251.067 °","-0.17512 °","2017-04-09 04:28:16","-36.1633 AU","0.0450217","0.00217531 AU","0.00626654","0.231402 °","0.0000685144 °","0.33503 °","16.5933 °","688.741 s","26.8851 AU","0.0777227 cm","0.0396939 cm","0.00000154938 Kg","0.00000237386299158 Kg","0.0000027938 cm","0.000025458 cm","7.19618e-20 Kg","1.96721e-18 Kg","41.0086 MJ","37.8043 MJ","49685 m/s","0.471373 m²/Kg","0.0000000114945 m²/J","49685 m/s","0.485608 m²/Kg","0.00000000530022 m²/J","42.1307 °","3245.1","10.2335","163.087 m/s","0.240736 m²/Kg","0.00000000852409 m²/J","116321 m","77649.4 m","249.66 °","23.1227 °","6.922 °","57.6427 Km","1.176 s","48.2505 °","3.71716 °","48.3338 °","3.16364 °","0.660518 AU","1.00168 km/s","1"
"10748","2017-04-09 22:55:52","7","Confirmed","Not Detected","Not detected","0.772529","8.35248 °","200.02 °","77.7207 °","350.597 °","2017-04-05 23:58:47","2.89344 AU","2.73513","0.00300138 AU","0.0038943","0.13036 °","0.000209632 °","0.496509 °","0.32611 °","435.705 s","0.0562681 AU","0.0478762 cm","0.0128324 cm","0.000000362138 Kg","0.00000029119403501 Kg","0.00269326 cm","0.0106856 cm","0.0000000000644689 Kg","0.000000000767347 Kg","35.6571 MJ","51.3541 MJ","24568.8 m/s","0.765231 m²/Kg","0.0000000214608 m²/J","24555.9 m/s","0.707913 m²/Kg","0.0000000367859 m²/J","33.0316 °","6483.18","2.87787","106.434 m/s","0.205107 m²/Kg","0.0000000275171 m²/J","99074.8 m","82488.5 m","189.163 °","-13.5022 °","12.2796 °","30.4066 Km","1.2628 s","43.185 °","4.47117 °","43.4109 °","4.45507 °","0.658174 AU","23.15 km/s","1"
"10741","2017-04-22 22:30:58","7","Confirmed","Not Detected","Not detected","0.660063","31.1254 °","32.7451 °","165.296 °","1.42983 °","2017-04-18 15:14:16","2.91929 AU","2.74469","0.0003176 AU","0.00288707","0.0962426 °","0.000134141 °","0.16935 °","0.0268651 °","3851.94 s","0.0244301 AU","0.801717 cm","0.123108 cm","0.0017005 Kg","0.000783365342691 Kg","0.131754 cm","0.103276 cm","0.00000754759 Kg","0.0000177486 Kg","50.1798 MJ","26.2389 MJ","23087.5 m/s","0.0456974 m²/Kg","0.000000000910673 m²/J","23117.1 m/s","0.0484858 m²/Kg","0.000000000756278 m²/J","44.7133 °","299.96","1.80582","107.835 m/s","0.00701711 m²/Kg","0.000000000342492 m²/J","86284.5 m","51181.7 m","273.516 °","77.8937 °","4.0353 °","49.8823 Km","2.323 s","43.739 °","5.65711 °","43.4369 °","5.53148 °","0.992375 AU","15.0878 km/s","1"
"10734","2017-04-23 00:57:27","8","Confirmed","Detected","Not detected","0.963479","79.5702 °","32.8376 °","214.626 °","359.802 °","2017-04-21 04:28:00","25.1385 AU","0.43495","0.00162354 AU","0.0164626","0.325628 °","0.000121535 °","0.444685 °","12.4736 °","1560.72 s","9.93923 AU","0.370071 cm","0.995242 cm","0.000167251 Kg","0.00134937981247 Kg","6.24948e-16 cm","0.0000000000000660311 cm","0","0","11.6598 MJ","37.2729 MJ","48300.9 m/s","0.0989982 m²/Kg","0.00000000849056 m²/J","48524.4 m/s","0.299904 m²/Kg","0.00000000443565 m²/J","56.0211 °","551.338","34.0148","338.992 m/s","0.266239 m²/Kg","0.00000000564336 m²/J","104281 m","74792.6 m","272.167 °","33.371 °","6.91968 °","35.5636 Km","0.7574 s","46.0827 °","5.16471 °","46.1042 °","4.91308 °","0.918072 AU","1.00004 km/s","1"
"10733","2017-04-14 02:44:55","7","Confirmed","Not Detected","Detected","0.997015","75.7868 °","24.1166 °","268.517 °","359.982 °","2017-04-12 06:42:31","172.567 AU","0.248038","0.00207522 AU","0.00826113","0.333869 °","0.0000998252 °","0.423033 °","19.991 °","3192.57 s","436.945 AU","0.0545874 cm","0.0260078 cm","0.000000536775 Kg","0.000000767228823025 Kg","0.0475249 cm","0.177818 cm","0.000000354223 Kg","0.00000397606 Kg","2890.7 MJ","79838.2 MJ","48537.8 m/s","0.67115 m²/Kg","0.000000000232176 m²/J","48538 m/s","0.618778 m²/Kg","0.00000000555538 m²/J","61.3715 °","3531.21","0.13855","281.833 m/s","0.319765 m²/Kg","0.00000000638692 m²/J","110271 m","76450.3 m","246.903 °","17.4481 °","5.5437 °","38.5326 Km","0.7732 s","45.7913 °","7.13066 °","45.9536 °","7.16132 °","0.515159 AU","44.9939 km/s","1"
"10732","2017-04-14 00:48:24","8","Confirmed","Not Detected","Detected","0.97879","55.7186 °","24.0383 °","160.719 °","0.0353543 °","2017-04-11 13:44:51","45.9754 AU","0.79","0.000675932 AU","0.0119024","0.195675 °","0.000126578 °","0.220362 °","0.0290518 °","2401.1 s","38.1606 AU","0.096496 cm","0.0401982 cm","0.00000296511 Kg","0.00000370561400318 Kg","0.000000345188 cm","0.00000200533 cm","1.35731e-22 Kg","2.36555e-21 Kg","18.7141 MJ","9.4525 MJ","37155.6 m/s","0.379667 m²/Kg","0.0000000202878 m²/J","37264.8 m/s","0.512003 m²/Kg","0.0000000187752 m²/J","44.452 °","2503.71","12.5409","235.71 m/s","0.158161 m²/Kg","0.00000000214238 m²/J","102064 m","77589.1 m","295.411 °","58.0731 °","6.51123 °","34.9569 Km","0.9484 s","44.8765 °","6.86507 °","44.721 °","6.6436 °","0.975129 AU","1.00024 km/s","1"
"10722","2017-04-22 21:59:09","8","Confirmed","Not Detected","Not detected","0.958506","80.3265 °","32.7154 °","214.611 °","359.76 °","2017-04-21 01:43:12","22.1322 AU","0.421107","0.0021835 AU","0.00789461","0.344689 °","0.000176221 °","0.487049 °","0.071928 °","1316.79 s","6.27055 AU","0.606373 cm","0.752409 cm","0.000735757 Kg","0.00273885723784 Kg","0.00000000000964333 cm","0.000000000554413 cm","2.95934e-36 Kg","5.10415e-34 Kg","16.2058 MJ","38.2278 MJ","48685.7 m/s","0.0604188 m²/Kg","0.00000000372821 m²/J","48764.7 m/s","0.107354 m²/Kg","0.00000000187581 m²/J","22.918 °","716.529","24.8645","260.767 m/s","0.0749697 m²/Kg","0.00000000508299 m²/J","107167 m","74557.8 m","271.703 °","33.2196 °","8.92982 °","83.3589 Km","1.724 s","41.9257 °","3.72225 °","41.6407 °","2.89591 °","0.918349 AU","1 km/s","1"
"10709","2017-04-21 22:02:04","12","Confirmed","Detected","Detected","0.993724","79.6245 °","31.742 °","213.381 °","359.987 °","2017-04-20 01:46:27","146.982 AU","0.247604","0.000851986 AU","0.00509288","0.19406 °","0.000095819 °","0.205028 °","15.4205 °","737.929 s","113.687 AU","0.406073 cm","0.204191 cm","0.000220966 Kg","0.0003333339029 Kg","0.00000702299 cm","0.000080538 cm","1.14309e-18 Kg","3.9326e-17 Kg","36.7308 MJ","40.1063 MJ","48674 m/s","0.0902212 m²/Kg","0.00000000245628 m²/J","48716.1 m/s","0.116644 m²/Kg","0.00000000128586 m²/J","24.3473 °","1010.66","10.9651","149.17 m/s","0.0453671 m²/Kg","0.00000000159974 m²/J","104628 m","71229.1 m","270.818 °","34.0529 °","3.68484 °","80.9247 Km","1.68569 s","47.2887 °","0.931019 °","47.017 °","0.0589643 °","0.922502 AU","1.31976 km/s","1"
"10701","2017-04-23 23:08:13","8","Confirmed","Detected","Not detected","0.996384","104.603 °","33.7361 °","257.908 °","359.982 °","2017-04-22 09:58:51","168.374 AU","-0.195927","0.00443401 AU","0.0120371","0.583804 °","0.000217554 °","0.795022 °","21.6792 °","1604.19 s","201.802 AU","0.0438167 cm","0.0239359 cm","0.000000277608 Kg","0.000000454950363538 Kg","0.00132547 cm","0.00619738 cm","0.00000000000768462 Kg","0.000000000107791 Kg","160.632 MJ","228.221 MJ","57493.3 m/s","0.836129 m²/Kg","0.00000000520524 m²/J","57528.6 m/s","0.854653 m²/Kg","0.00000000851105 m²/J","26.2085 °","8743.35","3.49825","401.366 m/s","0.456756 m²/Kg","0.0000000062903 m²/J","104252 m","85163.9 m","268.364 °","11.2685 °","5.7328 °","43.1887 Km","0.749 s","45.899 °","5.79564 °","45.9663 °","5.31294 °","0.608902 AU","54.5342 km/s","1"
"10697","2016-03-01 00:52:59","10","Confirmed","Pending","Pending","0.998702","146.181 °","160.652 °","139.905 °","359.962 °","2016-02-28 13:20:18","90.155 AU","-0.294705","0.00349554 AU","0.00135789","0.35949 °","0.000102821 °","0.698323 °","39.7371 °","416.756 s","85.2089 AU","815511 cm","1814720000000 cm","1.7898e15 Kg","1.19482881649e22 Kg","0","","0","","0.411658 MJ","912475 MJ","59875.9 m/s","0.0000000449244 m²/Kg","0.00000000000010913 m²/J","59979.5 m/s","0.0767011 m²/Kg","0.00000000124893 m²/J","21.3133 °","0.000570807","1480.53","208.651 m/s","0.0999686 m²/Kg","0.00000000146347 m²/J","109503 m","75078.5 m","202.2 °","-17.1363 °","7.00445 °","94.6301 Km","1.57434 s","45.9472 °","1.24623 °","46.6259 °","0.686959 °","0.117022 AU","59.8759 km/s","1"
"10680","2017-03-29 00:17:45","9","Confirmed","Detected","Detected","0.474998","3.06308 °","188.227 °","58.7805 °","335.82 °","2017-03-21 19:25:40","1.60729 AU","4.21391","0.000365132 AU","0.000806874","0.0422652 °","0.000686594 °","0.0464606 °","0.0532172 °","1395.1 s","0.00190957 AU","5.89654 cm","0.503548 cm","0.676561 Kg","0.173328954692 Kg","0.349604 cm","0.129534 cm","0.000141008 Kg","0.000156738 Kg","15.802 MJ","2.59114 MJ","16205.6 m/s","0.00621319 m²/Kg","0.000000000393191 m²/J","16212.7 m/s","0.00635152 m²/Kg","0.000000000381895 m²/J","41.7428 °","43.0974","2.82532","42.3869 m/s","0.000530589 m²/Kg","0.0000000000332699 m²/J","78561.7 m","35327.4 m","172.848 °","2.89324 °","2.75656 °","64.8997 Km","4.1439 s","46.867 °","3.97377 °","47.2397 °","4.29216 °","0.843829 AU","6.64383 km/s","1"
"10650","2017-03-28 23:59:01","13","Confirmed","Detected","Detected","0.951543","22.2872 °","8.2625 °","325.814 °","349.341 °","2017-03-26 19:05:08","2.24682 AU","2.68951","0.000999203 AU","0.000646547","0.317145 °","0.000113452 °","0.162244 °","0.147129 °","2501.53 s","0.0176656 AU","0.544147 cm","0.0832509 cm","0.000531694 Kg","0.00024403710196 Kg","0.0376565 cm","0.056694 cm","0.000000176212 Kg","0.000000795889 Kg","107 MJ","66.1043 MJ","40999.7 m/s","0.0673281 m²/Kg","0.000000000629237 m²/J","41015.4 m/s","0.0711589 m²/Kg","0.000000000479897 m²/J","36.5439 °","522.195","2.67071","81.4579 m/s","0.0103008 m²/Kg","0.000000000302793 m²/J","101268 m","58799.7 m","214.697 °","-4.71676 °","5.86345 °","71.4819 Km","1.803 s","44.717 °","6.54911 °","45.1687 °","6.21256 °","0.108874 AU","32.1062 km/s","1"
"10646","2017-03-26 23:26:38","11","Confirmed","Detected","Detected","0.776696","10.1422 °","186.243 °","97.9915 °","345.751 °","2017-03-23 13:22:59","2.24395 AU","3.13272","0.00130802 AU","0.000962519","0.0692864 °","0.0000528787 °","0.18129 °","0.120035 °","155.064 s","0.011494 AU","1.48859 cm","0.105198 cm","0.0108853 Kg","0.00230778044116 Kg","0.0912192 cm","0.0296478 cm","0.0000025048 Kg","0.00000244231 Kg","46.7955 MJ","6.73043 MJ","27724.3 m/s","0.0246114 m²/Kg","0.000000000525935 m²/J","27733.9 m/s","0.0250532 m²/Kg","0.000000000514014 m²/J","31.9642 °","214.701","2.79232","55.2809 m/s","0.00173928 m²/Kg","0.0000000000407767 m²/J","79884.8 m","49941 m","186.174 °","-11.9912 °","3.87784 °","56.7441 Km","2.1916 s","45.5018 °","3.10442 °","45.9267 °","3.01763 °","0.501084 AU","18.0959 km/s","1"
"10645","2017-03-14 03:14:25","7","Confirmed","Not Detected","Detected","0.849578","5.81796 °","353.52 °","291.067 °","348.622 °","2017-03-11 04:36:24","2.48109 AU","2.82182","0.00143127 AU","0.0016143","0.161696 °","0.000610014 °","0.203694 °","0.203923 °","1468.04 s","0.0275843 AU","0.869894 cm","0.0791283 cm","0.00217227 Kg","0.00059278848986 Kg","0.377971 cm","0.127983 cm","0.000178192 Kg","0.000181011 Kg","199.473 MJ","102.148 MJ","31274.1 m/s","0.0421159 m²/Kg","0.000000000211135 m²/J","31283 m/s","0.0431073 m²/Kg","0.000000000181917 m²/J","35.1489 °","337.847","0.833554","80.8828 m/s","0.00383099 m²/Kg","0.0000000000899476 m²/J","93422.5 m","47083.3 m","186.829 °","4.75192 °","7.62758 °","80.4752 Km","2.811 s","47.0138 °","6.49187 °","47.3733 °","7.16957 °","0.37321 AU","17.5573 km/s","1"
"10643","2017-03-14 19:48:19","7","Confirmed","Not Detected","Not detected","0.717337","7.96802 °","174.18 °","64.9584 °","349.884 °","2017-03-10 03:29:07","2.67061 AU","2.9387","0.00272708 AU","0.00233654","0.132863 °","0.000107131 °","0.440993 °","0.187236 °","666.983 s","0.0266887 AU","1.64104 cm","0.33421 cm","0.0145839 Kg","0.00891033717904 Kg","1.5659 cm","1.88782 cm","0.0126709 Kg","0.0458274 Kg","1723.17 MJ","50109.4 MJ","21796.5 m/s","0.0223251 m²/Kg","0.0000000000129558 m²/J","21757.1 m/s","0.0193785 m²/Kg","0.000000000327181 m²/J","31.5105 °","197.265","0.0468699","123.981 m/s","0.00454666 m²/Kg","0.000000000374637 m²/J","88151.4 m","46542.3 m","155.691 °","-2.43518 °","10.2251 °","79.6225 Km","3.875 s","43.8555 °","6.90672 °","44.2575 °","6.28051 °","0.754882 AU","16.6285 km/s","1"
"10629","2017-09-14 22:18:00","7","Confirmed","Not Detected","Not detected","0.961107","37.0204 °","172.043 °","250.438 °","359.449 °","2017-09-12 02:57:47","17.4284 AU","1.10549","0.000673468 AU","0.00446806","0.106971 °","0.0000714801 °","0.0650114 °","0.0958634 °","2295.22 s","2.45289 AU","0.224558 cm","0.0513298 cm","0.0000373679 Kg","0.0000256248411418 Kg","0.013691 cm","0.022258 cm","0.00000000846879 Kg","0.000000041304 Kg","65.5991 MJ","43.4532 MJ","32855 m/s","0.163149 m²/Kg","0.00000000248706 m²/J","32891.1 m/s","0.180769 m²/Kg","0.00000000181397 m²/J","81.7756 °","761.284","2.79739","144.631 m/s","0.0372929 m²/Kg","0.00000000113113 m²/J","99354.1 m","60111 m","339.362 °","37.0067 °","2.16311 °","39.6501 Km","1.267 s","43.7668 °","4.70558 °","43.8067 °","4.6631 °","0.677848 AU","21.9386 km/s","1"
"10625","2017-09-07 01:34:47","6","Confirmed","Not Detected","Not detected","0.806787","158.961 °","164.392 °","190.746 °","359.211 °","2017-09-05 19:02:51","5.17483 AU","-0.095119","0.00185802 AU","0.0996336","0.426771 °","0.000401299 °","1.62896 °","0.764943 °","31984 s","2.6744 AU","177.047 cm","2798280 cm","18313.8 Kg","868366231.828 Kg","0.000680949 cm","104.48 cm","0.00000000000104197 Kg","0.000000479619 Kg","65.4948 MJ","887235 MJ","69308.3 m/s","0.00020693 m²/Kg","0.00000000000315949 m²/J","70381.3 m/s","2.79622 m²/Kg","0.00000000976604 m²/J","48.651 °","1.27301","12.4684","1319.86 m/s","3.27061 m²/Kg","0.0000000115175 m²/J","114889 m","84207.6 m","68.3761 °","34.1736 °","4.41761 °","40.8626 Km","0.5981 s","43.1684 °","6.17084 °","43.1443 °","5.84576 °","0.999845 AU","69.3077 km/s","1"
"10621","2017-09-19 22:23:27","7","Confirmed","Not Detected","Not detected","1.01147","134.96 °","176.922 °","288.372 °","-0.236692 °","2017-09-18 11:59:38","-29.6416 AU","-0.684511","0.0132143 AU","0.0182032","1.00142 °","0.000285786 °","2.19127 °","48.9581 °","12935.6 s","23.8179 AU","0.122843 cm","0.136078 cm","0.00000611734 Kg","0.0000203292415659 Kg","0.00000211469 cm","0.000024274 cm","3.12073e-20 Kg","1.07466e-18 Kg","59.3005 MJ","64.5665 MJ","61859 m/s","0.298238 m²/Kg","0.00000000502926 m²/J","61952.4 m/s","0.403379 m²/Kg","0.00000000242344 m²/J","41.4007 °","2082.68","10.9698","814.588 m/s","0.330369 m²/Kg","0.00000000586024 m²/J","105912 m","75171.7 m","43.0544 °","34.0147 °","16.777 °","46.4451 Km","0.7689 s","42.1129 °","6.39664 °","42.048 °","5.99101 °","0.340126 AU","1.03853 km/s","1"
"10610","2017-09-22 23:09:06","10","Confirmed","Detected","Detected","0.888628","3.26317 °","359.866 °","124.166 °","348.601 °","2017-09-20 05:19:28","2.39156 AU","2.79881","0.0010308 AU","0.00129156","0.100016 °","0.000703197 °","0.0994574 °","0.164639 °","1109.4 s","0.0207468 AU","2.66756 cm","0.422308 cm","0.0626408 Kg","0.0297504192327 Kg","0.417596 cm","0.381771 cm","0.000240316 Kg","0.000659099 Kg","103.816 MJ","59.9084 MJ","33651.9 m/s","0.013734 m²/Kg","0.000000000132292 m²/J","33676.5 m/s","0.0146603 m²/Kg","0.000000000103631 m²/J","45.7569 °","88.5367","1.85441","98.7553 m/s","0.00217426 m²/Kg","0.0000000000567875 m²/J","84376.3 m","41329.8 m","15.4147 °","5.43187 °","2.34145 °","60.1244 Km","1.891 s","44.9741 °","3.77591 °","45.2863 °","3.48492 °","0.266351 AU","21.6863 km/s","1"
"10609","2017-09-10 19:28:54","14","Confirmed","Detected","Not detected","0.852483","0.310182 °","347.521 °","128.093 °","341.285 °","2017-09-07 21:50:16","1.76869 AU","3.55131","0.00102264 AU","0.000433199","0.13711 °","15.202 °","15.2441 °","0.0576283 °","779.944 s","0.00392233 AU","4.05623 cm","0.297048 cm","0.220232 Kg","0.0483845432341 Kg","0.185254 cm","0.0970072 cm","0.0000209806 Kg","0.0000329591 Kg","57.1543 MJ","11.0749 MJ","32212 m/s","0.00903213 m²/Kg","0.000000000158031 m²/J","32217.5 m/s","0.00921422 m²/Kg","0.000000000151195 m²/J","12.2742 °","196.21","3.08628","37.8997 m/s","0.000661447 m²/Kg","0.0000000000197957 m²/J","90949.3 m","50388.9 m","3.28398 °","4.03745 °","2.68063 °","189.49 Km","6.226 s","44.5306 °","5.70033 °","44.716 °","3.408 °","0.260911 AU","20.4138 km/s","1"
"10606","2017-09-21 22:58:28","14","Confirmed","Not Detected","Not detected","0.9198","128.225 °","178.902 °","222.914 °","359.189 °","2017-09-20 13:50:29","10.9117 AU","-0.240104","0.00315058 AU","0.018565","0.252674 °","0.0000999504 °","0.766449 °","0.299863 °","2432.4 s","2.53947 AU","0.276834 cm","0.206369 cm","0.000070012 Kg","0.000156573585589 Kg","0.00000591678 cm","0.0000882323 cm","6.8355e-19 Kg","3.05797e-17 Kg","65.0612 MJ","94.8668 MJ","64151.9 m/s","0.132341 m²/Kg","0.00000000203409 m²/J","64283 m/s","0.187485 m²/Kg","0.00000000105109 m²/J","39.055 °","970.018","10.7534","319.572 m/s","0.0986547 m²/Kg","0.00000000164213 m²/J","107111 m","70192.5 m","67.4173 °","50.8586 °","5.38878 °","58.551 Km","0.9349 s","44.5084 °","3.56539 °","44.2649 °","3.117 °","0.875111 AU","1.18489 km/s","1"
"10601","2017-09-21 00:51:48","7","Confirmed","Not Detected","Not detected","1.02779","174.915 °","358.014 °","18.0804 °","-0.0654852 °","2017-09-19 19:47:03","-35.2334 AU","-0.547167","0.00532727 AU","0.12464","0.225006 °","0.000961767 °","2.47538 °","0.426696 °","17794.7 s","15.5438 AU","0.0150654 cm","0.0239952 cm","0.0000000112837 Kg","0.0000000539161812183 Kg","0.000000309507 cm","0.00000633343 cm","9.78418e-23 Kg","6.00641e-21 Kg","83.5106 MJ","173.029 MJ","72814.2 m/s","2.43183 m²/Kg","0.00000002912 m²/J","73518 m/s","4.64483 m²/Kg","0.0000000139102 m²/J","32.7892 °","20738","10.7929","1545.63 m/s","3.87328 m²/Kg","0.0000000198693 m²/J","111302 m","88761 m","82.3544 °","20.4392 °","4.76846 °","41.5756 Km","0.5893 s","43.3891 °","6.10885 °","43.4008 °","5.6846 °","0.978993 AU","7.94967 km/s","1"
"10596","2017-09-08 01:07:44","7","Confirmed","Not Detected","Detected","0.715761","3.83818 °","345.321 °","102.203 °","337.809 °","2017-09-04 03:51:40","1.75408 AU","3.77535","0.00112774 AU","0.00352737","0.176712 °","0.00128699 °","0.201911 °","0.464775 °","2063.32 s","0.0194161 AU","8.11679 cm","2.42821 cm","1.76468 Kg","1.5837635536 Kg","1.107 cm","1.26806 cm","0.00447671 Kg","0.0153841 Kg","52.5597 MJ","37.8573 MJ","24818.6 m/s","0.00451365 m²/Kg","0.0000000000858767 m²/J","24852.4 m/s","0.0052398 m²/Kg","0.0000000000630632 m²/J","40.4598 °","32.1228","1.99228","166.075 m/s","0.0013503 m²/Kg","0.0000000000384802 m²/J","91391.4 m","31783.2 m","355.248 °","-4.99576 °","8.53921 °","92.1935 Km","4.0884 s","43.0311 °","4.46103 °","43.6288 °","4.72025 °","0.498576 AU","9.74269 km/s","1"
"10593","2017-09-08 03:16:09","6","Confirmed","Not Detected","Detected","0.687976","3.74976 °","165.465 °","259.738 °","344.112 °","2017-09-03 12:16:57","2.1467 AU","3.35427","0.00122004 AU","0.00277904","0.0433668 °","0.000197112 °","0.271691 °","0.29318 °","424.166 s","0.0221488 AU","1.24142 cm","0.0716837 cm","0.00631355 Kg","0.00109369266918 Kg","0.261857 cm","0.0523445 cm","0.0000592523 Kg","0.0000355332 Kg","50.4188 MJ","8.47886 MJ","21483.6 m/s","0.0295116 m²/Kg","0.000000000585328 m²/J","21492.4 m/s","0.0298538 m²/Kg","0.000000000568544 m²/J","23.5722 °","340.808","1.55622","58.9212 m/s","0.00170409 m²/Kg","0.0000000000664255 m²/J","78238.1 m","49572 m","343.378 °","2.06823 °","4.86658 °","71.7187 Km","3.8073 s","42.7073 °","6.11301 °","42.911 °","6.85912 °","0.66982 AU","11.2546 km/s","1"
"10587","2017-09-09 20:25:28","8","Confirmed","Not Detected","Not detected","0.999","139.121 °","167.095 °","243.647 °","359.998 °","2017-09-08 12:16:03","726.95 AU","-0.715107","0.00414523 AU","0.0125167","0.392849 °","0.000192677 °","0.716439 °","39.7357 °","2096.33 s","72.9463 AU","0.161392 cm","0.222773 cm","0.0000138727 Kg","0.0000574464970498 Kg","4.97029e-20 cm","3.21341e-18 cm","0","0","17.3966 MJ","26.9107 MJ","66044.4 m/s","0.227002 m²/Kg","0.0000000130487 m²/J","66084.9 m/s","0.326838 m²/Kg","0.00000000602796 m²/J","17.9145 °","3408.16","42.6243","279.227 m/s","0.313336 m²/Kg","0.0000000121044 m²/J","109030 m","86897.8 m","46.8714 °","39.9473 °","6.98321 °","72.2914 Km","1.1 s","49.0288 °","1.39773 °","48.6277 °","0.702729 °","0.727138 AU","1.00035 km/s","1"
"10584","2017-09-23 02:12:04","10","Confirmed","Detected","Detected","0.87149","12.3012 °","0.0116382 °","119.456 °","348.205 °","2017-09-20 06:31:13","2.38458 AU","2.83012","0.00063142 AU","0.00205489","0.144115 °","0.0000431602 °","0.116537 °","0.299101 °","2555.36 s","0.035321 AU","3.24309 cm","1.27611 cm","0.112562 Kg","0.132874216399 Kg","0.00287154 cm","0.0152223 cm","0.0000000000781372 Kg","0.00000000124264 Kg","25.6343 MJ","20.8874 MJ","32557.1 m/s","0.0112968 m²/Kg","0.00000000044069 m²/J","32634.6 m/s","0.0146887 m²/Kg","0.000000000293032 m²/J","38.4728 °","83.8563","7.02943","132.018 m/s","0.00444511 m²/Kg","0.000000000193706 m²/J","81553.4 m","49201.7 m","18.1487 °","-0.863912 °","2.44937 °","52.012 Km","1.664 s","46.8073 °","5.27558 °","47.125 °","5.53101 °","0.306442 AU","20.7211 km/s","1"
"10575","2016-04-01 22:15:46","7","Confirmed","Pending","Pending","0.458934","10.9235 °","12.4052 °","299.244 °","288.398 °","2016-03-27 07:49:00","0.982304 AU","6.05467","0.00531088 AU","0.00331638","0.0906279 °","0.000320446 °","0.648261 °","0.422972 °","1018.96 s","0.00423057 AU","6.09925 cm","1.47058 cm","0.748761 Kg","0.541599261376 Kg","0.775882 cm","0.966596 cm","0.00154135 Kg","0.00576065 Kg","30.6051 MJ","22.0049 MJ","19266.8 m/s","0.0060067 m²/Kg","0.000000000196264 m²/J","19298 m/s","0.00667186 m²/Kg","0.000000000139916 m²/J","38.4446 °","44.6157","2.06192","148.165 m/s","0.00144827 m²/Kg","0.000000000098588 m²/J","83423 m","36545.9 m","209.959 °","10.7339 °","7.428 °","75.3944 Km","4.107 s","42.9968 °","-0.504386 °","43.2177 °","-1.15674 °","0.531491 AU","12.775 km/s","1"
"10544","2017-10-22 22:48:38","11","Confirmed","Detected","Detected","0.985223","163.956 °","29.4848 °","83.0551 °","359.832 °","2017-10-21 15:34:24","37.9608 AU","-0.751044","0.00963159 AU","0.0137377","0.137619 °","0.000172364 °","1.46616 °","16.7547 °","181.158 s","45.2386 AU","0.0130747 cm","0.00862415 cm","0.00000000737584 Kg","0.00000001459540044379537 Kg","0.00000629714 cm","0.0000386653 cm","8.2403e-19 Kg","1.5179e-17 Kg","102.681 MJ","89.7117 MJ","67923.5 m/s","2.80208 m²/Kg","0.0000000272892 m²/J","67982.5 m/s","3.22318 m²/Kg","0.0000000224477 m²/J","21.0593 °","36012.5","7.63834","371.116 m/s","1.84826 m²/Kg","0.0000000154764 m²/J","115562 m","93719 m","95.087 °","16.0908 °","5.32469 °","60.9376 Km","0.9023 s","43.8008 °","5.87283 °","43.7791 °","5.17807 °","0.560927 AU","63.6992 km/s","1"
"10536","2017-10-07 22:18:31","11","Confirmed","Detected","Detected","0.858154","9.73045 °","14.589 °","115.62 °","348.013 °","2017-10-04 23:59:00","2.38466 AU","2.86686","0.000784074 AU","0.000870493","0.0922107 °","0.0000399158 °","0.0984341 °","0.112053 °","1305.9 s","0.013753 AU","2.91702 cm","0.604024 cm","0.0819091 Kg","0.0508824277317 Kg","0.181012 cm","0.226606 cm","0.000019572 Kg","0.0000735057 Kg","61.7737 MJ","32.2907 MJ","31782 m/s","0.0125595 m²/Kg","0.000000000203315 m²/J","31793.1 m/s","0.0138786 m²/Kg","0.000000000166254 m²/J","40.3228 °","89.6353","2.77975","58.9077 m/s","0.00260068 m²/Kg","0.0000000000670249 m²/J","95236.9 m","41356 m","27.8359 °","4.73981 °","3.0504 °","83.3672 Km","2.83 s","44.4386 °","2.86436 °","44.8245 °","2.28366 °","0.338254 AU","14.9682 km/s","1"
"10509","2017-10-24 23:43:49","13","Confirmed","Not Detected","Detected","0.992147","166.041 °","211.519 °","262.943 °","359.935 °","2017-10-23 16:35:46","71.3152 AU","-0.827903","0.0045355 AU","0.00819377","0.0802543 °","0.0000422896 °","0.690049 °","22.1119 °","154.967 s","80.356 AU","0.137361 cm","0.079392 cm","0.00000855269 Kg","0.0000148298919884 Kg","0.0000665207 cm","0.000830272 cm","9.71369e-16 Kg","0.0000000000000363722 Kg","103.317 MJ","176.21 MJ","68109 m/s","0.266716 m²/Kg","0.00000000258154 m²/J","68144.8 m/s","0.319905 m²/Kg","0.00000000125002 m²/J","42.2786 °","1830.95","7.63285","197.793 m/s","0.154157 m²/Kg","0.00000000310045 m²/J","124091 m","71056.4 m","98.2092 °","29.8347 °","5.06767 °","78.7458 Km","1.1688 s","43.4136 °","11.0741 °","43.3804 °","10.3678 °","0.560065 AU","1.18818 km/s","1"
"10484","2017-10-24 19:19:34","6","Confirmed","Not Detected","Not detected","0.774815","19.3826 °","211.336 °","256.172 °","351.061 °","2017-10-21 00:24:33","2.94916 AU","2.66291","0.00587351 AU","0.0101731","0.260559 °","0.000325748 °","0.648553 °","0.587456 °","2087.32 s","0.092047 AU","3.61021 cm","4.528 cm","0.155278 Kg","0.584260297074 Kg","0.00111753 cm","0.0116295 cm","0.00000000000460561 Kg","0.000000000143784 Kg","13.7942 MJ","20.0311 MJ","25605.9 m/s","0.010148 m²/Kg","0.00000000073567 m²/J","25675.4 m/s","0.0139669 m²/Kg","0.000000000360508 m²/J","56.3822 °","56.278","8.0804","424.6 m/s","0.0127278 m²/Kg","0.000000000450234 m²/J","79587.7 m","46023 m","13.882 °","37.8512 °","22.0043 °","40.306 Km","1.603 s","48.4372 °","6.40867 °","48.4416 °","6.11008 °","0.664105 AU","1.09748 km/s","1"
"10480","2017-10-24 22:08:48","6","Confirmed","Detected","Detected","0.909243","17.2758 °","31.451 °","109.501 °","354.722 °","2017-10-22 04:28:42","3.99729 AU","1.9995","0.0015413 AU","0.00230859","0.2289 °","0.0000993636 °","0.159516 °","0.195056 °","1310.84 s","0.0986149 AU","0.22227 cm","0.0840758 cm","0.0000362374 Kg","0.0000411214284536 Kg","0.205619 cm","0.936683 cm","0.0000286884 Kg","0.000392063 Kg","2488.95 MJ","151132 MJ","33764.3 m/s","0.164828 m²/Kg","0.0000000000662239 m²/J","33735.3 m/s","0.139209 m²/Kg","0.00000000341691 m²/J","39.2644 °","1202.73","0.0778662","160.687 m/s","0.0623478 m²/Kg","0.00000000400902 m²/J","95874.9 m","70060.1 m","44.2495 °","4.13898 °","4.85621 °","40.7825 Km","1.241 s","45.0292 °","4.56856 °","45.2218 °","4.28065 °","0.362782 AU","31.7646 km/s","1"
"10468","2017-10-30 18:41:11","8","Confirmed","Not Detected","Not detected","0.696997","2.06229 °","217.321 °","231.585 °","351.287 °","2017-10-24 19:03:57","2.76682 AU","2.92559","0.000969602 AU","0.00221005","0.0558958 °","0.000410101 °","0.174487 °","0.110483 °","1417.63 s","0.0200132 AU","9.35889 cm","1.61316 cm","2.70512 Kg","1.39882188134 Kg","1.72742 cm","1.21647 cm","0.01701 Kg","0.0359361 Kg","34.2271 MJ","17.665 MJ","18444.4 m/s","0.00391461 m²/Kg","0.000000000114371 m²/J","18462.1 m/s","0.00419116 m²/Kg","0.0000000000954608 m²/J","43.4231 °","26.3005","1.6897","73.0636 m/s","0.000674749 m²/Kg","0.0000000000409783 m²/J","81623.9 m","29162.9 m","7.58636 °","14.1026 °","6.46287 °","76.3895 Km","4.508 s","43.614 °","6.12261 °","43.8303 °","5.50799 °","0.838356 AU","7.59778 km/s","1"
"10467","2017-10-04 22:58:50","10","Confirmed","Not Detected","Not detected","0.966473","157.845 °","191.662 °","124.877 °","0.273688 °","2017-10-03 16:29:33","23.5524 AU","-0.79114","0.00356979 AU","0.0222312","0.28743 °","0.00039684 °","0.179332 °","0.273696 °","301.391 s","12.8464 AU","0.207833 cm","0.207702 cm","0.0000296249 Kg","0.0000888187004099 Kg","0.000000000000938884 cm","0.0000000000304455 cm","2.73118e-39 Kg","2.65694e-37 Kg","31.505 MJ","40.3006 MJ","69578.9 m/s","0.176278 m²/Kg","0.00000000559524 m²/J","69636.4 m/s","0.244451 m²/Kg","0.00000000261403 m²/J","6.84233 °","6833.17","26.1231","300.297 m/s","0.176167 m²/Kg","0.00000000379441 m²/J","115075 m","88383.7 m","122.879 °","32.4037 °","3.25471 °","228.686 Km","3.3224 s","50.1873 °","3.8168 °","48.7966 °","1.58825 °","0.789645 AU","2.89259 km/s","1"
"10465","2017-10-23 22:46:39","11","Confirmed","Detected","Detected","0.982388","162.999 °","30.4792 °","83.7861 °","359.778 °","2017-10-22 15:27:42","31.5221 AU","-0.689405","0.0144013 AU","0.0212959","0.136868 °","0.000242244 °","2.20482 °","0.417329 °","8155.23 s","26.7526 AU","0.0779526 cm","0.111792 cm","0.00000156317 Kg","0.00000672523412266 Kg","0.0000000000112315 cm","0.000000000275214 cm","4.67554e-36 Kg","3.43704e-34 Kg","34.4368 MJ","38.0644 MJ","67752.1 m/s","0.469983 m²/Kg","0.0000000136477 m²/J","67731.9 m/s","0.530026 m²/Kg","0.00000000664554 m²/J","23.3991 °","5465.36","22.6606","570.274 m/s","0.674005 m²/Kg","0.0000000198685 m²/J","112813 m","85784.3 m","95.912 °","15.6326 °","9.03613 °","67.8602 Km","1.0101 s","43.4839 °","10.0752 °","43.4879 °","9.31756 °","0.555151 AU","10.4662 km/s","1"
"10463","2017-10-06 22:07:53","6","Confirmed","Not Detected","Not detected","0.593573","32.923 °","193.605 °","158.449 °","3.40277 °","2017-10-02 18:59:06","2.39526 AU","3.07969","0.00390763 AU","0.0274123","0.478854 °","0.000954933 °","1.34502 °","0.136006 °","20640.2 s","0.0945278 AU","1.40041 cm","3.80433 cm","0.00906322 Kg","0.0738627752424 Kg","0.000000080073 cm","0.00000451064 cm","1.69423e-24 Kg","2.86316e-22 Kg","5.67063 MJ","20.194 MJ","23585.8 m/s","0.0261611 m²/Kg","0.00000000461344 m²/J","23741.5 m/s","0.0493354 m²/Kg","0.0000000020806 m²/J","31.2171 °","233.111","16.6771","751.996 m/s","0.0710686 m²/Kg","0.00000000804975 m²/J","85031.2 m","63524.2 m","249.395 °","59.0645 °","20.4932 °","41.4966 Km","1.8 s","42.4199 °","0.473107 °","42.1659 °","0.725983 °","0.973499 AU","1 km/s","1"
"10462","2017-10-18 00:10:04","9","Confirmed","Not Detected","Detected","0.834693","5.7346 °","24.5705 °","116.543 °","344.773 °","2017-10-14 23:09:09","2.05997 AU","3.23059","0.00263905 AU","0.00157323","0.117351 °","0.000040531 °","0.415283 °","0.337151 °","277.145 s","0.0288116 AU","0.347327 cm","0.105146 cm","0.000138271 Kg","0.000125576116031 Kg","0.137313 cm","0.213235 cm","0.00000854372 Kg","0.000039803 Kg","171.368 MJ","335.396 MJ","30585.5 m/s","0.105481 m²/Kg","0.000000000615521 m²/J","30556 m/s","0.0925137 m²/Kg","0.00000000109631 m²/J","51.8957 °","619.06","0.928005","82.8059 m/s","0.0319323 m²/Kg","0.00000000104385 m²/J","99249.2 m","54722.1 m","37.3139 °","10.9173 °","9.72546 °","56.6329 Km","1.97001 s","48.8968 °","4.93289 °","49.2063 °","4.88796 °","0.340528 AU","21.7993 km/s","1"
"10460","2017-10-10 22:37:14","7","Confirmed","Detected","Detected","0.785039","2.4507 °","17.5523 °","78.9834 °","351.084 °","2017-10-06 20:01:19","2.99294 AU","2.67678","0.00127564 AU","0.00312651","0.0780641 °","0.000597923 °","0.180905 °","0.211141 °","1216.33 s","0.0421522 AU","0.175274 cm","0.0524854 cm","0.0000177693 Kg","0.000015962850934 Kg","0.000808246 cm","0.00309614 cm","0.00000000000174238 Kg","0.0000000000200236 Kg","17.9979 MJ","13.8508 MJ","23864.2 m/s","0.209023 m²/Kg","0.0000000116137 m²/J","23906.5 m/s","0.246476 m²/Kg","0.00000000747514 m²/J","46.6643 °","1327.17","5.37924","112.504 m/s","0.0625913 m²/Kg","0.00000000585035 m²/J","94531.7 m","68084.4 m","12.7715 °","3.97402 °","4.93583 °","36.3555 Km","1.5629 s","46.8524 °","6.92083 °","47.0704 °","6.86296 °","0.643365 AU","19.3965 km/s","1"
"10285","2018-06-21 21:02:06","9","Confirmed","Not Detected","Not detected","0.358946","0.842931 °","90.68 °","155.45 °","3.38449 °","2018-06-07 11:24:36","1.54867 AU","4.37788","0.000189255 AU","0.00109018","0.0248305 °","0.0110134 °","0.0971088 °","0.0473172 °","3351.96 s","0.00250415 AU","8.74346 cm","1.40074 cm","2.20579 Kg","1.06012843018 Kg","0.381784 cm","0.480423 cm","0.00018364 Kg","0.000693257 Kg","8.32734 MJ","3.79528 MJ","12384.7 m/s","0.00419015 m²/Kg","0.000000000503179 m²/J","12399.3 m/s","0.00453714 m²/Kg","0.000000000417969 m²/J","39.9401 °","30.1423","3.13121","34.487 m/s","0.000671279 m²/Kg","0.00000000015258 m²/J","72306.1 m","36858.8 m","163.959 °","31.1101 °","5.14437 °","55.2107 Km","4.74224 s","44.2573 °","0.998263 °","44.211 °","1.51965 °","0.99278 AU","8.36901 km/s","1"
"10271","2018-06-01 20:51:47","7","Confirmed","Not Detected","Not detected","0.865821","0.251155 °","250.048 °","117.228 °","348.713 °","2018-05-29 23:45:49","2.5011 AU","2.77476","0.00190292 AU","0.000229938","0.143037 °","7.88063 °","7.87753 °","0.0703877 °","10.1443 s","0.011935 AU","2.44929 cm","0.336717 cm","0.0484881 Kg","0.0199977408153 Kg","0.0009682 cm","0.00219476 cm","0.00000000000299508 Kg","0.0000000000203682 Kg","22.6896 MJ","7.00789 MJ","32339.4 m/s","0.014958 m²/Kg","0.000000000659244 m²/J","32362.5 m/s","0.016136 m²/Kg","0.00000000058694 m²/J","10.8463 °","367.1","7.83587","51.3586 m/s","0.00205635 m²/Kg","0.000000000117105 m²/J","88589.5 m","63520.1 m","260.865 °","-20.7342 °","2.15355 °","134.524 Km","4.264 s","45.4616 °","11.078 °","46.3001 °","9.89913 °","0.335594 AU","25.9985 km/s","1"
"6690","2018-06-22 23:50:54","9","Confirmed","Not Detected","Not detected","","","","","","","","","","","","","","","","","","","","","","","","","","","","","","","","","","","","","","","","","","","","","","","","","","","","1"
"6665","2018-02-21 01:01:48","6","Confirmed","Detected","Not detected","0.985416","132.891 °","152.098 °","93.3893 °","359.785 °","2018-02-19 15:37:36","32.1668 AU","-0.414134","0.00556897 AU","0.00445854","0.125373 °","0.000159919 °","0.788313 °","0.10373 °","4562.4 s","9.82774 AU","0.265841 cm","0.176175 cm","0.000061998 Kg","0.000123259910181 Kg","0.0000000000000831726 cm","0.00000000000271363 cm","1.89876e-42 Kg","1.85843e-40 Kg","23.7785 MJ","27.5267 MJ","63461.6 m/s","0.137813 m²/Kg","0.00000000579571 m²/J","63514.2 m/s","0.18709 m²/Kg","0.00000000290526 m²/J","11.0051 °","3334.01","28.793","177.852 m/s","0.0913301 m²/Kg","0.00000000360016 m²/J","108344 m","84453.1 m","200.457 °","-29.4421 °","2.41549 °","123.433 Km","1.9733 s","44.7266 °","7.10124 °","45.7056 °","6.47837 °","0.469113 AU","1.00637 km/s","1"
"6644","2018-02-24 00:11:35","9","Confirmed","Not Detected","Not detected","0.64422","15.419 °","155.084 °","56.8191 °","347.801 °","2018-02-19 00:26:00","2.28824 AU","3.25174","0.00015228 AU","0.000573207","0.0632436 °","0.0000533381 °","0.0317046 °","0.0375028 °","807.649 s","0.00366066 AU","9.58857 cm","1.13291 cm","2.90921 Kg","1.03119163282 Kg","0.912999 cm","0.42734 cm","0.00251145 Kg","0.00352654 Kg","30.3146 MJ","7.48412 MJ","20477.8 m/s","0.00382084 m²/Kg","0.00000000012604 m²/J","20483.2 m/s","0.00397015 m²/Kg","0.000000000119668 m²/J","25.3628 °","41.194","2.35159","38.6199 m/s","0.000451441 m²/Kg","0.0000000000180171 m²/J","92432.3 m","31733.5 m","136.236 °","-10.4258 °","1.74041 °","142.63 Km","7.735 s","50.1108 °","4.07548 °","51.1339 °","4.89795 °","0.81411 AU","4.2963 km/s","1"
"6634","2018-02-21 20:08:41","9","Confirmed","Not Detected","Not detected","0.305434","21.9221 °","332.911 °","162.484 °","4.97916 °","2018-02-15 03:14:49","1.40867 AU","4.61271","0.00051599 AU","0.0011356","0.10297 °","0.000246251 °","0.42426 °","0.222442 °","914.404 s","0.00236326 AU","5.33434 cm","0.826903 cm","0.500906 Kg","0.2329440086 Kg","1.3908 cm","0.658814 cm","0.00887785 Kg","0.0126162 Kg","36.6932 MJ","17.2232 MJ","17033.9 m/s","0.00686802 m²/Kg","0.000000000187174 m²/J","17059.6 m/s","0.00729903 m²/Kg","0.000000000159692 m²/J","33.5472 °","57.3951","1.34429","89.5258 m/s","0.00106465 m²/Kg","0.0000000000603914 m²/J","80135.3 m","32808.4 m","301.55 °","74.1396 °","7.84571 °","85.9338 Km","5.6428 s","48.6178 °","5.27156 °","47.9833 °","5.39011 °","0.978417 AU","7.18445 km/s","1"
"5854","2017-07-14 23:17:46","6","Confirmed","Not Detected","Not detected","0.692598","7.88714 °","112.485 °","255.925 °","345.661 °","2017-07-10 09:38:15","2.28182 AU","3.22648","0.00247764 AU","0.00426701","0.152874 °","0.000564846 °","0.30898 °","0.309646 °","518.774 s","0.0289915 AU","2.79383 cm","0.575166 cm","0.0719636 Kg","0.0444454711969 Kg","0.563832 cm","0.447533 cm","0.000591511 Kg","0.00140851 Kg","51.323 MJ","32.14 MJ","21981 m/s","0.0131133 m²/Kg","0.000000000255506 m²/J","22030.9 m/s","0.0144318 m²/Kg","0.000000000193611 m²/J","33.7696 °","108.949","1.60041","154.191 m/s","0.00269964 m²/Kg","0.000000000110822 m²/J","84548.9 m","43835.7 m","285.687 °","-4.8125 °","11.045 °","73.2087 Km","4.8196 s","51.1344 °","1.58538 °","51.6754 °","1.55126 °","0.701436 AU","10.3425 km/s","1"
"5834","2017-07-15 00:24:39","7","Confirmed","Detected","Detected","1.0094","105.44 °","112.491 °","167.76 °","0.00656784 °","2017-07-13 11:56:11","-106.943 AU","-0.467047","0.000313035 AU","0.0320371","0.387062 °","0.000146144 °","0.153179 °","0.0327795 °","2035.35 s","40.1144 AU","0.104617 cm","0.242767 cm","0.00000377856 Kg","0.0000263046804253 Kg","0.000000651361 cm","0.0000224644 cm","9.11968e-22 Kg","9.43571e-20 Kg","48.2866 MJ","148.719 MJ","58349.8 m/s","0.350194 m²/Kg","0.0000000072524 m²/J","58559.3 m/s","0.882427 m²/Kg","0.00000000385637 m²/J","52.5188 °","2038","11.9868","477.338 m/s","0.812631 m²/Kg","0.00000000656341 m²/J","112866 m","84060 m","3.04751 °","51.3149 °","7.70525 °","36.2555 Km","3.5197 s","48.0231 °","4.98512 °","47.9313 °","4.72892 °","1.00486 AU","1.16457 km/s","1"
"5802","2017-07-14 02:27:39","8","Confirmed","Detected","Detected","0.979403","171.958 °","291.649 °","314.415 °","0.102539 °","2017-07-12 20:22:59","42.0125 AU","-1.0173","0.00147984 AU","0.013085","0.126182 °","0.000488836 °","0.334948 °","0.0996842 °","1673.49 s","28.2001 AU","0.453597 cm","0.50464 cm","0.000307981 Kg","0.00102791418066 Kg","0.0000000020255 cm","0.0000000583672 cm","2.74226e-29 Kg","2.37065e-27 Kg","43.9715 MJ","68.361 MJ","70520.6 m/s","0.0807685 m²/Kg","0.00000000183684 m²/J","70565.7 m/s","0.127795 m²/Kg","0.000000000894509 m²/J","27.755 °","800.971","19.2269","175.272 m/s","0.0898573 m²/Kg","0.00000000121384 m²/J","113828 m","74310.6 m","34.0431 °","9.26363 °","4.24284 °","84.8987 Km","1.2886 s","43.2808 °","5.20423 °","43.4437 °","4.31839 °","0.865349 AU","12.9563 km/s","1"
"5756","2016-07-30 01:57:03","9","Confirmed","Pending","Pending","0.983337","111.941 °","127.118 °","153.593 °","0.0384963 °","2016-07-28 14:40:19","57.7757 AU","-0.362022","0.000497424 AU","0.0197566","0.184206 °","0.0000771682 °","0.222802 °","0.0696941 °","742.393 s","64.5752 AU","0.0611102 cm","0.0279519 cm","0.000000753103 Kg","0.00000103341296195 Kg","0.000271474 cm","0.001156 cm","0.0000000000000660235 Kg","0.000000000000843428 Kg","113.788 MJ","97.8999 MJ","60212.4 m/s","0.599513 m²/Kg","0.00000000526869 m²/J","60262.8 m/s","0.717802 m²/Kg","0.00000000317657 m²/J","59.2941 °","3220.14","5.41657","291.967 m/s","0.274219 m²/Kg","0.000000002821 m²/J","108676 m","75161.8 m","29.2998 °","54.6006 °","2.74575 °","38.9815 Km","0.66679 s","45.945 °","5.15808 °","45.8464 °","4.94834 °","0.962728 AU","47.2584 km/s","1"
"5755","2016-07-17 00:54:14","6","Confirmed","Pending","Pending","1.00936","117.937 °","114.663 °","98.225 °","0.0764885 °","2016-07-15 13:39:39","-61.8274 AU","-0.528833","0.00656491 AU","0.0269503","0.503912 °","0.000266708 °","1.15749 °","0.32443 °","4912.71 s","178.35 AU","0.0435563 cm","0.0372923 cm","0.000000272689 Kg","0.000000700417721174 Kg","0.0373882 cm","0.189454 cm","0.000000172472 Kg","0.00000262184 Kg","4054.94 MJ","126995 MJ","60351.4 m/s","0.841126 m²/Kg","0.000000000207432 m²/J","60522.7 m/s","1.06975 m²/Kg","0.00000000565646 m²/J","31.0433 °","7532.67","0.1527","622.36 m/s","0.72016 m²/Kg","0.00000000654344 m²/J","107133 m","81258 m","44.679 °","46.6927 °","13.1278 °","50.127 Km","0.8495 s","44.2351 °","7.37257 °","44.0065 °","6.94982 °","0.578882 AU","56.0307 km/s","1"
"5734","2016-07-27 21:27:18","6","Confirmed","Pending","Pending","1.0034","99.4942 °","125.025 °","171.394 °","0.000905783 °","2016-07-26 07:27:07","-296.7 AU","-0.29503","0.00110251 AU","0.0638411","1.09071 °","0.000526454 °","0.7734 °","0.0256402 °","19345.4 s","142.435 AU","0.057727 cm","0.182872 cm","0.00000063482 Kg","0.00000603309852732 Kg","0.000000000496251 cm","0.0000000348144 cm","4.03291e-31 Kg","8.48783e-29 Kg","28.9015 MJ","114.337 MJ","56190.6 m/s","0.634649 m²/Kg","0.000000021959 m²/J","56643.1 m/s","1.67438 m²/Kg","0.0000000102818 m²/J","30.966 °","5696.34","18.5719","1160.13 m/s","2.01049 m²/Kg","0.000000039697 m²/J","108726 m","84493.4 m","9.42732 °","59.1346 °","14.209 °","47.0424 Km","0.8389 s","43.6727 °","0.0730646 °","43.3826 °","-0.213933 °","1.00974 AU","1.00416 km/s","1"
"5731","2016-07-15 00:25:42","9","Confirmed","Pending","Pending","0.98078","149.001 °","112.732 °","264.05 °","359.745 °","2016-07-13 15:56:30","29.4101 AU","-0.614841","0.00788807 AU","0.0179115","0.453348 °","0.000241897 °","1.3603 °","21.7797 °","8295.81 s","43.2114 AU","0.0622744 cm","0.0605718 cm","0.000000796973 Kg","0.00000232554852163 Kg","0.0000010169 cm","0.0000143269 cm","3.47012e-21 Kg","1.4667e-19 Kg","65.9831 MJ","90.31 MJ","65408.3 m/s","0.588305 m²/Kg","0.000000008916 m²/J","65603.9 m/s","0.893766 m²/Kg","0.00000000415556 m²/J","36.5295 °","4564.42","11.0226","467.946 m/s","0.57222 m²/Kg","0.00000000559549 m²/J","115171 m","80412.7 m","351.054 °","12.1454 °","6.91131 °","58.2752 Km","0.9019 s","47.524 °","3.697 °","47.699 °","3.14159 °","0.565267 AU","2.30691 km/s","1"
"5726","2018-05-30 00:52:46","7","Confirmed","Detected","Detected","1.0028","126.725 °","68.3388 °","110.238 °","0.0093735 °","2018-05-28 15:07:31","-243.179 AU","-0.629013","0.00415267 AU","0.0194837","0.399987 °","0.000252828 °","0.624123 °","0.0931803 °","6276.4 s","3563.99 AU","0.0391984 cm","0.030041 cm","0.000000198756 Kg","0.000000456968368645 Kg","0.000000241555 cm","0.00000337131 cm","4.65115e-23 Kg","1.94744e-21 Kg","56.2576 MJ","69.3283 MJ","63009.1 m/s","0.934639 m²/Kg","0.0000000166136 m²/J","63180.2 m/s","1.44027 m²/Kg","0.00000000873389 m²/J","20.1331 °","12540.2","11.9971","396.612 m/s","0.716291 m²/Kg","0.00000000925981 m²/J","111047 m","86635.1 m","351.606 °","25.8921 °","8.92772 °","71.1319 Km","1.1459 s","44.2508 °","4.89024 °","44.0758 °","4.10441 °","0.68171 AU","1.28309 km/s","1"
"5715","2018-05-06 22:06:58","13","Confirmed","Detected","Detected","0.938377","21.6819 °","46.0813 °","324.554 °","346.62 °","2018-05-04 14:53:53","1.98867 AU","3.01326","0.00176993 AU","0.000848276","0.130943 °","0.000110644 °","0.278581 °","0.0825466 °","518.371 s","0.00801958 AU","1.14285 cm","0.21035 cm","0.00492588 Kg","0.00271993611114 Kg","0.0104074 cm","0.0178565 cm","0.00000000371996 Kg","0.0000000191476 Kg","56.6417 MJ","23.0158 MJ","39567.2 m/s","0.032057 m²/Kg","0.00000000056596 m²/J","39602.5 m/s","0.0352739 m²/Kg","0.000000000491173 m²/J","17.7799 °","484.82","4.69877","89.0088 m/s","0.00590033 m²/Kg","0.000000000131123 m²/J","91557.3 m","60714.2 m","250.635 °","-12.6418 °","3.48233 °","102.25 Km","2.70537 s","44.4578 °","6.03552 °","45.0103 °","5.09831 °","0.122548 AU","27.207 km/s","1"
"5704","2018-05-03 02:18:01","6","Confirmed","Not Detected","Detected","0.96797","122.633 °","42.3638 °","152.073 °","0.110219 °","2018-05-01 16:48:37","29.6673 AU","-0.513931","0.00180626 AU","0.045298","0.612075 °","0.000294792 °","0.550774 °","0.236802 °","2333.44 s","66.0344 AU","0.0951235 cm","0.723488 cm","0.00000284039 Kg","0.0000648100838739 Kg","2.86306e-40 cm","2.00108e-37 cm","0","0","7.73947 MJ","61.7965 MJ","63546.3 m/s","0.385145 m²/Kg","0.0000000497637 m²/J","64025 m/s","2.65303 m²/Kg","0.000000023551 m²/J","31.061 °","3447.38","88.6989","693.999 m/s","2.92933 m²/Kg","0.000000047209 m²/J","109595 m","91286 m","314.136 °","17.7214 °","11.7187 °","35.4862 Km","0.56683 s","48.4589 °","-3.85217 °","48.4971 °","-4.25285 °","0.950249 AU","1.01128 km/s","1"
"5703","2018-05-19 01:40:24","7","Confirmed","Detected","Detected","0.618499","9.96911 °","57.8428 °","221.095 °","350.136 °","2018-05-12 14:34:37","2.4018 AU","3.21804","0.000247797 AU","0.00148769","0.0120005 °","0.0000801906 °","0.0590786 °","0.0703244 °","1420.01 s","0.00920321 AU","3.0113 cm","0.13641 cm","0.0901108 Kg","0.0122458863863 Kg","0.896019 cm","0.119351 cm","0.00237392 Kg","0.000948627 Kg","41.3471 MJ","6.03909 MJ","17170.3 m/s","0.0121663 m²/Kg","0.000000000294248 m²/J","17174.3 m/s","0.0122547 m²/Kg","0.000000000289284 m²/J","46.6534 °","77.2624","1.21217","34.3404 m/s","0.000551125 m²/Kg","0.0000000000310168 m²/J","81085.6 m","33898.5 m","221.356 °","19.56 °","2.52684 °","64.8824 Km","4.486 s","44.1709 °","2.43064 °","44.3113 °","2.94748 °","0.916289 AU","4.91014 km/s","1"
"5677","2018-05-18 01:30:36","10","Confirmed","Detected","Detected","0.989292","154.942 °","236.844 °","108.683 °","359.788 °","2018-05-16 16:12:28","32.4448 AU","-0.500775","0.00393498 AU","0.00188217","0.189311 °","0.000222776 °","0.541612 °","0.0593759 °","330.919 s","5.92723 AU","0.561889 cm","0.129716 cm","0.000585416 Kg","0.000405443116819 Kg","0.0000117232 cm","0.0000850796 cm","5.31685e-18 Kg","1.15759e-16 Kg","64.2208 MJ","44.4594 MJ","63807.5 m/s","0.0652022 m²/Kg","0.00000000101528 m²/J","63827.8 m/s","0.071555 m²/Kg","0.000000000662361 m²/J","5.04599 °","3423.52","10.7775","100.114 m/s","0.0150524 m²/Kg","0.00000000052824 m²/J","112632 m","81608.9 m","297.118 °","-29.9731 °","2.42246 °","327.87 Km","5.1742 s","44.716 °","-1.11652 °","47.0826 °","-3.50006 °","0.347409 AU","59.8074 km/s","1"
"5673","2018-05-31 23:50:36","9","Confirmed","Not Detected","Not detected","0.755696","23.2688 °","70.2301 °","253.754 °","350.456 °","2018-05-28 07:41:50","2.86334 AU","2.70998","0.000632082 AU","0.00146978","0.03281 °","0.0000517479 °","0.073609 °","0.0904135 °","1201.18 s","0.0171466 AU","1.73291 cm","0.281996 cm","0.0171728 Kg","0.00838357426266 Kg","0.107877 cm","0.174501 cm","0.00000414285 Kg","0.0000201044 Kg","41.5831 MJ","26.4987 MJ","26060.8 m/s","0.0211415 m²/Kg","0.000000000508417 m²/J","26071.9 m/s","0.0224084 m²/Kg","0.000000000387222 m²/J","56.9899 °","116.431","2.77657","53.578 m/s","0.00344036 m²/Kg","0.000000000251989 m²/J","87750.7 m","49263.1 m","252.768 °","12.6248 °","2.22317 °","45.9057 Km","1.84 s","45.42 °","8.80308 °","45.6418 °","8.83205 °","0.699525 AU","20.6643 km/s","1"
"5495","2017-11-25 20:30:02","22","Confirmed","Detected","Detected","0.691115","57.8024 °","243.526 °","183.803 °","359.06 °","2017-11-23 07:42:28","3.19256 AU","2.23428","0.0000480341 AU","0.00236355","0.0747805 °","0.0000459461 °","0.10384 °","0.0218938 °","454.675 s","0.0245165 AU","2.32831 cm","0.250932 cm","0.0416518 Kg","0.0134670009308 Kg","0.607854 cm","0.327212 cm","0.000741158 Kg","0.00119691 Kg","164.004 MJ","78.2265 MJ","35994.3 m/s","0.0157352 m²/Kg","0.0000000000959442 m²/J","36001.3 m/s","0.0162633 m²/Kg","0.0000000000828954 m²/J","29.2769 °","148.597","1.34296","67.6849 m/s","0.00169585 m²/Kg","0.0000000000362294 m²/J","97771.5 m","41289.8 m","227.753 °","71.5411 °","1.9179 °","115.713 Km","3.45825 s","45.9254 °","2.71811 °","45.0439 °","2.96752 °","0.986135 AU","19.4645 km/s","1"
"5493","2017-11-18 01:42:43","9","Confirmed","Not Detected","Not detected","0.914727","162.042 °","235.669 °","172.75 °","0.100015 °","2017-11-16 20:12:52","11.5488 AU","-0.657283","0.000748812 AU","0.0686195","0.301004 °","0.000228794 °","0.619236 °","0.119034 °","9476.81 s","9.12459 AU","0.0119289 cm","0.0120407 cm","0.00000000560161 Kg","0.0000000169623255584 Kg","0.000000100329 cm","0.00000147723 cm","3.33264e-24 Kg","1.47209e-22 Kg","75.1185 MJ","100.426 MJ","71859.2 m/s","3.07123 m²/Kg","0.0000000408852 m²/J","72043.8 m/s","4.70424 m²/Kg","0.0000000187083 m²/J","32.8524 °","26145.9","11.686","851.945 m/s","3.10002 m²/Kg","0.0000000340034 m²/J","113863 m","90891.5 m","153.86 °","22.0317 °","9.36162 °","42.4149 Km","0.6084 s","44.8708 °","6.34526 °","44.8752 °","5.90119 °","0.984803 AU","1.00282 km/s","1"
"5487","2017-11-19 20:09:33","7","Confirmed","Not Detected","Not detected","0.922502","21.0155 °","57.4493 °","134.698 °","349.245 °","2017-11-17 10:23:47","2.32891 AU","2.7166","0.00189623 AU","0.00082424","0.362728 °","0.000136242 °","0.309072 °","0.202845 °","22.2741 s","0.0289899 AU","2.2506 cm","0.704846 cm","0.0376192 Kg","0.0353448637202 Kg","0.000870721 cm","0.00526505 cm","0.00000000000217847 Kg","0.0000000000395181 Kg","31.2998 MJ","25.2951 MJ","38035.2 m/s","0.0162785 m²/Kg","0.000000000520083 m²/J","38070.4 m/s","0.0193805 m²/Kg","0.000000000301369 m²/J","19.4651 °","225.599","7.85739","114.118 m/s","0.00509811 m²/Kg","0.000000000282725 m²/J","89860.7 m","58065.9 m","78.6496 °","14.1074 °","6.67722 °","96.3503 Km","2.594 s","47.5096 °","1.29299 °","47.5087 °","0.0993928 °","0.180485 AU","33.3355 km/s","1"
"5479","2017-11-26 23:21:47","21","Confirmed","Detected","Detected","0.862828","88.7195 °","244.66 °","150.127 °","1.06364 °","2017-11-25 05:53:00","6.7513 AU","0.796461","0.000976609 AU","0.00576237","0.04712 °","0.000104815 °","0.198094 °","0.0615975 °","518.288 s","0.27356 AU","0.25698 cm","0.049489 cm","0.000056003 Kg","0.0000323550177412 Kg","0.254378 cm","1.03504 cm","0.0000543193 Kg","0.000663061 Kg","44570.5 MJ","18468700 MJ","51650 m/s","0.142565 m²/Kg","0.00000000000319864 m²/J","51622 m/s","0.12523 m²/Kg","0.0000000011208 m²/J","10.0304 °","3780.16","0.0101752","87.0353 m/s","0.0274551 m²/Kg","0.00000000132494 m²/J","107680 m","77120.4 m","201.049 °","49.4203 °","1.81835 °","176.278 Km","3.453 s","44.9595 °","5.44154 °","43.5675 °","4.52442 °","0.926089 AU","48.353 km/s","1"
"5468","2017-11-14 00:06:20","7","Confirmed","Not Detected","Not detected","0.846154","2.1764 °","231.535 °","295.886 °","346.477 °","2017-11-11 00:29:33","2.19821 AU","3.06643","0.00163046 AU","0.00254758","0.054887 °","0.00243105 °","0.113808 °","0.296179 °","3573.34 s","0.0268958 AU","0.279302 cm","0.0585796 cm","0.0000719011 Kg","0.0000452406997388 Kg","0.0377982 cm","0.0479393 cm","0.000000178208 Kg","0.000000678061 Kg","82.2107 MJ","59.8255 MJ","31099.9 m/s","0.131171 m²/Kg","0.00000000159555 m²/J","31107.2 m/s","0.132943 m²/Kg","0.00000000145699 m²/J","69.6973 °","645.903","2.00003","161.868 m/s","0.0275113 m²/Kg","0.000000000888214 m²/J","91672.1 m","58673.8 m","62.4779 °","23.412 °","3.03834 °","35.1853 Km","1.176 s","43.6237 °","5.60973 °","43.7317 °","5.59419 °","0.338186 AU","24.3512 km/s","1"
"5464","2017-11-18 01:00:55","15","Confirmed","Detected","Not detected","0.89578","162.168 °","235.64 °","172.814 °","0.134364 °","2017-11-16 19:27:18","9.45035 AU","-0.565898","0.000620808 AU","0.0451959","0.221277 °","0.000193571 °","0.525343 °","0.0778024 °","3197.68 s","2.38866 AU","0.37877 cm","0.605671 cm","0.000179324 Kg","0.000860244721979 Kg","0.0000000378363 cm","0.00000150777 cm","1.78748e-25 Kg","2.13693e-23 Kg","54.2171 MJ","138.842 MJ","71699.3 m/s","0.0967247 m²/Kg","0.00000000178403 m²/J","71731.8 m/s","0.137638 m²/Kg","0.000000000902673 m²/J","25.5445 °","1035.9","16.1192","562.187 m/s","0.154667 m²/Kg","0.00000000273307 m²/J","117891 m","72881.6 m","153.647 °","21.9857 °","7.51944 °","104.509 Km","1.476 s","42.5123 °","7.08685 °","42.409 °","5.9656 °","0.984919 AU","3.87383 km/s","1"
"5451","2017-11-13 02:16:51","7","Confirmed","Not Detected","Not detected","0.91482","98.1514 °","50.6502 °","29.8456 °","359.396 °","2017-11-11 11:53:57","10.8822 AU","0.304057","0.00359938 AU","0.0237556","0.158236 °","0.000259567 °","1.08069 °","0.27967 °","2465.21 s","2.93199 AU","15.0513 cm","13610.2 cm","11.2522 Kg","30524.4191115 Kg","0","","0","","1.11997 MJ","995.078 MJ","55571.1 m/s","0.0024341 m²/Kg","0.00000000217335 m²/J","55830.2 m/s","1.74626 m²/Kg","0.0000000503316 m²/J","16.319 °","40.0063","468.748","343.352 m/s","2.20104 m²/Kg","0.0000000573491 m²/J","109407 m","97668.2 m","116.299 °","-25.7685 °","4.69003 °","41.8849 Km","1.1722 s","44.5576 °","6.48074 °","44.8878 °","6.29419 °","0.926938 AU","55.5699 km/s","1"
"5449","2017-11-26 01:26:47","9","Confirmed","Detected","Detected","0.962268","86.5247 °","243.736 °","137.917 °","0.225999 °","2017-11-24 08:02:47","22.8502 AU","0.289003","0.00122712 AU","0.0197986","0.114973 °","0.000197361 °","0.080617 °","0.179588 °","3157.92 s","11.4186 AU","1.69228 cm","13.7373 cm","0.0159931 Kg","0.389478883604 Kg","7.52778e-42 cm","6.17948e-39 cm","0","0","4.78508 MJ","41.7094 MJ","51769.6 m/s","0.0216491 m²/Kg","0.00000000452429 m²/J","51974 m/s","0.158293 m²/Kg","0.00000000209587 m²/J","18.6939 °","311.937","95.2161","283.172 m/s","0.175739 m²/Kg","0.00000000319066 m²/J","110121 m","76774.1 m","206.771 °","45.2506 °","3.28097 °","103.842 Km","2.0161 s","46.8371 °","7.00489 °","46.2001 °","6.14242 °","0.862192 AU","1.03499 km/s","1"
"5435","2017-11-14 21:31:45","10","Confirmed","Detected","Detected","0.968327","21.685 °","232.461 °","331.856 °","350.426 °","2017-11-12 18:16:29","2.31956 AU","2.56326","0.000990421 AU","0.000601984","0.302283 °","0.0000479097 °","0.181219 °","0.128871 °","789.221 s","0.0205826 AU","5.41066 cm","4.97606 cm","0.522716 Kg","1.44218810436 Kg","0.0000000247716 cm","0.000000677896 cm","5.01621e-26 Kg","4.11819e-24 Kg","15.8931 MJ","23.3672 MJ","42369.4 m/s","0.00677114 m²/Kg","0.000000000426043 m²/J","42404.4 m/s","0.00969456 m²/Kg","0.000000000219928 m²/J","38.8066 °","49.8975","19.2019","100.864 m/s","0.00622725 m²/Kg","0.000000000341583 m²/J","95026.9 m","52542.9 m","79.4025 °","29.5033 °","4.52664 °","67.7975 Km","1.6533 s","45.7967 °","-0.317134 °","45.759 °","-0.986576 °","0.0734669 AU","1 km/s","1"
"5431","2017-11-26 23:17:22","7","Confirmed","Not Detected","Detected","0.824543","2.01921 °","244.622 °","287.908 °","347.03 °","2017-11-23 18:58:24","2.30252 AU","3.00766","0.00340456 AU","0.00436239","0.332964 °","0.00774182 °","0.336287 °","0.420218 °","1696.06 s","0.0455669 AU","0.360988 cm","0.0948773 cm","0.000155236 Kg","0.000122400518992 Kg","0.156084 cm","0.172311 cm","0.0000125484 Kg","0.0000415589 Kg","176.725 MJ","268.314 MJ","29523.2 m/s","0.101489 m²/Kg","0.000000000574278 m²/J","29494.5 m/s","0.094065 m²/Kg","0.000000000949262 m²/J","67.2601 °","508.2","0.838452","257.734 m/s","0.0266741 m²/Kg","0.000000000775603 m²/J","95671 m","54104.2 m","72.2629 °","24.9888 °","16.6441 °","45.0693 Km","1.6 s","42.8605 °","0.0871951 °","42.9728 °","-0.0581077 °","0.403993 AU","22.0875 km/s","1"
"5427","2017-11-17 00:12:00","10","Confirmed","Detected","Detected","0.868614","161.351 °","234.596 °","170.753 °","0.263976 °","2017-11-15 18:29:11","7.48053 AU","-0.433934","0.00117877 AU","0.0403059","0.209919 °","0.000229839 °","0.831017 °","0.104544 °","4691.43 s","2.36029 AU","2.53544 cm","218.388 cm","0.0537866 Kg","13.8985954286 Kg","0","","0","","0.601699 MJ","52.0884 MJ","71305.6 m/s","0.0144497 m²/Kg","0.0000000240148 m²/J","71639.4 m/s","0.995754 m²/Kg","0.0000000111461 m²/J","19.1931 °","202.984","1436.54","504.413 m/s","1.24461 m²/Kg","0.0000000340016 m²/J","113711 m","91217.1 m","153.228 °","22.6152 °","9.8051 °","68.4213 Km","0.969004 s","43.5702 °","10.156 °","43.4392 °","9.39043 °","0.982834 AU","1.00139 km/s","1"
"5426","2017-11-17 02:58:11","6","Confirmed","Not Detected","Detected","0.933595","162.714 °","234.713 °","171.876 °","0.0791732 °","2017-11-15 21:33:25","14.8178 AU","-0.738492","0.000799475 AU","0.0728476","0.577784 °","0.000228744 °","0.608411 °","0.131729 °","5877.22 s","11.924 AU","20.6321 cm","32735.4 cm","28.9829 Kg","137955.087309 Kg","0","","0","","0.0809416 MJ","128.483 MJ","72056.6 m/s","0.0017757 m²/Kg","0.000000021938 m²/J","72486.4 m/s","2.24416 m²/Kg","0.0000000117747 m²/J","43.2497 °","11.9685","10905","899.102 m/s","2.81738 m²/Kg","0.0000000413041 m²/J","113994 m","86231.8 m","153.18 °","21.9003 °","18.0455 °","40.5134 Km","0.568 s","45.4603 °","2.901 °","45.5203 °","2.53928 °","0.983982 AU","1 km/s","1"
"5410","2017-11-19 00:38:56","10","Confirmed","Detected","Not detected","0.888878","162.434 °","236.633 °","173.582 °","0.127457 °","2017-11-17 19:04:38","8.86837 AU","-0.745405","0.000731157 AU","0.0537709","0.139876 °","0.000259473 °","0.704778 °","0.0777666 °","2689.32 s","6.47054 AU","0.0564271 cm","0.26332 cm","0.000000592893 Kg","0.00000830030373278 Kg","2.03547e-22 cm","4.82697e-20 cm","0","0","18.5491 MJ","95.5965 MJ","71666.3 m/s","0.649269 m²/Kg","0.0000000350028 m²/J","72183.6 m/s","3.21019 m²/Kg","0.0000000175671 m²/J","21.8209 °","8066.72","47.0713","671.338 m/s","3.02985 m²/Kg","0.0000000209986 m²/J","118481 m","92671.4 m","154.294 °","21.6002 °","2.5113 °","69.5232 Km","0.9879 s","43.8914 °","6.99849 °","43.798 °","6.21939 °","0.985469 AU","1.00001 km/s","1"
"5232","2017-08-13 23:59:23","6","Confirmed","Detected","Detected","0.984173","115.789 °","141.168 °","151.377 °","0.0391564 °","2017-08-12 13:28:07","60.1282 AU","-0.447538","0.000873267 AU","0.0138508","0.153624 °","0.00007335 °","0.226444 °","0.0518286 °","5445.24 s","67.1377 AU","0.160784 cm","0.240443 cm","0.0000137166 Kg","0.0000615368975253 Kg","0.0000000208017 cm","0.000000640989 cm","2.97037e-26 Kg","2.74589e-24 Kg","40.5718 MJ","82.7072 MJ","61524.3 m/s","0.22786 m²/Kg","0.00000000561623 m²/J","61641.1 m/s","0.460511 m²/Kg","0.00000000302035 m²/J","38.4867 °","1690.9","15.8605","208.138 m/s","0.340751 m²/Kg","0.00000000409782 m²/J","115469 m","76957.1 m","49.0845 °","56.8618 °","4.0524 °","61.9366 Km","1.073 s","45.5936 °","0.87418 °","45.2846 °","0.449454 °","0.951623 AU","1.00133 km/s","1"
"5221","2017-08-11 20:24:08","7","Confirmed","Not Detected","Detected","0.97768","111.529 °","139.103 °","151.956 °","0.0640253 °","2017-08-10 09:00:14","42.7679 AU","-0.32116","0.000487885 AU","0.0124161","0.24305 °","0.000143009 °","0.102818 °","0.0538864 °","2868.42 s","24.8012 AU","0.0665327 cm","0.0490278 cm","0.000000971897 Kg","0.00000214856448477 Kg","0.00000000183253 cm","0.0000000355531 cm","2.03081e-29 Kg","1.182e-27 Kg","35.2365 MJ","40.7958 MJ","60067.6 m/s","0.550652 m²/Kg","0.0000000156273 m²/J","60136.5 m/s","0.751689 m²/Kg","0.00000000783818 m²/J","20.1145 °","7394.71","17.4075","231.538 m/s","0.405774 m²/Kg","0.00000000910491 m²/J","110415 m","85778.3 m","44.7136 °","59.2417 °","1.97491 °","71.6571 Km","1.2029 s","43.9026 °","6.19367 °","43.3562 °","5.86453 °","0.954561 AU","20.8496 km/s","1"
"5216","2017-08-12 01:12:58","6","Confirmed","Detected","Detected","0.985771","111.556 °","139.298 °","149.125 °","0.0363658 °","2017-08-10 13:49:50","66.2091 AU","-0.313224","0.00128632 AU","0.0322189","0.328497 °","0.000145921 °","0.444565 °","0.125339 °","1880.26 s","83.6245 AU","0.033839 cm","0.0261597 cm","0.000000127869 Kg","0.000000296552457566 Kg","0.00000672842 cm","0.0000663878 cm","1.0052e-18 Kg","2.97543e-17 Kg","72.1524 MJ","90.3116 MJ","60144.8 m/s","1.08267 m²/Kg","0.0000000150053 m²/J","60391.3 m/s","1.66574 m²/Kg","0.00000000766468 m²/J","47.2175 °","6812.54","8.52303","485.009 m/s","0.836972 m²/Kg","0.00000000931067 m²/J","100124 m","84555.1 m","47.6722 °","58.8561 °","6.07939 °","21.221 Km","3.0455 s","44.2726 °","0.754091 °","44.182 °","0.628439 °","0.942071 AU","1.03508 km/s","1"
"5207","2017-08-14 21:56:02","6","Confirmed","Not Detected","Detected","0.968352","115.085 °","142.045 °","149.674 °","0.118787 °","2017-08-13 11:08:57","29.8504 AU","-0.332867","0.000871403 AU","0.0219498","0.333352 °","0.00019021 °","0.207517 °","0.125058 °","1783.06 s","51.8342 AU","665305000 cm","2.70583e18 cm","9.718e23 Kg","1.18570884727e34 Kg","0","","0","","0.000267844 MJ","1089330 MJ","61121.4 m/s","0.000000000055067 m²/Kg","0.000000000000205593 m²/J","61321.8 m/s","0.174084 m²/Kg","0.00000000289052 m²/J","24.0133 °","0.000000624921","2371110","367.507 m/s","0.22396 m²/Kg","0.00000000334089 m²/J","109518 m","79788.9 m","50.7685 °","57.7031 °","3.77951 °","72.8729 Km","1.19833 s","43.405 °","2.79757 °","42.9028 °","2.37427 °","0.944692 AU","61.1214 km/s","1"
"5206","2017-08-13 23:38:16","6","Confirmed","Not Detected","Detected","1.02105","114.131 °","141.154 °","150.805 °","0.0608597 °","2017-08-12 13:00:34","-45.0454 AU","-0.584637","0.000839961 AU","0.0285251","0.300236 °","0.000147907 °","0.276052 °","0.121625 °","961.552 s","103.536 AU","0.0352411 cm","0.0177357 cm","0.000000144431 Kg","0.000000218063154071 Kg","0.00411266 cm","0.0105769 cm","0.000000000229553 Kg","0.00000000177108 Kg","297.945 MJ","385.711 MJ","61358.6 m/s","1.03959 m²/Kg","0.00000000348921 m²/J","61365.8 m/s","1.03357 m²/Kg","0.00000000562429 m²/J","38.5225 °","7708.54","2.14814","427.272 m/s","0.523194 m²/Kg","0.00000000398328 m²/J","105186 m","80337.8 m","49.5721 °","58.0174 °","4.92415 °","39.9086 Km","0.6679 s","43.572 °","8.65921 °","43.3669 °","8.40347 °","0.948022 AU","55.2652 km/s","1"
"5200","2017-08-07 01:35:04","8","Confirmed","Not Detected","Detected","0.971087","111.935 °","134.52 °","147.776 °","0.111138 °","2017-08-05 14:09:33","32.4144 AU","-0.0565446","0.00712373 AU","0.431121","4.14424 °","0.00187132 °","5.24286 °","2.53896 °","81115.5 s","98.0937 AU","0.0881571 cm","1.34179 cm","0.00000226092 Kg","0.0001032368915 Kg","0.0852959 cm","2.06243 cm","0.00000204785 Kg","0.000148549 Kg","18583.3 MJ","6389560 MJ","60055.7 m/s","0.41558 m²/Kg","0.0000000000223631 m²/J","64323.3 m/s","5.44031 m²/Kg","0.00000000601973 m²/J","51.603 °","2448.86","0.0329939","6600.17 m/s","6.32532 m²/Kg","0.00000000791426 m²/J","109115 m","77095.7 m","41.985 °","57.269 °","9.31373 °","40.849 Km","3.50895 s","46.6477 °","0.573802 °","46.5041 °","0.322817 °","0.937184 AU","55.63 km/s","1"
"5182","2017-08-12 00:23:27","6","Confirmed","Detected","Detected","0.977328","110.389 °","139.265 °","152.346 °","0.0644699 °","2017-08-10 12:46:37","42.1727 AU","-0.313615","0.000933168 AU","0.0327737","0.334795 °","0.000159469 °","0.348154 °","0.141867 °","1250.57 s","82.0417 AU","0.028657 cm","0.0286726 cm","0.0000000776617 Kg","0.000000233111647927 Kg","0.00000157686 cm","0.0000222564 cm","1.29387e-20 Kg","5.47868e-19 Kg","61.86 MJ","95.8826 MJ","59739.9 m/s","1.27844 m²/Kg","0.0000000206667 m²/J","59993.3 m/s","2.21833 m²/Kg","0.0000000105023 m²/J","44.2089 °","8467.38","9.80772","499.681 m/s","1.27914 m²/Kg","0.000000013081 m²/J","107149 m","82786 m","45.0541 °","59.4237 °","4.41983 °","34.9327 Km","0.7482 s","43.9021 °","4.9564 °","43.7396 °","4.74757 °","0.956149 AU","26.9996 km/s","1"
"5177","2017-08-22 22:43:12","7","Confirmed","Detected","Detected","0.992667","117.633 °","149.776 °","156.817 °","0.00968078 °","2017-08-21 12:37:25","132.36 AU","-0.526315","0.000570776 AU","0.0283149","0.342621 °","0.000172247 °","0.16639 °","0.0571866 °","5179.16 s","466.403 AU","0.151172 cm","0.527671 cm","0.0000114006 Kg","0.000119382452433 Kg","0.102724 cm","3.74523 cm","0.00000357713 Kg","0.000391255 Kg","1709.63 MJ","152794 MJ","62334.2 m/s","0.242349 m²/Kg","0.000000000141755 m²/J","62588.4 m/s","0.840702 m²/Kg","0.0000000111851 m²/J","30.7842 °","2186.8","0.386368","426.662 m/s","0.84593 m²/Kg","0.0000000129316 m²/J","109019 m","86202.5 m","58.0657 °","57.7534 °","5.5039 °","44.5662 Km","0.8127 s","45.2014 °","2.94528 °","44.9309 °","2.65636 °","0.970648 AU","61.8387 km/s","1"
"5143","2017-08-11 21:49:26","6","Confirmed","Detected","Detected","0.973541","112.025 °","139.161 °","155.759 °","0.0699738 °","2017-08-10 10:32:50","36.6343 AU","-0.312301","0.00135202 AU","0.0108915","0.19647 °","0.0000823264 °","0.397114 °","0.0437973 °","2581.73 s","15.186 AU","0.19613 cm","0.116781 cm","0.0000248971 Kg","0.0000444730239422 Kg","0.189361 cm","1.72532 cm","0.0000224072 Kg","0.000612474 Kg","17589.9 MJ","4563500 MJ","60283.9 m/s","0.186796 m²/Kg","0.0000000000106195 m²/J","60304.8 m/s","0.191639 m²/Kg","0.00000000238458 m²/J","26.5141 °","1932.41","0.0351227","169.264 m/s","0.111223 m²/Kg","0.0000000027549 m²/J","110314 m","78128.6 m","42.4025 °","58.5087 °","7.37688 °","71.9644 Km","1.202 s","42.5448 °","5.77025 °","42.068 °","5.34693 °","0.9693 AU","58.3936 km/s","1"
"5142","2017-08-13 22:17:59","9","Confirmed","Not Detected","Detected","1.0241","114.475 °","141.099 °","150.675 °","0.0749075 °","2017-08-12 11:44:21","-39.3133 AU","-0.634472","0.00127756 AU","0.0246972","0.353662 °","0.00015766 °","0.31034 °","0.113168 °","7043.76 s","41.4876 AU","0.041099 cm","0.0257999 cm","0.000000229091 Kg","0.000000431435357699 Kg","0.000153053 cm","0.00118186 cm","0.0000000000000118314 Kg","0.000000000000274084 Kg","114.865 MJ","171.898 MJ","61473.8 m/s","0.891417 m²/Kg","0.00000000776057 m²/J","61521.8 m/s","1.01311 m²/Kg","0.00000000533675 m²/J","31.2653 °","7932.06","5.59296","376.097 m/s","0.559587 m²/Kg","0.00000000711582 m²/J","108273 m","82071.3 m","49.46 °","58.0145 °","8.98186 °","50.5606 Km","0.848608 s","47.341 °","6.03507 °","47.0321 °","5.70246 °","0.947362 AU","53.9011 km/s","1"
"5135","2017-08-07 00:58:04","6","Confirmed","Not Detected","Not detected","0.994401","114.578 °","134.494 °","153.381 °","0.00755495 °","2017-08-05 14:14:06","171.56 AU","-0.484093","0.00182956 AU","0.0469335","0.462712 °","0.000209246 °","0.597051 °","0.097943 °","7013.44 s","4319.24 AU","0.0905168 cm","0.108503 cm","0.00000244738 Kg","0.0000088010641028 Kg","0.00000852629 cm","0.000118683 cm","2.04547e-18 Kg","8.54171e-17 Kg","68.7177 MJ","112.85 MJ","61214.3 m/s","0.404747 m²/Kg","0.00000000588999 m²/J","61508.6 m/s","0.759383 m²/Kg","0.00000000314998 m²/J","47.7562 °","2524.95","9.27014","697.204 m/s","0.485172 m²/Kg","0.00000000328896 m²/J","104052 m","75788.6 m","39.0419 °","55.6156 °","8.78685 °","38.1803 Km","2.70123 s","47.4243 °","-0.455085 °","47.2836 °","-0.71848 °","0.960551 AU","9.59932 km/s","1"
"5129","2017-08-13 21:46:45","9","Confirmed","Not Detected","Detected","0.965167","114.116 °","141.078 °","150.08 °","0.135101 °","2017-08-12 10:49:58","27.1791 AU","-0.331199","0.0025703 AU","0.0173149","0.287126 °","0.000150487 °","0.589694 °","0.101015 °","8494.96 s","23.6114 AU","0.168437 cm","0.205261 cm","0.0000157697 Kg","0.0000576520296659 Kg","0.00000000000000266913 cm","0.000000000000135362 cm","0","9.80909e-45 Kg","19.7638 MJ","32.4054 MJ","60779.7 m/s","0.217508 m²/Kg","0.0000000110054 m²/J","60890.5 m/s","0.363939 m²/Kg","0.00000000519673 m²/J","24.3721 °","2434.19","31.7758","288.838 m/s","0.265061 m²/Kg","0.0000000067178 m²/J","107912 m","85627 m","49.0211 °","58.0533 °","10.5372 °","53.8108 Km","1.6072 s","44.8526 °","1.19131 °","44.4784 °","0.882838 °","0.946735 AU","1.01349 km/s","1"
"5106","2017-08-12 21:49:38","10","Confirmed","Not Detected","Not detected","0.988472","113.061 °","140.12 °","151.882 °","0.023794 °","2017-08-11 10:48:28","82.7326 AU","-0.409377","0.00103603 AU","0.0126599","0.188678 °","0.0000925493 °","0.24079 °","0.0392642 °","547.185 s","80.6422 AU","0.0614687 cm","0.0180756 cm","0.000000766437 Kg","0.000000676138730434 Kg","0.000244635 cm","0.000921257 cm","0.0000000000000483138 Kg","0.000000000000545826 Kg","113.357 MJ","82.1041 MJ","60705 m/s","0.596016 m²/Kg","0.00000000525789 m²/J","60720.2 m/s","0.63033 m²/Kg","0.00000000410183 m²/J","27.8584 °","5890.43","5.52652","201.466 m/s","0.175265 m²/Kg","0.00000000278807 m²/J","110326 m","80619.8 m","46.6413 °","58.4096 °","5.34615 °","63.4786 Km","1.054 s","44.3377 °","8.67179 °","43.9248 °","8.2867 °","0.953773 AU","54.9928 km/s","1"
"5105","2017-08-13 21:50:12","7","Confirmed","Not Detected","Not detected","0.981296","99.9841 °","141.082 °","294.195 °","359.409 °","2017-08-12 06:14:17","16.3403 AU","0.202138","0.00365895 AU","0.00739073","0.833585 °","0.000206707 °","0.74187 °","13.524 °","991.176 s","7.03483 AU","0.153227 cm","0.210445 cm","0.000011872 Kg","0.0000489154064233 Kg","0.0020412 cm","0.0171139 cm","0.0000000000280652 Kg","0.000000000705914 Kg","115.1 MJ","236.083 MJ","54072.1 m/s","0.239098 m²/Kg","0.00000000207731 m²/J","54270.7 m/s","0.40193 m²/Kg","0.0000000047133 m²/J","39.0442 °","1752.92","4.31839","456.517 m/s","0.328381 m²/Kg","0.00000000404832 m²/J","101728 m","78971.9 m","354.016 °","25.5727 °","8.59072 °","36.1152 Km","0.666 s","47.8085 °","5.04754 °","47.8245 °","4.67906 °","0.305634 AU","52.4865 km/s","1"
"5100","2017-08-19 22:54:55","6","Confirmed","Not Detected","Not detected","0.549719","38.7745 °","146.901 °","194.612 °","355.309 °","2017-08-16 05:01:07","2.22151 AU","3.19221","0.000134944 AU","0.00517571","0.129036 °","0.000114316 °","0.122926 °","0.122402 °","2262.14 s","0.0184681 AU","0.715574 cm","0.127201 cm","0.00120914 Kg","0.000644816107631 Kg","0.0900965 cm","0.0658376 cm","0.00000241344 Kg","0.00000529084 Kg","53.8636 MJ","23.9467 MJ","25623.6 m/s","0.0511986 m²/Kg","0.000000000950523 m²/J","25669.8 m/s","0.0552788 m²/Kg","0.000000000824701 m²/J","71.3216 °","249.591","2.0722","145.199 m/s","0.00910112 m²/Kg","0.00000000025969 m²/J","87802.6 m","48631.7 m","289.914 °","63.1599 °","2.72723 °","41.3488 Km","1.803 s","50.5856 °","3.39219 °","50.4924 °","3.5051 °","1.0003 AU","12.3671 km/s","1"
"5099","2017-08-13 23:31:27","6","Confirmed","Detected","Detected","1.0065","144.169 °","141.145 °","308.891 °","-0.230457 °","2017-08-12 12:12:42","-28.5926 AU","-0.624652","0.00473551 AU","0.00457569","0.972457 °","0.000250422 °","0.835676 °","52.5884 °","4769.96 s","19.5032 AU","0.11345 cm","0.0706036 cm","0.00000481873 Kg","0.00000899651717931 Kg","0.000825484 cm","0.0032058 cm","0.00000000000185627 Kg","0.0000000000216267 Kg","125.381 MJ","111.847 MJ","60257.7 m/s","0.322928 m²/Kg","0.00000000257558 m²/J","60315.2 m/s","0.389738 m²/Kg","0.0000000019573 m²/J","36.8237 °","2488.25","4.92315","324.879 m/s","0.200968 m²/Kg","0.00000000138808 m²/J","103070 m","74380.7 m","5.27923 °","13.8508 °","17.4277 °","47.8626 Km","0.8042 s","47.7652 °","0.500263 °","47.8938 °","0.0330603 °","0.185788 AU","52.3677 km/s","1"
"5094","2017-08-06 00:43:48","7","Confirmed","Not Detected","Not detected","0.974526","112.217 °","133.527 °","149.736 °","0.0853632 °","2017-08-04 13:23:52","37.139 AU","-0.360644","0.00106714 AU","0.0290744","0.307686 °","0.000132112 °","0.387002 °","0.148854 °","7935.88 s","80.8563 AU","0.438972 cm","4.86828 cm","0.000279142 Kg","0.00928720011755 Kg","1.79366e-43 cm","2.01673e-40 cm","0","0","6.31474 MJ","73.4135 MJ","60211.9 m/s","0.0834594 m²/Kg","0.0000000132166 m²/J","60495.9 m/s","0.851315 m²/Kg","0.00000000692651 m²/J","48.4156 °","515.298","97.6019","444.138 m/s","0.925578 m²/Kg","0.00000000917329 m²/J","111009 m","82159.3 m","39.3903 °","56.7985 °","5.24317 °","38.5475 Km","1.5176 s","48.3448 °","3.9574 °","48.2018 °","3.69441 °","0.946073 AU","1.00832 km/s","1"
"5092","2017-08-13 22:43:03","6","Confirmed","Not Detected","Not detected","0.933581","113.327 °","141.116 °","149.277 °","0.369478 °","2017-08-12 11:23:58","14.2186 AU","-0.143569","0.000717223 AU","0.0232157","0.300647 °","0.000149385 °","0.259206 °","0.198795 °","1173.89 s","7.13044 AU","0.108603 cm","0.184632 cm","0.00000422706 Kg","0.0000215587552016 Kg","0.000000000000249165 cm","0.0000000000145598 cm","5.10479e-41 Kg","8.94882e-39 Kg","23.0038 MJ","51.8228 MJ","60220.9 m/s","0.337342 m²/Kg","0.0000000146647 m²/J","60446.8 m/s","0.761967 m²/Kg","0.00000000721129 m²/J","33.9781 °","2787.59","26.8006","377.419 m/s","0.573503 m²/Kg","0.00000000983664 m²/J","108972 m","82744.3 m","49.3473 °","58.2391 °","3.70959 °","46.8602 Km","0.78951 s","48.5939 °","3.7338 °","48.3235 °","3.41393 °","0.944389 AU","1.00022 km/s","1"
"5070","2017-08-14 01:13:53","14","Confirmed","Detected","Detected","0.977647","115.03 °","141.218 °","153.544 °","0.0600992 °","2017-08-12 14:33:30","42.9734 AU","-0.372215","0.00111137 AU","0.0205378","0.199929 °","0.0000891848 °","0.335713 °","0.083858 °","2782.76 s","31.0375 AU","0.44012 cm","2.26735 cm","0.000281336 Kg","0.00434806112716 Kg","1.25599e-29 cm","4.46954e-27 cm","0","0","9.70482 MJ","53.3637 MJ","61254.6 m/s","0.0832418 m²/Kg","0.00000000857737 m²/J","61414.7 m/s","0.390251 m²/Kg","0.00000000431539 m²/J","47.6169 °","520.443","65.7263","300.402 m/s","0.428835 m²/Kg","0.00000000652059 m²/J","113584 m","88622.2 m","47.9081 °","57.1051 °","5.16424 °","33.7981 Km","1.617 s","44.0271 °","0.651778 °","43.8908 °","0.445584 °","0.960577 AU","1.17234 km/s","1"
"5066","2017-08-22 00:30:06","11","Confirmed","Not Detected","Detected","1.03494","173.771 °","328.912 °","342.311 °","0.0744716 °","2017-08-20 19:20:21","-28.2505 AU","-1.4083","0.00133043 AU","0.0328346","0.284808 °","0.00135652 °","0.456051 °","0.104076 °","2069.39 s","30.471 AU","0.0229603 cm","0.0125699 cm","0.0000000399438 Kg","0.0000000656032198929 Kg","0.00691958 cm","0.0317941 cm","0.00000000109334 Kg","0.000000015071 Kg","746.539 MJ","2858.34 MJ","72574.9 m/s","1.59564 m²/Kg","0.00000000213738 m²/J","72600.8 m/s","1.65562 m²/Kg","0.00000000809013 m²/J","20.6343 °","20910.7","1.19941","382.801 m/s","0.873553 m²/Kg","0.00000000820385 m²/J","114384 m","87527.7 m","62.9436 °","17.7284 °","9.99934 °","76.1556 Km","1.011 s","48.8238 °","6.92726 °","48.783 °","5.97423 °","0.987113 AU","68.0815 km/s","1"
"5057","2017-08-11 22:31:04","10","Confirmed","Detected","Detected","0.991438","114.503 °","139.188 °","158.586 °","0.0111385 °","2017-08-10 11:49:53","114.293 AU","-0.421986","0.00223395 AU","0.0640415","0.786722 °","0.000393077 °","0.692267 °","0.128207 °","2377.83 s","230.54 AU","0.0231786 cm","0.0350675 cm","0.0000000410939 Kg","0.000000186515976034 Kg","0.000209219 cm","0.000732267 cm","0.0000000000000302216 Kg","0.000000000000317327 Kg","135.598 MJ","92.7058 MJ","61277.8 m/s","1.58061 m²/Kg","0.0000000116565 m²/J","61185.4 m/s","1.34773 m²/Kg","0.00000000502613 m²/J","33.2963 °","13296.9","4.7076","991.962 m/s","2.39134 m²/Kg","0.0000000187452 m²/J","111639 m","84834 m","41.566 °","56.8907 °","14.7684 °","48.8008 Km","2.47734 s","46.6931 °","4.58993 °","46.4168 °","4.25254 °","0.978545 AU","1.00009 km/s","1"
"5055","2017-08-14 01:34:01","7","Confirmed","Detected","Detected","0.974305","112.842 °","141.232 °","152.532 °","0.0773231 °","2017-08-12 14:25:01","37.2307 AU","-0.325589","0.00148818 AU","0.038422","0.337637 °","0.000157819 °","0.513631 °","0.176315 °","5585.89 s","53.3171 AU","0.0192082 cm","0.0107866 cm","0.0000000233871 Kg","0.0000000393996971606 Kg","0.000102545 cm","0.000467357 cm","0.0000000000000035584 Kg","0.0000000000000486532 Kg","118.935 MJ","116.289 MJ","60505.8 m/s","1.90733 m²/Kg","0.0000000160367 m²/J","60717.6 m/s","2.52132 m²/Kg","0.00000000948844 m²/J","52.3222 °","11129.3","5.23279","565.987 m/s","1.07108 m²/Kg","0.00000000859668 m²/J","107021 m","81217.7 m","48.3753 °","58.3914 °","6.21932 °","32.5982 Km","0.57156 s","43.4446 °","5.45412 °","43.3219 °","5.27985 °","0.95666 AU","42.5413 km/s","1"
"5033","2017-08-12 20:38:14","15","Confirmed","Detected","Detected","0.996754","111.407 °","140.072 °","152.196 °","0.00349971 °","2017-08-11 09:22:26","294.167 AU","-0.423929","0.0012933 AU","0.01104","0.195558 °","0.0001084 °","0.314363 °","0.019297 °","4730.29 s","850.607 AU","0.128904 cm","0.0390828 cm","0.00000706834 Kg","0.00000642919558867 Kg","0.114698 cm","0.444416 cm","0.00000497946 Kg","0.0000578811 Kg","5281.03 MJ","179971 MJ","60227.9 m/s","0.284213 m²/Kg","0.0000000000538178 m²/J","60214 m/s","0.257916 m²/Kg","0.00000000160897 m²/J","22.5088 °","3428.6","0.116768","194.12 m/s","0.0861712 m²/Kg","0.00000000182792 m²/J","109251 m","76524.9 m","46.0984 °","59.6133 °","5.41012 °","85.4272 Km","1.404 s","44.7233 °","7.81586 °","44.0921 °","7.39406 °","0.954822 AU","55.6058 km/s","1"
"5029","2017-08-22 01:53:32","7","Confirmed","Not Detected","Not detected","0.882497","147.679 °","328.946 °","342.571 °","0.467273 °","2017-08-20 18:55:22","8.42287 AU","-0.39753","0.000860558 AU","0.0507132","0.193688 °","0.000266741 °","0.236362 °","0.307224 °","7085.95 s","3.53142 AU","0.0208166 cm","0.0117173 cm","0.0000000297676 Kg","0.0000000502671331987 Kg","0.00717172 cm","0.0497077 cm","0.00000000121726 Kg","0.0000000253108 Kg","747.285 MJ","4974.36 MJ","68441.1 m/s","1.75996 m²/Kg","0.00000000235514 m²/J","68518.4 m/s","1.72738 m²/Kg","0.0000000130419 m²/J","22.7671 °","21002.9","1.06561","596.033 m/s","0.990653 m²/Kg","0.0000000152983 m²/J","104774 m","89999 m","65.6628 °","3.05254 °","6.1152 °","38.1975 Km","0.578 s","45.2941 °","6.90155 °","45.4006 °","6.48543 °","0.989711 AU","65.6736 km/s","1"
"5025","2017-08-07 03:06:29","6","Confirmed","Not Detected","Detected","0.937904","113.488 °","134.581 °","149.956 °","0.325147 °","2017-08-05 15:49:04","15.2696 AU","-0.155698","0.00240437 AU","0.0300244","0.267244 °","0.000108406 °","0.669945 °","0.243727 °","425.729 s","249.839 AU","0.0941598 cm","0.127111 cm","0.00000275493 Kg","0.0000111570535158 Kg","0.0000000160178 cm","0.000000480795 cm","1.35621e-26 Kg","1.22125e-24 Kg","39.5455 MJ","79.8373 MJ","60214.7 m/s","0.389087 m²/Kg","0.00000000983897 m²/J","60340.8 m/s","0.696023 m²/Kg","0.00000000476504 m²/J","65.1624 °","1980.03","15.5868","443.288 m/s","0.525247 m²/Kg","0.00000000809869 m²/J","103861 m","78017.2 m","41.0762 °","56.0414 °","9.26858 °","28.4817 Km","0.6174 s","43.4755 °","5.22262 °","43.4037 °","5.11515 °","0.94818 AU","1.06864 km/s","1"
"5017","2017-08-04 21:12:34","9","Confirmed","Not Detected","Detected","0.540802","2.85541 °","312.356 °","61.1879 °","339.652 °","2017-07-29 04:35:20","1.80848 AU","3.86789","0.000604228 AU","0.000648804","0.0553328 °","0.00163871 °","0.132292 °","0.0921178 °","357.504 s","0.00360898 AU","7.5789 cm","0.762596 cm","1.43659 Kg","0.433653001036 Kg","7.43488 cm","6.52149 cm","1.35624 Kg","3.56887 Kg","2607.03 MJ","128891 MJ","17152.8 m/s","0.00483399 m²/Kg","0.00000000000185421 m²/J","17145.2 m/s","0.00454832 m²/Kg","0.0000000000754029 m²/J","23.5712 °","55.8265","0.0191855","19.5109 m/s","0.0004864 m²/Kg","0.0000000000915345 m²/J","84961.5 m","40158.4 m","296.27 °","-18.5386 °","5.78597 °","112.068 Km","6.71 s","44.0265 °","1.71069 °","44.8618 °","1.18784 °","0.830449 AU","13.9463 km/s","1"
"5010","2017-08-03 00:05:14","9","Confirmed","Not Detected","Detected","1.04541","114.083 °","130.63 °","155.152 °","0.159215 °","2017-08-01 13:34:06","-21.2905 AU","-0.757309","0.00135022 AU","0.0267756","0.299516 °","0.000130657 °","0.384169 °","0.137444 °","2330.46 s","17.85 AU","0.05995 cm","0.0358077 cm","0.00000071102 Kg","0.0000012740618854 Kg","0.0000198308 cm","0.000196394 cm","2.57356e-17 Kg","7.64616e-16 Kg","80.3977 MJ","104.991 MJ","61563.4 m/s","0.611115 m²/Kg","0.00000000760115 m²/J","61592.8 m/s","0.724116 m²/Kg","0.00000000350403 m²/J","41.0008 °","4301.75","8.01403","393.838 m/s","0.365015 m²/Kg","0.00000000642298 m²/J","103102 m","79141.3 m","33.139 °","54.8646 °","7.61881 °","36.5225 Km","1.7275 s","45.1 °","1.41393 °","44.9375 °","1.1563 °","0.966724 AU","1.00001 km/s","1"
"5008","2017-08-10 23:44:48","6","Confirmed","Detected","Detected","0.948958","114.074 °","138.279 °","152.002 °","0.222802 °","2017-08-09 12:40:55","18.7251 AU","-0.117505","0.0014092 AU","0.039672","0.517288 °","0.000208409 °","0.517032 °","0.266878 °","3012.61 s","10.0105 AU","0.287999 cm","0.581557 cm","0.0000788294 Kg","0.000477540275428 Kg","0.2123 cm","2.50885 cm","0.0000315763 Kg","0.00111946 Kg","2050.04 MJ","71875.3 MJ","60642.5 m/s","0.12721 m²/Kg","0.0000000000620525 m²/J","60904 m/s","0.288223 m²/Kg","0.00000000191592 m²/J","39.4006 °","925.548","0.30496","598.593 m/s","0.256875 m²/Kg","0.00000000223976 m²/J","103979 m","75034.9 m","44.159 °","56.8904 °","11.7501 °","45.5967 Km","0.906 s","45.3822 °","4.65676 °","45.1595 °","4.34596 °","0.955776 AU","58.9522 km/s","1"
"4970","2017-02-20 01:48:33","8","Confirmed","Detected","Detected","0.994109","124.723 °","331.377 °","246.433 °","359.971 °","2017-02-18 16:35:09","117.626 AU","-0.645556","0.00539072 AU","0.0183072","0.316795 °","0.000113071 °","1.0199 °","19.971 °","4630.65 s","244.431 AU","0.279045 cm","0.604372 cm","0.0000717027 Kg","0.000465894103086 Kg","5.06067e-16 cm","0.0000000000000440602 cm","0","0","20.4235 MJ","53.8624 MJ","63858.5 m/s","0.131292 m²/Kg","0.00000000642849 m²/J","64051.3 m/s","0.32467 m²/Kg","0.00000000334924 m²/J","42.555 °","896.548","33.9435","390.12 m/s","0.28436 m²/Kg","0.00000000409406 m²/J","107638 m","76948.5 m","223.04 °","12.7982 °","4.67625 °","45.38 Km","0.732 s","44.2008 °","4.49783 °","44.3423 °","4.13513 °","0.692954 AU","2.49226 km/s","1"
"4967","2017-02-04 18:13:13","7","Confirmed","Detected","Detected","0.599188","2.60917 °","135.925 °","342.996 °","0.776011 °","2017-01-25 13:59:13","2.4195 AU","3.24122","0.000149151 AU","0.0017923","0.0356491 °","0.000330468 °","0.0652356 °","0.0142626 °","2647.22 s","0.0107234 AU","3.17008 cm","0.319241 cm","0.105129 Kg","0.0317609620136 Kg","1.36516 cm","0.443243 cm","0.00839584 Kg","0.00817795 Kg","38.7844 MJ","19.5533 MJ","13863.9 m/s","0.0115569 m²/Kg","0.000000000297979 m²/J","13875.2 m/s","0.0118809 m²/Kg","0.000000000257273 m²/J","44.9221 °","75.5825","0.842484","59.9989 m/s","0.00116384 m²/Kg","0.000000000121792 m²/J","76169.9 m","34118.7 m","27.5164 °","6.62519 °","2.28355 °","59.5306 Km","4.808 s","44.9514 °","6.33813 °","45.2399 °","6.67835 °","0.969766 AU","6.67752 km/s","1"
"4964","2017-02-21 04:12:46","6","Confirmed","Detected","Detected","0.98837","161.916 °","152.49 °","36.1713 °","359.964 °","2017-02-19 22:42:49","76.8944 AU","-1.04672","0.00279361 AU","0.0190278","0.242826 °","0.000168968 °","0.717768 °","0.0912141 °","1225.62 s","7573.82 AU","0.13076 cm","0.105985 cm","0.00000737794 Kg","0.0000179401634039 Kg","0.0000000209897 cm","0.000000381369 cm","3.05163e-26 Kg","1.66338e-24 Kg","55.6874 MJ","65.5136 MJ","71587.9 m/s","0.280181 m²/Kg","0.00000000503131 m²/J","71608.9 m/s","0.330462 m²/Kg","0.00000000248834 m²/J","16.6284 °","4521.65","15.6448","258.825 m/s","0.227096 m²/Kg","0.00000000610064 m²/J","111239 m","82087.2 m","226.232 °","-27.3587 °","7.73124 °","101.872 Km","1.436 s","45.4242 °","7.95899 °","46.2874 °","7.87733 °","0.894304 AU","1.00009 km/s","1"
"4944","2016-08-09 22:33:58","6","Confirmed","Pending","Pending","0.978466","112.519 °","137.518 °","148.302 °","0.0699703 °","2016-08-08 11:20:18","43.6014 AU","-0.236012","0.000464161 AU","0.022328","0.286683 °","0.000144733 °","0.208095 °","0.110393 °","1484.31 s","18.0586 AU","0.161475 cm","0.158481 cm","0.0000138941 Kg","0.0000409094008282 Kg","0.0000000186409 cm","0.000000379166 cm","2.13754e-26 Kg","1.30436e-24 Kg","38.7791 MJ","51.6553 MJ","60365.4 m/s","0.226886 m²/Kg","0.00000000585072 m²/J","60291.1 m/s","0.304549 m²/Kg","0.00000000272682 m²/J","32.6905 °","1940.01","15.9745","363.13 m/s","0.222679 m²/Kg","0.00000000365625 m²/J","112267 m","77844.3 m","45.3465 °","58.0283 °","2.35511 °","63.7089 Km","1.0463 s","46.9741 °","6.02427 °","46.5987 °","5.60003 °","0.938924 AU","1.00262 km/s","1"
"4933","2016-08-05 22:15:51","6","Confirmed","Pending","Pending","0.995967","114.101 °","133.67 °","151.729 °","0.00494857 °","2016-08-04 11:26:05","236.519 AU","-0.491762","0.00331928 AU","0.0286836","0.43751 °","0.000191352 °","0.831243 °","0.0550506 °","2541.03 s","37692.5 AU","0.0551802 cm","0.0774774 cm","0.000000554451 Kg","0.00000233547950292 Kg","0.000000228527 cm","0.00000874245 cm","3.93846e-23 Kg","4.52005e-21 Kg","51.1468 MJ","163.717 MJ","61065.9 m/s","0.663941 m²/Kg","0.0000000129811 m²/J","61202.3 m/s","1.01691 m²/Kg","0.00000000636947 m²/J","30.7867 °","5990.52","12.3945","450.479 m/s","0.932226 m²/Kg","0.0000000252706 m²/J","107397 m","82506.3 m","38.4572 °","55.9665 °","16.4214 °","48.6506 Km","0.8085 s","47.8345 °","4.36899 °","47.5456 °","4.02555 °","0.953974 AU","1.02709 km/s","1"
"4928","2016-08-18 01:27:51","6","Confirmed","Pending","Pending","0.916479","164.253 °","325.327 °","340.476 °","0.316581 °","2016-08-16 19:28:38","11.7855 AU","-0.745667","0.000671324 AU","0.0223823","0.145342 °","0.000160508 °","0.225203 °","0.130034 °","1785.98 s","3.68112 AU","0.113519 cm","0.0777012 cm","0.00000482741 Kg","0.00000991280277436 Kg","0.0000000000000506823 cm","0.00000000000137278 cm","4.30199e-43 Kg","3.49105e-41 Kg","29.8844 MJ","29.191 MJ","70703.8 m/s","0.322735 m²/Kg","0.0000000107994 m²/J","70718 m/s","0.367769 m²/Kg","0.00000000569826 m²/J","25.1952 °","3501.16","28.4374","267.737 m/s","0.220906 m²/Kg","0.00000000598347 m²/J","109164 m","84388.8 m","60.7001 °","11.7726 °","4.78272 °","58.1134 Km","0.8366 s","46.2584 °","6.73734 °","46.3355 °","6.07452 °","0.98434 AU","1.01952 km/s","1"
"4902","2016-08-12 22:45:09","6","Confirmed","Pending","Pending","0.925407","108.294 °","140.404 °","142.968 °","0.547901 °","2016-08-11 10:18:54","12.2659 AU","-0.398033","0.00516221 AU","0.0670862","0.926547 °","0.000458619 °","1.27075 °","0.764316 °","2223.53 s","13999.5 AU","23166.3 cm","34551100000 cm","41028500000 Kg","1.83574039525e17 Kg","0","4.2039e-45 cm","0","0","4.41413 MJ","6459400 MJ","58400.1 m/s","0.00000158145 m²/Kg","0.00000000000035827 m²/J","59403.8 m/s","2.11973 m²/Kg","0.00000001144 m²/J","34.0753 °","0.0130353","131.351","1157.18 m/s","2.35863 m²/Kg","0.0000000154454 m²/J","106809 m","85010.1 m","52.0318 °","61.0514 °","16.7604 °","38.9346 Km","0.671 s","47.6866 °","4.03565 °","47.4502 °","3.79812 °","0.914958 AU","58.4001 km/s","1"
"4895","2016-08-16 01:59:56","9","Confirmed","Pending","Pending","0.981564","116.195 °","143.416 °","142.04 °","0.0686642 °","2016-08-14 15:23:48","49.1698 AU","-0.412307","0.001185 AU","0.0274042","0.264042 °","0.000108263 °","0.465145 °","0.155639 °","4224.25 s","71.4258 AU","0.0286099 cm","0.0163663 cm","0.0000000772796 Kg","0.000000132623082821 Kg","0.0000328718 cm","0.000213578 cm","1.17215e-16 Kg","0.00000000000000228474 Kg","94.7228 MJ","99.4153 MJ","61413.2 m/s","1.28055 m²/Kg","0.0000000135189 m²/J","61625.8 m/s","1.84809 m²/Kg","0.00000000778392 m²/J","54.1363 °","7297.29","6.7689","413.676 m/s","0.732535 m²/Kg","0.00000000710265 m²/J","109916 m","79928.4 m","58.6129 °","57.0701 °","4.74526 °","37.0044 Km","0.6106 s","48.091 °","4.98266 °","47.9746 °","4.75468 °","0.906477 AU","25.7803 km/s","1"
"4892","2016-08-11 23:23:03","8","Confirmed","Pending","Pending","0.970778","113.243 °","139.469 °","154.007 °","0.0881099 °","2016-08-10 12:20:06","32.9495 AU","-0.318751","0.0010587 AU","0.0280253","0.325503 °","0.000161601 °","0.319407 °","0.127935 °","10420.4 s","30.9384 AU","0.182305 cm","0.265604 cm","0.0000199945 Kg","0.0000873910824557 Kg","0.0000000582524 cm","0.00000160875 cm","6.52311e-25 Kg","5.40446e-23 Kg","41.7934 MJ","81.4426 MJ","60637.7 m/s","0.200962 m²/Kg","0.00000000480846 m²/J","60781.3 m/s","0.361959 m²/Kg","0.0000000024695 m²/J","35.7055 °","1590.22","14.9564","435.318 m/s","0.292785 m²/Kg","0.00000000349683 m²/J","110971 m","78902.3 m","44.4833 °","57.7856 °","5.07088 °","54.9254 Km","3.5398 s","44.313 °","2.45346 °","44.0143 °","2.09343 °","0.96286 AU","1 km/s","1"
"4881","2016-08-13 01:42:05","11","Confirmed","Pending","Pending","0.977546","113.882 °","140.523 °","151.897 °","0.064832 °","2016-08-11 14:46:44","42.4922 AU","-0.365116","0.00057743 AU","0.0331769","0.292015 °","0.000130612 °","0.351631 °","0.146269 °","1005.52 s","58.9991 AU","0.0658092 cm","0.0580305 cm","0.000000940535 Kg","0.00000248808720799 Kg","0.00000460779 cm","0.0000556032 cm","3.22843e-19 Kg","1.16874e-17 Kg","65.7898 MJ","89.4136 MJ","60846.8 m/s","0.556705 m²/Kg","0.00000000846188 m²/J","61043.8 m/s","0.879152 m²/Kg","0.00000000417311 m²/J","53.4847 °","3198.93","9.56677","488.763 m/s","0.490902 m²/Kg","0.00000000508563 m²/J","108639 m","78354.7 m","48.0181 °","57.6539 °","2.53124 °","37.6757 Km","0.6349 s","45.447 °","3.56924 °","45.3171 °","3.35586 °","0.954108 AU","3.44119 km/s","1"
"4865","2016-08-16 00:36:49","10","Confirmed","Pending","Pending","0.995289","112.171 °","143.36 °","150.22 °","0.00663134 °","2016-08-14 13:29:40","200.769 AU","-0.410755","0.00190811 AU","0.0293246","0.320266 °","0.000135366 °","0.528831 °","0.0646774 °","6310.84 s","482.497 AU","0.0699314 cm","0.0765715 cm","0.00000112858 Kg","0.00000370721131729 Kg","0.000000208425 cm","0.00000403452 cm","2.98786e-23 Kg","1.7351e-21 Kg","48.871 MJ","78.4228 MJ","60478.8 m/s","0.52389 m²/Kg","0.0000000107199 m²/J","60612 m/s","0.804174 m²/Kg","0.00000000508017 m²/J","45.106 °","3415.27","12.7234","439.737 m/s","0.573634 m²/Kg","0.00000000884148 m²/J","113881 m","79422.3 m","52.8783 °","59.6088 °","8.51813 °","48.7022 Km","0.8 s","47.6248 °","1.34108 °","47.4067 °","1.02641 °","0.945901 AU","1 km/s","1"
"4858","2016-08-02 00:44:41","6","Confirmed","Pending","Pending","0.984137","109.78 °","129.94 °","152.516 °","0.0373994 °","2016-07-31 13:03:08","60.3966 AU","-0.348965","0.000833169 AU","0.0320097","0.338729 °","0.000147689 °","0.333983 °","0.114633 °","9065.25 s","207.827 AU","0.031747 cm","0.0269099 cm","0.00000010559 Kg","0.000000268505809667 Kg","0.000000340153 cm","0.00000473803 cm","1.29878e-22 Kg","5.42726e-21 Kg","52.6823 MJ","68.085 MJ","59551.9 m/s","1.15401 m²/Kg","0.000000021905 m²/J","59689.8 m/s","1.65273 m²/Kg","0.0000000108263 m²/J","48.7203 °","7091.76","11.4439","484.859 m/s","0.978178 m²/Kg","0.0000000145324 m²/J","107562 m","83415.2 m","32.598 °","56.9297 °","5.55797 °","32.1304 Km","0.5462 s","44.553 °","5.68567 °","44.4284 °","5.48913 °","0.958082 AU","1.00003 km/s","1"
"4856","2016-08-09 23:02:33","6","Confirmed","Pending","Pending","0.988347","113.079 °","137.537 °","145.699 °","0.0304974 °","2016-08-08 11:57:33","79.473 AU","-0.390817","0.00250131 AU","0.0254815","0.329048 °","0.000150542 °","0.547136 °","0.101625 °","232.699 s","132.72 AU","0.0426577 cm","0.0532417 cm","0.000000256158 Kg","0.000000959141706345 Kg","0.00000109672 cm","0.0000203193 cm","4.35314e-21 Kg","2.41956e-19 Kg","59.0479 MJ","110.039 MJ","60588.1 m/s","0.858845 m²/Kg","0.0000000145449 m²/J","60668.3 m/s","1.22728 m²/Kg","0.00000000755372 m²/J","35.5778 °","6817.23","10.5686","403.483 m/s","1.07194 m²/Kg","0.000000014597 m²/J","105702 m","82311 m","47.3242 °","57.7762 °","10.1487 °","40.2122 Km","0.6699 s","48.4662 °","4.99881 °","48.2453 °","4.71712 °","0.926077 AU","1.00153 km/s","1"
"4840","2016-08-13 00:04:35","13","Confirmed","Pending","Pending","0.94269","113.609 °","140.457 °","150.986 °","0.276581 °","2016-08-11 12:54:04","16.602 AU","-0.153556","0.00167183 AU","0.0296521","0.325853 °","0.000144405 °","0.476108 °","0.220065 °","1187.53 s","16.3815 AU","0.229924 cm","0.377859 cm","0.0000401115 Kg","0.000197758472313 Kg","0.00000000000950043 cm","0.000000000459141 cm","2.82972e-36 Kg","4.10268e-34 Kg","25.9629 MJ","54.3768 MJ","60428.1 m/s","0.159341 m²/Kg","0.00000000613726 m²/J","60684.9 m/s","0.300722 m²/Kg","0.00000000282902 m²/J","43.6246 °","1066.58","23.9097","455.445 m/s","0.261862 m²/Kg","0.00000000580764 m²/J","106047 m","76777.9 m","47.7838 °","57.7575 °","7.6742 °","42.4525 Km","0.7041 s","48.2572 °","4.77274 °","48.0694 °","4.47721 °","0.951468 AU","1.00019 km/s","1"
"4836","2016-08-10 01:42:01","7","Confirmed","Pending","Pending","0.959149","111.35 °","137.644 °","155.838 °","0.134176 °","2016-08-08 14:11:09","23.7495 AU","-0.221508","0.00132273 AU","0.0187161","0.211466 °","0.0000700907 °","0.395912 °","0.0940879 °","4977.18 s","28.73 AU","0.0909769 cm","0.103243 cm","0.00000248489 Kg","0.00000845975046684 Kg","0.00000314531 cm","0.0000610053 cm","1.02685e-19 Kg","5.9749e-18 Kg","59.3615 MJ","118.869 MJ","59891.5 m/s","0.402699 m²/Kg","0.00000000678384 m²/J","59963 m/s","0.687443 m²/Kg","0.00000000348173 m²/J","56.3651 °","2233.71","10.2724","267.08 m/s","0.456993 m²/Kg","0.00000000616524 m²/J","121839 m","82447.5 m","41.003 °","58.0427 °","7.53792 °","47.2863 Km","3.11228 s","44.6523 °","6.0066 °","44.4968 °","5.76624 °","0.970198 AU","1.28942 km/s","1"
"4833","2016-08-12 00:26:17","6","Confirmed","Pending","Pending","1.00537","113.841 °","139.512 °","154.305 °","0.00679934 °","2016-08-10 13:39:33","-179.242 AU","-0.582702","0.00132041 AU","0.0297097","0.299094 °","0.000137839 °","0.406663 °","0.0545827 °","1933.41 s","68.3197 AU","0.0788144 cm","0.109023 cm","0.00000161559 Kg","0.00000670447062492 Kg","0.00000141445 cm","0.0000290245 cm","9.3384e-21 Kg","5.74873e-19 Kg","58.1689 MJ","117.209 MJ","61149.6 m/s","0.464844 m²/Kg","0.00000000799128 m²/J","61381.6 m/s","0.893914 m²/Kg","0.00000000500318 m²/J","43.5585 °","3115.31","10.9281","442.961 m/s","0.643013 m²/Kg","0.00000000538385 m²/J","108187 m","78018 m","44.9762 °","57.5466 °","6.14667 °","43.7726 Km","0.7337 s","46.5214 °","0.0758579 °","46.3271 °","-0.218111 °","0.963108 AU","4.35701 km/s","1"
"4822","2016-08-12 22:55:34","8","Confirmed","Pending","Pending","0.981567","112.502 °","140.411 °","152.694 °","0.0465715 °","2016-08-11 11:43:44","51.9307 AU","-0.360195","0.000904237 AU","0.0286068","0.350978 °","0.000164994 °","0.303126 °","0.109819 °","3579.38 s","64.6728 AU","0.113574 cm","0.147402 cm","0.00000483449 Kg","0.0000188232811343 Kg","0.000000457046 cm","0.00000825742 cm","3.15061e-22 Kg","1.70766e-20 Kg","50.0435 MJ","77.9616 MJ","60473.6 m/s","0.322577 m²/Kg","0.00000000644593 m²/J","60599.6 m/s","0.508258 m²/Kg","0.00000000319218 m²/J","36.0328 °","2532.48","12.4232","450.042 m/s","0.418656 m²/Kg","0.00000000448813 m²/J","110263 m","77802.5 m","46.601 °","58.6807 °","5.10256 °","55.2023 Km","0.9344 s","48.519 °","2.90715 °","48.2132 °","2.53035 °","0.95725 AU","1.15171 km/s","1"
"4821","2016-08-24 19:52:13","8","Confirmed","Pending","Pending","0.989616","120.533 °","151.829 °","159.437 °","0.0142529 °","2016-08-23 10:16:17","94.2566 AU","-0.566726","0.00132319 AU","0.0242147","0.415308 °","0.000245686 °","0.427866 °","0.0507755 °","3485.43 s","206.491 AU","0.136957 cm","0.11517 cm","0.00000847744 Kg","0.0000213866526793 Kg","0.0963681 cm","0.662708 cm","0.00000295334 Kg","0.0000609289 Kg","1927.81 MJ","36449.6 MJ","63134.2 m/s","0.267503 m²/Kg","0.00000000013876 m²/J","63258.7 m/s","0.339668 m²/Kg","0.00000000237327 m²/J","19.3351 °","3731.23","0.351491","408.324 m/s","0.22495 m²/Kg","0.00000000265104 m²/J","111129 m","80339 m","59.71 °","56.7171 °","7.4906 °","92.2446 Km","1.445 s","48.7768 °","5.32537 °","48.0543 °","4.92352 °","0.978803 AU","60.3081 km/s","1"
"4807","2016-08-11 23:19:26","10","Confirmed","Pending","Pending","0.99729","113.447 °","139.467 °","154.443 °","0.00242448 °","2016-08-10 12:24:06","355.66 AU","-0.469118","0.000907779 AU","0.0202805","0.235349 °","0.000105837 °","0.27265 °","0.0286623 °","5717.63 s","2057.7 AU","0.11299 cm","0.0708293 cm","0.00000476031 Kg","0.00000895218667609 Kg","0.111282 cm","0.476056 cm","0.00000454764 Kg","0.0000583635 Kg","41443 MJ","11433700 MJ","60942 m/s","0.324244 m²/Kg","0.00000000000782386 m²/J","60995.6 m/s","0.34205 m²/Kg","0.00000000186348 m²/J","38.0451 °","2429.77","0.0152346","307.865 m/s","0.203257 m²/Kg","0.00000000215876 m²/J","159919 m","75927.8 m","44.5426 °","57.807 °","5.06482 °","135.725 Km","1.93 s","48.0258 °","3.44193 °","47.3327 °","2.49816 °","0.963845 AU","56.2506 km/s","1"
"4801","2016-08-13 23:28:27","7","Confirmed","Pending","Pending","0.965056","116.402 °","141.393 °","148.635 °","0.143516 °","2016-08-12 12:53:57","26.9088 AU","-0.336896","0.000490697 AU","0.0249794","0.293709 °","0.000136381 °","0.268549 °","0.156022 °","4978.95 s","18.7728 AU","0.0647154 cm","0.0406634 cm","0.000000894409 Kg","0.00000168598596117 Kg","0.0617441 cm","0.366308 cm","0.000000776784 Kg","0.0000138252 Kg","13665.2 MJ","1705600 MJ","61465.8 m/s","0.566115 m²/Kg","0.0000000000414275 m²/J","61525.1 m/s","0.612621 m²/Kg","0.00000000439267 m²/J","37.5324 °","4291.52","0.0470002","386.184 m/s","0.355715 m²/Kg","0.00000000517213 m²/J","108887 m","79971.1 m","50.971 °","56.5984 °","4.16598 °","47.4543 Km","0.794 s","49.0318 °","3.30374 °","48.7911 °","2.95361 °","0.940293 AU","58.2584 km/s","1"
"4799","2016-08-12 00:42:09","10","Confirmed","Pending","Pending","1.05865","115.425 °","139.523 °","156.206 °","0.22181 °","2016-08-10 14:29:52","-16.5212 AU","-0.839257","0.000823195 AU","0.0255839","0.350264 °","0.0000985478 °","0.277693 °","0.14016 °","7443.13 s","13.5331 AU","0.0320742 cm","0.00858719 cm","0.000000108888 Kg","0.0000000874575869078 Kg","0.0314405 cm","0.0609889 cm","0.000000102561 Kg","0.000000596851 Kg","32930.9 MJ","3436130 MJ","62171 m/s","1.14224 m²/Kg","0.0000000000346859 m²/J","62118.3 m/s","0.999256 m²/Kg","0.00000000306002 m²/J","47.0804 °","7203.35","0.0199536","340.68 m/s","0.30581 m²/Kg","0.0000000036139 m²/J","103414 m","84029.1 m","44.5815 °","56.7254 °","10.7323 °","26.4703 Km","13.9616 s","44.9806 °","4.92364 °","44.8747 °","4.75512 °","0.969047 AU","51.9283 km/s","1"
"4774","2016-08-12 23:41:45","15","Confirmed","Pending","Pending","0.968372","115.305 °","140.442 °","154.652 °","0.0965322 °","2016-08-11 13:00:56","30.5169 AU","-0.348322","0.00116653 AU","0.018706","0.231388 °","0.0000950277 °","0.336984 °","0.0857524 °","5162.59 s","16.6405 AU","0.114924 cm","0.125603 cm","0.00000500896 Kg","0.0000164232263037 Kg","0.00000000206398 cm","0.0000000626627 cm","2.90154e-29 Kg","2.64274e-27 Kg","35.7842 MJ","63.1595 MJ","61271.6 m/s","0.318787 m²/Kg","0.00000000890862 m²/J","61345 m/s","0.505853 m²/Kg","0.00000000424298 m²/J","39.3294 °","2322.94","17.8351","277.669 m/s","0.34841 m²/Kg","0.00000000760972 m²/J","110452 m","79363.5 m","45.8936 °","56.7648 °","6.6585 °","49.0884 Km","0.7915 s","46.3034 °","3.52686 °","46.0646 °","3.18508 °","0.965183 AU","1.06861 km/s","1"
"4768","2016-08-14 03:05:57","8","Confirmed","Pending","Pending","0.987377","113.923 °","141.539 °","150.337 °","0.0290265 °","2016-08-12 16:16:08","75.0204 AU","-0.422746","0.00217188 AU","0.0549744","0.649201 °","0.000184166 °","0.752352 °","0.189666 °","16757.1 s","445.248 AU","0.0467937 cm","0.054456 cm","0.000000338125 Kg","0.00000118047370915 Kg","0.00000296303 cm","0.0000423251 cm","8.58464e-20 Kg","3.67879e-18 Kg","65.1933 MJ","104.9 MJ","60887.7 m/s","0.782933 m²/Kg","0.0000000120094 m²/J","61167.6 m/s","1.30431 m²/Kg","0.00000000582047 m²/J","65.6355 °","3969.25","9.66729","764.563 m/s","0.911134 m²/Kg","0.00000000764083 m²/J","109589 m","78786.5 m","50.9131 °","57.9893 °","20.4131 °","33.8117 Km","0.539 s","47.5811 °","4.76055 °","47.5028 °","4.61932 °","0.946998 AU","1 km/s","1"
"4747","2016-08-18 00:15:12","7","Confirmed","Pending","Pending","0.678414","56.6984 °","145.271 °","185.626 °","358.742 °","2016-08-15 09:21:52","3.14143 AU","2.27464","0.000644639 AU","0.0775473","1.43321 °","0.000810479 °","1.11137 °","0.611015 °","9796.53 s","0.761864 AU","54.1857 cm","18895.1 cm","525.011 Kg","549229.987037 Kg","0","","0","","0.472803 MJ","164.915 MJ","34892.4 m/s","0.000676126 m²/Kg","0.00000000143004 m²/J","36174.8 m/s","0.200243 m²/Kg","0.00000000121573 m²/J","59.6953 °","3.61669","437.754","1701.97 m/s","0.235772 m²/Kg","0.00000000084222 m²/J","82376.9 m","58794.2 m","312.737 °","73.6322 °","2.51792 °","27.3276 Km","1.8094 s","45.4082 °","6.13562 °","45.2885 °","6.17507 °","1.01024 AU","1.06812 km/s","1"
"4728","2016-08-12 02:07:27","7","Confirmed","Pending","Pending","1.00705","112.782 °","139.58 °","151.618 °","0.0114534 °","2016-08-10 15:10:55","-135.054 AU","-0.493358","0.00134012 AU","0.0473004","0.413388 °","0.000176342 °","0.56466 °","0.112362 °","4840.32 s","2709.45 AU","0.0335138 cm","0.0261876 cm","0.000000124219 Kg","0.000000291192473753 Kg","0.0000213632 cm","0.000179522 cm","3.21745e-17 Kg","8.1112e-16 Kg","85.2896 MJ","107.202 MJ","60758.2 m/s","1.09317 m²/Kg","0.0000000128172 m²/J","61031.6 m/s","1.69289 m²/Kg","0.00000000674792 m²/J","56.9393 °","6023.77","7.35805","685.808 m/s","0.854201 m²/Kg","0.00000000720785 m²/J","101167 m","79209.8 m","47.1303 °","58.1988 °","6.90044 °","26.2035 Km","13.9859 s","44.3797 °","5.02927 °","44.2936 °","4.89937 °","0.95221 AU","20.1909 km/s","1"
"4720","2016-08-12 00:30:12","12","Confirmed","Pending","Pending","0.94153","113.494 °","139.515 °","152.251 °","0.270794 °","2016-08-10 13:16:49","16.3643 AU","-0.15915","0.00347761 AU","0.0694404","0.781322 °","0.000321576 °","1.06678 °","0.497447 °","10074.7 s","140.134 AU","0.125296 cm","0.725798 cm","0.00000649127 Kg","0.00011280500321 Kg","0.123622 cm","2.31496 cm","0.00000623442 Kg","0.00035024 Kg","46089.8 MJ","48573200 MJ","60402.7 m/s","0.292398 m²/Kg","0.00000000000634408 m²/J","61079.7 m/s","1.62243 m²/Kg","0.0000000055808 m²/J","44.6856 °","1920.25","0.0134573","1043.63 m/s","1.69376 m²/Kg","0.0000000067119 m²/J","103830 m","89062.7 m","45.7118 °","57.4573 °","22.6206 °","21.0039 Km","3.981 s","44.8553 °","4.19672 °","44.764 °","4.06208 °","0.956827 AU","58.6275 km/s","1"
"4708","2016-08-14 00:27:24","6","Confirmed","Pending","Pending","0.89939","112.518 °","141.433 °","146.589 °","0.765689 °","2016-08-12 12:46:47","9.28052 AU","0.113432","0.00168765 AU","0.118679","1.30289 °","0.000635212 °","1.45564 °","1.40888 °","23783 s","10.7353 AU","606951 cm","57570500000000 cm","737861000000000 Kg","2.0996275182e23 Kg","0.00000000000845348 cm","0.0288973 cm","1.99352e-36 Kg","2.04439e-26 Kg","15.5578 MJ","1408180000 MJ","59598.6 m/s","0.0000000603613 m²/Kg","0.00000000000000387982 m²/J","61187.7 m/s","4.86349 m²/Kg","0.0000000217803 m²/J","41.0808 °","0.000424214","38.8126","1897.82 m/s","5.7254 m²/Kg","0.0000000280493 m²/J","107107 m","87708.3 m","51.2236 °","58.4672 °","5.43464 °","29.5217 Km","0.913 s","44.8982 °","0.602982 °","44.7545 °","0.41319 °","0.933716 AU","59.5986 km/s","1"
"4706","2016-08-11 23:50:35","9","Confirmed","Pending","Pending","0.954105","113.116 °","139.488 °","149.496 °","0.209439 °","2016-08-10 12:38:08","20.5878 AU","-0.219908","0.00124554 AU","0.0272468","0.337644 °","0.000142704 °","0.360221 °","0.189381 °","524.895 s","20.5022 AU","0.119916 cm","0.12393 cm","0.00000569039 Kg","0.0000176426478776 Kg","0.000000393241 cm","0.00000771243 cm","2.00673e-22 Kg","1.18071e-20 Kg","49.0522 MJ","80.4411 MJ","60362.9 m/s","0.305518 m²/Kg","0.00000000622842 m²/J","60465.4 m/s","0.438753 m²/Kg","0.00000000300997 m²/J","39.1722 °","2233.73","12.6279","415.97 m/s","0.315745 m²/Kg","0.00000000466687 m²/J","107461 m","79784.2 m","47.3075 °","57.8929 °","8.11672 °","43.8105 Km","3.5495 s","44.8423 °","4.60368 °","44.6219 °","4.31572 °","0.944871 AU","1.01631 km/s","1"
"4696","2016-08-11 23:26:46","8","Confirmed","Pending","Pending","0.987327","113.313 °","139.472 °","153.578 °","0.0255382 °","2016-08-10 12:28:52","75.8097 AU","-0.410612","0.00205808 AU","0.0217518","0.282062 °","0.00011491 °","0.509448 °","0.0655501 °","1943.45 s","118.502 AU","0.0741311 cm","0.047698 cm","0.00000134436 Kg","0.00000259499710766 Kg","0.0731191 cm","0.528048 cm","0.00000129005 Kg","0.0000279493 Kg","45722.8 MJ","24340800 MJ","60803.7 m/s","0.49421 m²/Kg","0.0000000000108088 m²/J","60805 m/s","0.453765 m²/Kg","0.00000000490082 m²/J","37.4682 °","3751.91","0.013746","324.207 m/s","0.317988 m²/Kg","0.00000000575283 m²/J","107753 m","80638.1 m","44.9582 °","57.8706 °","10.6639 °","44.581 Km","0.7112 s","46.6734 °","1.7648 °","46.4401 °","1.46069 °","0.960764 AU","58.4742 km/s","1"
"4691","2016-08-07 21:12:14","6","Confirmed","Pending","Pending","0.984442","111.957 °","135.545 °","150.989 °","0.0387021 °","2016-08-06 09:57:08","61.121 AU","-0.366137","0.00119592 AU","0.0105433","0.219569 °","0.000102108 °","0.298291 °","0.0386578 °","3564.98 s","41.3186 AU","0.231253 cm","0.175983 cm","0.0000408109 Kg","0.0000931708780316 Kg","0.0300425 cm","0.432143 cm","0.000000089479 Kg","0.0000038613 Kg","302.44 MJ","2144.02 MJ","60256.8 m/s","0.158425 m²/Kg","0.000000000523824 m²/J","60294.1 m/s","0.177325 m²/Kg","0.00000000354838 m²/J","21.492 °","1996.99","2.0409","176.429 m/s","0.120561 m²/Kg","0.00000000368021 m²/J","106974 m","81591.7 m","40.6635 °","57.9654 °","6.04898 °","69.1669 Km","1.148 s","44.0622 °","1.05271 °","43.557 °","0.686304 °","0.950921 AU","59.1296 km/s","1"
"4690","2016-08-13 02:23:25","6","Confirmed","Pending","Pending","1.00667","111.403 °","140.551 °","153.698 °","0.00965148 °","2016-08-11 15:11:28","-143.959 AU","-0.481455","0.00191911 AU","0.028762","0.391339 °","0.0000973466 °","0.60203 °","0.0602708 °","8172.1 s","590.128 AU","0.0579769 cm","0.0227048 cm","0.0000006431 Kg","0.000000755547654191 Kg","0.00227988 cm","0.00496551 cm","0.0000000000391066 Kg","0.000000000255519 Kg","191.199 MJ","145.063 MJ","60327.8 m/s","0.631913 m²/Kg","0.000000003305 m²/J","60381.9 m/s","0.695698 m²/Kg","0.00000000243238 m²/J","60.4374 °","3355.08","3.23592","384.251 m/s","0.247468 m²/Kg","0.00000000181927 m²/J","106525 m","73270.7 m","47.0312 °","59.1929 °","13.8274 °","38.2283 Km","1.649 s","43.5011 °","8.32893 °","43.379 °","8.17186 °","0.960522 AU","47.1122 km/s","1"
"4688","2016-08-06 20:51:08","6","Confirmed","Pending","Pending","0.968994","111.148 °","134.572 °","154.383 °","0.0946464 °","2016-08-05 09:21:03","31.1271 AU","-0.272135","0.000603988 AU","0.0160016","0.298986 °","0.000152136 °","0.165094 °","0.0740256 °","1589.65 s","404.744 AU","0.0518058 cm","0.0223076 cm","0.000000458828 Kg","0.000000592714226921 Kg","0.000186614 cm","0.00077382 cm","0.000000000000021446 Kg","0.000000000000266786 Kg","108.38 MJ","87.036 MJ","59890.6 m/s","0.707186 m²/Kg","0.00000000652506 m²/J","59914.2 m/s","0.779871 m²/Kg","0.00000000481841 m²/J","23.2532 °","8272.44","5.62622","279.835 m/s","0.304515 m²/Kg","0.00000000335592 m²/J","107663 m","82635.4 m","36.9316 °","57.876 °","4.74238 °","63.4009 Km","1.07708 s","45.7247 °","4.47134 °","45.2708 °","4.12105 °","0.965136 AU","53.7809 km/s","1"
"4683","2016-08-06 22:42:59","7","Confirmed","Pending","Pending","0.982364","112.318 °","134.647 °","153.128 °","0.0427828 °","2016-08-05 11:30:55","54.4283 AU","-0.368356","0.00121817 AU","0.0148554","0.213121 °","0.00010691 °","0.320764 °","0.0547265 °","12.8004 s","47.8122 AU","0.268558 cm","0.393294 cm","0.0000639189 Kg","0.000280820759456 Kg","0.0150204 cm","0.0973761 cm","0.000000011183 Kg","0.000000217495 Kg","215.161 MJ","492.738 MJ","60412.9 m/s","0.136419 m²/Kg","0.00000000063403 m²/J","60498.2 m/s","0.250939 m²/Kg","0.00000000173746 m²/J","28.9377 °","1302.05","2.88366","241.051 m/s","0.19978 m²/Kg","0.00000000156559 m²/J","110991 m","75687.3 m","38.2859 °","57.1274 °","5.32627 °","73.0039 Km","1.194 s","43.1811 °","-0.829482 °","42.7289 °","-1.29494 °","0.959924 AU","58.1986 km/s","1"
"4679","2016-08-05 21:54:10","7","Confirmed","Pending","Pending","0.977623","112.073 °","133.656 °","150.434 °","0.0683431 °","2016-08-04 10:33:12","42.4128 AU","-0.360756","0.00401732 AU","0.0329653","0.46534 °","0.000235469 °","0.922486 °","0.155704 °","11432.8 s","107.406 AU","0.191971 cm","0.622995 cm","0.0000233463 Kg","0.00022729482901 Kg","7.8823e-20 cm","1.20696e-17 cm","0","0","14.5666 MJ","54.0199 MJ","60230.1 m/s","0.190844 m²/Kg","0.0000000131014 m²/J","60577.2 m/s","0.659961 m²/Kg","0.00000000610242 m²/J","29.9772 °","1763.92","42.3367","544.475 m/s","0.619338 m²/Kg","0.00000000799556 m²/J","104277 m","82930.8 m","38.6276 °","57.1316 °","18.4364 °","42.717 Km","0.7263 s","46.4734 °","8.79109 °","46.2106 °","8.50758 °","0.94906 AU","1.00064 km/s","1"
"4661","2016-08-11 21:39:49","8","Confirmed","Pending","Pending","0.978782","112.784 °","139.4 °","153.24 °","0.0562404 °","2016-08-10 10:32:47","45.2303 AU","-0.352593","0.00106171 AU","0.0124529","0.181889 °","0.0000954752 °","0.262941 °","0.0500434 °","1222.44 s","31.745 AU","0.120123 cm","0.0481308 cm","0.00000571995 Kg","0.00000687558980114 Kg","0.000233306 cm","0.0010905 cm","0.0000000000000419076 Kg","0.000000000000587644 Kg","99.7857 MJ","80.156 MJ","60539.4 m/s","0.304991 m²/Kg","0.00000000305646 m²/J","60565.3 m/s","0.351447 m²/Kg","0.0000000019189 m²/J","26.9255 °","3110.44","6.24392","205.716 m/s","0.122203 m²/Kg","0.00000000162031 m²/J","113843 m","75949 m","44.6421 °","58.3105 °","4.77942 °","83.4463 Km","1.4032 s","44.7916 °","7.00436 °","44.2384 °","6.50321 °","0.95968 AU","50.9231 km/s","1"
"4656","2016-08-12 00:39:01","9","Confirmed","Pending","Pending","0.982579","113.474 °","139.521 °","153.953 °","0.0405378 °","2016-08-10 13:40:52","55.2391 AU","-0.380951","0.00144204 AU","0.0493117","0.485428 °","0.000211202 °","0.535796 °","0.174347 °","2242.64 s","83.9192 AU","0.0238527 cm","0.0269952 cm","0.0000000447843 Kg","0.000000152053511455 Kg","0.00000608364 cm","0.000118951 cm","7.43026e-19 Kg","4.35841e-17 Kg","75.9513 MJ","189.377 MJ","60799.8 m/s","1.53594 m²/Kg","0.0000000202227 m²/J","60954.7 m/s","2.10982 m²/Kg","0.00000000996009 m²/J","48.2395 °","9509.26","8.27405","728.457 m/s","1.7383 m²/Kg","0.0000000324922 m²/J","143966 m","84464.4 m","45.1128 °","57.6174 °","8.94351 °","79.7742 Km","3.981 s","46.5555 °","6.30935 °","46.2437 °","5.80167 °","0.962334 AU","1 km/s","1"
"4654","2016-08-06 23:07:04","8","Confirmed","Pending","Pending","1.01036","113.323 °","134.663 °","155.239 °","0.0174221 °","2016-08-05 12:16:53","-93.3699 AU","-0.539847","0.0036019 AU","0.0378901","0.434235 °","0.000209686 °","0.97136 °","0.0949438 °","10784.7 s","489.495 AU","0.0233069 cm","0.00929085 cm","0.0000000417801 Kg","0.000000049964435116 Kg","0.0225271 cm","0.0608197 cm","0.0000000377251 Kg","0.000000305556 Kg","18600.5 MJ","1552200 MJ","61020.7 m/s","1.57191 m²/Kg","0.0000000000845091 m²/J","60944.7 m/s","1.32903 m²/Kg","0.00000000601807 m²/J","37.5732 °","11905","0.0340314","582.003 m/s","0.62661 m²/Kg","0.00000000703842 m²/J","106952 m","81446.8 m","37.6633 °","56.4903 °","18.2861 °","41.8403 Km","0.7 s","47.6387 °","4.50292 °","47.4273 °","4.20121 °","0.967329 AU","54.3983 km/s","1"
"4649","2016-08-25 01:08:07","8","Confirmed","Pending","Pending","0.966991","115.627 °","152.043 °","148.452 °","0.13256 °","2016-08-23 14:31:22","28.3973 AU","-0.331382","0.00363691 AU","0.0247491","0.391091 °","0.000106862 °","0.876461 °","0.146838 °","7656.85 s","22.3354 AU","515236 cm","2338340000000 cm","451371000000000 Kg","6.14548362648e21 Kg","0.00000000331997 cm","0.397744 cm","1.20758e-28 Kg","4.34018e-20 Kg","19.579 MJ","74366300 MJ","61345.5 m/s","0.0000000711059 m²/Kg","0.00000000000000363175 m²/J","61553.9 m/s","0.246867 m²/Kg","0.00000000466652 m²/J","43.7466 °","0.000474903","32.6757","341.433 m/s","0.322706 m²/Kg","0.00000000543195 m²/J","107720 m","79606.1 m","66.8798 °","59.0458 °","17.0316 °","40.6617 Km","0.655 s","45.5357 °","-0.571543 °","45.348 °","-0.828157 °","0.937364 AU","61.3455 km/s","1"
"4631","2017-05-09 20:42:28","7","Confirmed","Not Detected","Not detected","0.630427","18.3843 °","49.1861 °","179.52 °","358.683 °","2017-05-03 11:04:39","2.73196 AU","2.97101","0.00000460705 AU","0.00420295","0.102561 °","0.000290669 °","0.0653045 °","0.0366078 °","3118.11 s","0.0308727 AU","1.17225 cm","0.174847 cm","0.00531586 Kg","0.00237866847769 Kg","0.386148 cm","0.213706 cm","0.00019001 Kg","0.000315471 Kg","47.2192 MJ","29.9586 MJ","17562.5 m/s","0.0312531 m²/Kg","0.000000000661871 m²/J","17583 m/s","0.0324529 m²/Kg","0.000000000563673 m²/J","69.0381 °","154.562","1.11046","119.546 m/s","0.00466156 m²/Kg","0.000000000326933 m²/J","73288.4 m","44593.3 m","192.689 °","64.8838 °","7.99462 °","30.7287 Km","1.933 s","44.6931 °","3.96973 °","44.5974 °","3.94015 °","1.00966 AU","11.5395 km/s","1"
"4513","2016-11-28 21:24:34","7","Confirmed","Pending","Pending","0.9715","117.859 °","246.856 °","243.712 °","359.715 °","2016-11-27 11:01:26","25.1106 AU","-0.300187","0.00836185 AU","0.0214925","0.551978 °","0.000270672 °","1.49609 °","0.334613 °","1463.87 s","23.3202 AU","0.231502 cm","0.830103 cm","0.0000409429 Kg","0.000440430550923 Kg","3.9953e-23 cm","7.86765e-21 cm","0","0","12.9709 MJ","52.1069 MJ","61834.1 m/s","0.158255 m²/Kg","0.0000000122008 m²/J","62283.9 m/s","0.65867 m²/Kg","0.00000000652652 m²/J","21.4628 °","1997.43","50.1112","543.221 m/s","0.567459 m²/Kg","0.00000000765597 m²/J","107501 m","84390.8 m","146.243 °","47.2306 °","2.65704 °","63.1823 Km","1.0356 s","46.9817 °","6.18256 °","46.6001 °","5.66575 °","0.715658 AU","1 km/s","1"
"4510","2016-11-29 03:41:41","8","Confirmed","Pending","Pending","0.969711","122.823 °","247.124 °","117.838 °","0.278005 °","2016-11-27 18:09:06","24.0201 AU","-0.351242","0.00638716 AU","0.0353281","0.293546 °","0.000178867 °","1.2718 °","0.497393 °","12639.1 s","26.6105 AU","0.119533 cm","0.272123 cm","0.0000056361 Kg","0.000038492663759 Kg","0.0833933 cm","1.64859 cm","0.00000191385 Kg","0.000113504 Kg","1900.68 MJ","98191.1 MJ","63445 m/s","0.306495 m²/Kg","0.000000000161255 m²/J","63802.9 m/s","0.759916 m²/Kg","0.00000000733261 m²/J","36.6783 °","2369.67","0.360026","597.857 m/s","0.697753 m²/Kg","0.00000000850824 m²/J","106959 m","83427.3 m","192.835 °","26.5645 °","13.2568 °","39.3535 Km","0.6222 s","47.8818 °","5.78825 °","47.8806 °","5.37272 °","0.727553 AU","62.5011 km/s","1"
"4505","2017-12-18 17:52:23","6","Confirmed","Not Detected","Not detected","0.611696","6.4223 °","266.764 °","238.335 °","345.269 °","2017-12-12 19:37:26","2.07727 AU","3.49781","0.000771551 AU","0.000899924","0.0216708 °","0.0000976429 °","0.13091 °","0.0600711 °","1374.96 s","0.00252125 AU","1.38974 cm","0.0692558 cm","0.00885757 Kg","0.00132421502388 Kg","0.153255 cm","0.0279496 cm","0.0000118783 Kg","0.00000649889 Kg","26.5416 MJ","2.88334 MJ","18553.3 m/s","0.026362 m²/Kg","0.000000000993235 m²/J","18561.9 m/s","0.0266883 m²/Kg","0.00000000097727 m²/J","43.2522 °","177.675","2.20477","44.7816 m/s","0.00131372 m²/Kg","0.0000000000599776 m²/J","72006.6 m","51047.2 m","60.2458 °","39.482 °","2.93224 °","30.5821 Km","3.418 s","46.2398 °","0.0755798 °","46.184 °","-0.198731 °","0.806612 AU","9.44108 km/s","1"
"4487","2017-12-14 18:11:47","6","Confirmed","Not Detected","Not detected","0.894258","23.0901 °","262.701 °","323.933 °","335.21 °","2017-12-12 05:30:39","1.36211 AU","4.24148","0.00660961 AU","0.00358196","0.111182 °","0.000335215 °","1.01365 °","0.334508 °","906.916 s","0.0164914 AU","0.185335 cm","0.151973 cm","0.0000210081 Kg","0.0000516794199441 Kg","0.00000000000573054 cm","0.000000000163965 cm","6.21013e-37 Kg","5.33061e-35 Kg","9.27212 MJ","11.3411 MJ","36330.3 m/s","0.197676 m²/Kg","0.0000000213194 m²/J","36400.6 m/s","0.27252 m²/Kg","0.0000000116097 m²/J","12.2651 °","4297.35","24.1996","228.943 m/s","0.162093 m²/Kg","0.0000000121006 m²/J","96917.2 m","85454.5 m","111.901 °","33.5162 °","4.6111 °","54.0905 Km","1.503 s","44.4114 °","9.0349 °","44.1408 °","8.50165 °","0.144032 AU","34.9109 km/s","1"
"4464","2017-12-16 05:15:38","6","Confirmed","Not Detected","Not detected","0.975038","167.934 °","84.1883 °","345.499 °","0.0361949 °","2017-12-15 00:18:03","38.8083 AU","-1.05691","0.00152958 AU","0.0499878","0.191569 °","0.000187519 °","0.709404 °","0.109905 °","10214.1 s","80.2849 AU","0.0568552 cm","0.0324129 cm","0.000000606492 Kg","0.00000103727386045 Kg","0.0557419 cm","0.225089 cm","0.000000571558 Kg","0.00000692393 Kg","45626.9 MJ","9366560 MJ","72853.3 m/s","0.64438 m²/Kg","0.0000000000141228 m²/J","72905.3 m/s","0.633811 m²/Kg","0.00000000245247 m²/J","35.8091 °","5086.21","0.0197755","606.781 m/s","0.367357 m²/Kg","0.00000000289835 m²/J","105565 m","77629 m","176.065 °","-5.48467 °","11.8142 °","47.2429 Km","0.8634 s","47.5978 °","1.39413 °","47.932 °","1.2749 °","0.968743 AU","67.6118 km/s","1"
"4461","2017-12-16 04:56:09","7","Confirmed","Not Detected","Detected","0.993633","30.8454 °","84.1819 °","126.268 °","359.804 °","2017-12-14 02:04:51","31.9602 AU","0.68868","0.00352605 AU","0.0234336","2.62398 °","0.0012151 °","1.41018 °","53.8299 °","12753.7 s","78.3767 AU","0.21081 cm","2.23815 cm","0.0000309163 Kg","0.000984707241872 Kg","0.00000000079407 cm","0.000000159294 cm","1.6523e-30 Kg","9.94378e-28 Kg","15.5828 MJ","170.731 MJ","42166.4 m/s","0.173788 m²/Kg","0.0000000111526 m²/J","43404.9 m/s","1.65573 m²/Kg","0.00000000800987 m²/J","32.2753 °","1503.01","19.3971","1874.99 m/s","1.8451 m²/Kg","0.0000000178284 m²/J","102331 m","76226.2 m","105.165 °","9.65002 °","20.3264 °","48.8597 Km","1.351 s","43.9196 °","-0.0331856 °","44.0424 °","0.445137 °","0.203477 AU","1 km/s","1"
"4445","2017-12-14 05:23:52","6","Confirmed","Not Detected","Not detected","0.891401","23.3291 °","262.162 °","324.404 °","333.832 °","2017-12-11 16:15:11","1.31882 AU","4.36573","0.00145925 AU","0.00233195","0.177965 °","0.000106094 °","0.0831228 °","0.565513 °","991.413 s","0.0160941 AU","0.585458 cm","0.429531 cm","0.000662217 Kg","0.00145753971002 Kg","0.000000939165 cm","0.0000150886 cm","2.73363e-21 Kg","1.31755e-19 Kg","16.166 MJ","20.4511 MJ","35620.7 m/s","0.0625773 m²/Kg","0.00000000387092 m²/J","35730.5 m/s","0.0935119 m²/Kg","0.00000000191789 m²/J","47.8265 °","389.945","13.3429","232.728 m/s","0.0459109 m²/Kg","0.00000000242237 m²/J","89118.3 m","63980.6 m","115.227 °","33.2409 °","3.55142 °","33.9172 Km","0.969 s","48.8423 °","4.62603 °","48.8471 °","4.9325 °","0.143223 AU","1.33117 km/s","1"
"4438","2017-12-14 17:39:12","7","Confirmed","Detected","Detected","0.874989","16.7918 °","262.678 °","290.848 °","351.303 °","2017-12-11 22:24:36","2.89191 AU","2.49035","0.00642158 AU","0.00180749","0.126307 °","0.000255383 °","0.795446 °","0.160554 °","4104.43 s","0.0373814 AU","6.46811 cm","4.008 cm","0.89299 Kg","1.66003841936 Kg","0.000442682 cm","0.00455626 cm","0.000000000000286278 Kg","0.00000000000883948 Kg","19.466 MJ","22.281 MJ","33137 m/s","0.00566415 m²/Kg","0.000000000290976 m²/J","33242.9 m/s","0.00844896 m²/Kg","0.000000000153086 m²/J","18.3797 °","82.9593","9.58954","212.726 m/s","0.00350982 m²/Kg","0.000000000163282 m²/J","83224.5 m","50801.3 m","93.6766 °","38.2104 °","7.97272 °","104.687 Km","3.7835 s","46.249 °","1.77781 °","45.7183 °","0.759724 °","0.361521 AU","22.1658 km/s","1"
"4280","2018-04-07 02:59:26","6","Confirmed","Not Detected","Not detected","0.949015","104.022 °","17.0005 °","191.007 °","359.891 °","2018-04-05 14:15:13","19.4556 AU","-0.0258492","0.000394735 AU","0.0212271","0.254123 °","0.000101175 °","0.293067 °","5.37158 °","7919.11 s","7.93157 AU","0.0671179 cm","0.0447884 cm","0.000000997765 Kg","0.00000199745575797 Kg","0.00000614552 cm","0.0000622593 cm","7.65931e-19 Kg","2.32786e-17 Kg","61.3228 MJ","71.3395 MJ","57915.2 m/s","0.545851 m²/Kg","0.00000000890128 m²/J","58041.3 m/s","0.79435 m²/Kg","0.00000000442 m²/J","53.7047 °","3127.7","9.29848","338.654 m/s","0.364252 m²/Kg","0.00000000524134 m²/J","107281 m","77325.6 m","278.188 °","22.1681 °","2.92065 °","37.1642 Km","0.6664 s","47.6325 °","5.96812 °","47.7394 °","5.72657 °","0.991938 AU","41.0615 km/s","1"
"4276","2018-04-15 20:30:01","8","Confirmed","Not Detected","Not detected","0.675114","0.900469 °","25.7578 °","243.559 °","347.71 °","2018-04-10 17:07:23","2.39442 AU","3.17377","0.000973573 AU","0.000985741","0.0286263 °","0.006875 °","0.161093 °","0.0777128 °","1018.38 s","0.00834892 AU","4.79366 cm","0.660377 cm","0.363509 Kg","0.150231700255 Kg","0.242467 cm","0.243525 cm","0.0000470404 Kg","0.000141737 Kg","23.5486 MJ","9.03324 MJ","20331.6 m/s","0.00764267 m²/Kg","0.000000000324549 m²/J","20344.1 m/s","0.00809753 m²/Kg","0.000000000283791 m²/J","38.1627 °","57.1218","2.98418","44.1835 m/s","0.00105286 m²/Kg","0.0000000000826222 m²/J","77010.7 m","40726.6 m","189.504 °","1.66357 °","3.78843 °","58.7671 Km","3.02807 s","45.3612 °","7.07215 °","45.6701 °","6.68412 °","0.777912 AU","13.9224 km/s","1"
"4258","2018-04-17 04:20:23","7","Confirmed","Not Detected","Not detected","0.856885","5.15996 °","26.911 °","303.435 °","344.423 °","2018-04-14 09:00:47","1.99188 AU","3.24749","0.00437875 AU","0.00780167","0.684609 °","0.00508042 °","0.292491 °","1.14925 °","13035.9 s","0.083783 AU","1.84029 cm","0.855287 cm","0.020567 Kg","0.0286759427932 Kg","0.0721085 cm","0.181388 cm","0.0000012373 Kg","0.00000933722 Kg","55.6929 MJ","52.1863 MJ","32577.3 m/s","0.019908 m²/Kg","0.00000000035746 m²/J","32792.8 m/s","0.026175 m²/Kg","0.000000000227322 m²/J","21.3157 °","252.923","3.2395","502.231 m/s","0.00925237 m²/Kg","0.000000000176616 m²/J","85637.9 m","52420.9 m","222.841 °","-10.2877 °","9.83949 °","92.2231 Km","3.0387 s","41.4315 °","1.56278 °","41.8925 °","2.37913 °","0.285067 AU","20.0133 km/s","1"
"4251","2018-04-18 23:06:56","9","Confirmed","Detected","Detected","0.562823","17.9523 °","28.631 °","157.612 °","3.34061 °","2018-04-12 10:22:51","2.23494 AU","3.35881","0.000410442 AU","0.00220084","0.0375963 °","0.000182776 °","0.158547 °","0.0384657 °","118.66 s","0.0104482 AU","3.45974 cm","0.409678 cm","0.136661 Kg","0.0485472845063 Kg","0.675709 cm","0.319867 cm","0.00101811 Kg","0.00144586 Kg","31.1575 MJ","11.4015 MJ","17301.1 m/s","0.0105893 m²/Kg","0.000000000339865 m²/J","17317.6 m/s","0.0110443 m²/Kg","0.000000000304531 m²/J","43.2688 °","71.3483","1.63319","70.053 m/s","0.00125392 m²/Kg","0.0000000000856836 m²/J","82722.8 m","37317.9 m","72.5579 °","85.6093 °","4.38551 °","66.2017 Km","4.179 s","46.026 °","3.58285 °","45.5983 °","3.6365 °","0.977063 AU","9.18108 km/s","1"
"4236","2018-04-11 02:13:55","9","Confirmed","Detected","Not detected","0.996047","121.105 °","20.8984 °","116.734 °","0.0134167 °","2018-04-09 16:02:24","183.907 AU","-0.523165","0.00310186 AU","0.0398229","0.75781 °","0.000483122 °","0.655791 °","0.2103 °","16913.7 s","2419.27 AU","0.22143 cm","0.786295 cm","0.0000358278 Kg","0.000381673279612 Kg","0.215953 cm","3.41429 cm","0.0000332347 Kg","0.00157635 Kg","26386.5 MJ","14072800 MJ","62347.2 m/s","0.165454 m²/Kg","0.0000000000062704 m²/J","62603.8 m/s","0.579857 m²/Kg","0.00000000279968 m²/J","18.9568 °","2352.12","0.0250439","767.683 m/s","0.587525 m²/Kg","0.0000000033581 m²/J","110060 m","80637.9 m","308.342 °","12.9644 °","10.5285 °","90.8388 Km","1.4618 s","48.6543 °","0.286431 °","48.6759 °","-0.862694 °","0.726999 AU","60.7886 km/s","1"
"4224","2018-04-22 03:49:34","7","Confirmed","Not Detected","Detected","0.997666","78.6363 °","31.7333 °","212.156 °","359.997 °","2018-04-20 07:11:59","397.669 AU","0.248812","0.00117097 AU","0.0167997","0.254865 °","0.0000964382 °","0.34664 °","3.8927 °","5094.92 s","2282.8 AU","0.0564097 cm","0.0165198 cm","0.000000592345 Kg","0.000000520412804765 Kg","0.0553213 cm","0.118169 cm","0.000000558715 Kg","0.00000358033 Kg","20100.5 MJ","2383120 MJ","47996.5 m/s","0.649469 m²/Kg","0.0000000000323112 m²/J","47936.7 m/s","0.55357 m²/Kg","0.00000000326089 m²/J","79.2121 °","3053.34","0.0194833","315.771 m/s","0.1902 m²/Kg","0.00000000382483 m²/J","103210 m","72251 m","272.178 °","34.6217 °","4.68605 °","31.516 Km","0.6878 s","45.3881 °","4.82582 °","45.4405 °","4.82613 °","0.928108 AU","41.9889 km/s","1"
"4223","2018-04-24 00:40:49","9","Confirmed","Detected","Detected","0.629694","20.7602 °","33.5713 °","169.817 °","0.491454 °","2018-04-18 03:15:03","2.69921 AU","2.97383","0.000201139 AU","0.0046094","0.0628593 °","0.000239527 °","0.153447 °","0.0283388 °","4627.01 s","0.0337233 AU","2.72985 cm","0.416215 cm","0.0671324 Kg","0.030706574717 Kg","0.732204 cm","0.399981 cm","0.00129542 Kg","0.00212294 Kg","43.9176 MJ","23.4854 MJ","18438 m/s","0.0134206 m²/Kg","0.000000000305586 m²/J","18474.3 m/s","0.0143032 m²/Kg","0.000000000248944 m²/J","52.3941 °","78.2342","1.31594","114.679 m/s","0.00204621 m²/Kg","0.000000000119113 m²/J","53258.9 m","37292.4 m","205.944 °","81.77 °","5.19128 °","20.169 Km","6.297 s","44.7047 °","4.3935 °","44.5949 °","4.40644 °","0.999534 AU","9.45725 km/s","1"
"4202","2018-04-20 00:19:57","9","Confirmed","Detected","Detected","0.99931","123.867 °","29.6341 °","289.976 °","359.996 °","2018-04-18 12:57:18","479.857 AU","-0.38497","0.00230329 AU","0.00309473","0.322705 °","0.000105735 °","0.402332 °","16.7216 °","2603.9 s","1373.93 AU","0.240853 cm","0.213152 cm","0.0000461075 Kg","0.000122413643367 Kg","0.0330544 cm","0.299023 cm","0.00000011918 Kg","0.00000323444 Kg","310.027 MJ","1391.95 MJ","60182.3 m/s","0.152111 m²/Kg","0.000000000490637 m²/J","60239.2 m/s","0.201965 m²/Kg","0.00000000231228 m²/J","25.0434 °","1659.51","1.98603","174.601 m/s","0.134616 m²/Kg","0.0000000022854 m²/J","109177 m","78059.5 m","261.107 °","-2.73561 °","2.8036 °","73.6108 Km","1.2278 s","49.4024 °","3.81838 °","49.7745 °","3.11183 °","0.330891 AU","58.4527 km/s","1"
"4201","2018-04-22 02:59:58","10","Confirmed","Detected","Detected","1.02148","145.017 °","31.693 °","74.3438 °","0.517248 °","2018-04-20 17:32:53","-16.7658 AU","-0.911556","0.000989308 AU","0.0119704","0.545546 °","0.000363557 °","0.540646 °","0.424708 °","1313.03 s","9.8099 AU","0.0401165 cm","0.0262759 cm","0.00000021305 Kg","0.000000418638495144 Kg","0.00000000268288 cm","0.0000000466281 cm","6.37258e-29 Kg","3.32264e-27 Kg","41.724 MJ","45.5392 MJ","63676.4 m/s","0.91325 m²/Kg","0.0000000218879 m²/J","63821.7 m/s","1.29462 m²/Kg","0.0000000127149 m²/J","15.8015 °","15488.4","16.5204","391.337 m/s","0.598171 m²/Kg","0.0000000140833 m²/J","108524 m","90403.2 m","332.175 °","3.54362 °","2.31001 °","67.0461 Km","1.0854 s","46.3823 °","6.71406 °","46.4965 °","5.9036 °","0.360213 AU","1.04509 km/s","1"
"4184","2017-01-04 00:48:47","7","Confirmed","Pending","Pending","0.679785","70.2985 °","283.619 °","169.568 °","1.06801 °","2017-01-01 21:18:17","3.05036 AU","2.08283","0.000928124 AU","0.0195584","0.275083 °","0.000237713 °","0.649688 °","0.0234516 °","2272.55 s","0.281637 AU","0.230361 cm","0.207719 cm","0.0000403406 Kg","0.000109126757371 Kg","0.00000000000824032 cm","0.000000000503342 cm","1.84649e-36 Kg","3.38366e-34 Kg","12.5768 MJ","32.1498 MJ","42184.5 m/s","0.159039 m²/Kg","0.0000000126454 m²/J","42288.6 m/s","0.250164 m²/Kg","0.00000000572216 m²/J","21.9235 °","1967.15","24.0539","313.673 m/s","0.143407 m²/Kg","0.0000000275999 m²/J","99849.2 m","79641 m","230.507 °","50.1177 °","13.5978 °","53.9709 Km","1.3313 s","43.0871 °","6.48588 °","42.7523 °","6.08857 °","0.976772 AU","1.00122 km/s","1"
"4181","2017-01-17 00:43:55","6","Confirmed","Not Detected","Not detected","0.991075","162.596 °","296.86 °","284.98 °","359.856 °","2017-01-15 16:33:49","41.1822 AU","-0.689243","0.0128625 AU","0.0154028","0.367792 °","0.00015459 °","2.12804 °","16.343 °","6805.45 s","882.703 AU","0.233034 cm","0.590669 cm","0.0000417613 Kg","0.000317555536567 Kg","5.0848e-23 cm","7.48513e-21 cm","0","0","14.8505 MJ","44.8339 MJ","66007.8 m/s","0.157214 m²/Kg","0.0000000105865 m²/J","66407.1 m/s","0.446176 m²/Kg","0.00000000476275 m²/J","36.9863 °","1206.81","49.8766","637.187 m/s","0.398489 m²/Kg","0.00000000679836 m²/J","97720.1 m","81260.8 m","178.588 °","8.35873 °","6.78693 °","27.3647 Km","0.408 s","43.8811 °","6.03846 °","43.9734 °","5.80227 °","0.367547 AU","1 km/s","1"
"4177","2017-01-19 03:15:16","6","Confirmed","Not Detected","Not detected","0.900846","71.5416 °","299.001 °","186.04 °","359.799 °","2017-01-17 02:40:18","9.89745 AU","0.901356","0.000240599 AU","0.0220906","0.268241 °","0.000131486 °","0.316322 °","0.0776654 °","7891.4 s","2.23018 AU","0.470523 cm","0.811811 cm","0.00034376 Kg","0.00177930676482 Kg","0.0000000000203925 cm","0.000000000959345 cm","2.7985e-35 Kg","3.94958e-33 Kg","14.0875 MJ","28.8655 MJ","44467.8 m/s","0.0778631 m²/Kg","0.00000000552711 m²/J","44614.8 m/s","0.154331 m²/Kg","0.00000000281274 m²/J","50.113 °","468.634","23.8619","355.851 m/s","0.13434 m²/Kg","0.00000000438018 m²/J","98962.9 m","70194.7 m","232.454 °","51.1005 °","7.23244 °","37.4835 Km","0.8573 s","42.8903 °","6.34879 °","42.7741 °","6.10546 °","0.981367 AU","1.00149 km/s","1"
"4157","2017-01-22 04:40:28","6","Confirmed","Detected","Detected","0.778939","8.79323 °","122.116 °","93.946 °","347.17 °","2017-01-18 16:07:43","2.36867 AU","3.03324","0.000330728 AU","0.00248536","0.13016 °","0.000107188 °","0.14266 °","0.254695 °","1912.46 s","0.0295166 AU","1.48293 cm","0.205156 cm","0.0107615 Kg","0.00446640117476 Kg","0.00566236 cm","0.00590082 cm","0.000000000599109 Kg","0.00000000187302 Kg","21.7673 MJ","4.73196 MJ","26700.8 m/s","0.0247055 m²/Kg","0.00000000113498 m²/J","26737.4 m/s","0.026383 m²/Kg","0.00000000108156 m²/J","22.8858 °","293.381","5.56793","98.247 m/s","0.00341788 m²/Kg","0.0000000000962373 m²/J","83554.6 m","55794.6 m","127.981 °","11.4208 °","1.85369 °","71.2849 Km","2.81 s","46.4484 °","4.5105 °","46.5272 °","5.34871 °","0.523619 AU","16.7529 km/s","1"
"4148","2017-01-19 03:04:27","9","Confirmed","Detected","Detected","0.934737","10.2983 °","298.992 °","317.84 °","350.017 °","2017-01-16 18:46:10","2.39333 AU","2.65137","0.00109694 AU","0.00112845","0.200025 °","0.0000575491 °","0.139258 °","0.209122 °","662.024 s","0.0313507 AU","1.07171 cm","0.857244 cm","0.00406208 Kg","0.00974756299909 Kg","0.000125521 cm","0.0013101 cm","0.0000000000000065262 Kg","0.000000000000204348 Kg","27.8172 MJ","34.4809 MJ","38486.8 m/s","0.0341849 m²/Kg","0.00000000122891 m²/J","38533.1 m/s","0.0537565 m²/Kg","0.000000000679266 m²/J","56.5007 °","189.32","9.0523","117.617 m/s","0.0273439 m²/Kg","0.000000000671562 m²/J","94671.2 m","56247 m","145.95 °","19.5274 °","5.02306 °","46.0911 Km","1.2411 s","46.5559 °","5.20961 °","46.7189 °","5.43752 °","0.156196 AU","11.1361 km/s","1"
"4143","2017-01-05 22:47:12","7","Confirmed","Pending","Pending","0.993212","98.1586 °","285.571 °","307.074 °","359.779 °","2017-01-04 07:49:40","29.1627 AU","0.0353007","0.00569797 AU","0.00762247","1.58437 °","0.000244887 °","1.27008 °","9.61372 °","14695.8 s","69.7189 AU","0.535931 cm","2.11714 cm","0.000507972 Kg","0.00602008343852 Kg","4.3694e-21 cm","8.62183e-19 cm","0","0","11.0505 MJ","48.3576 MJ","54834 m/s","0.0683603 m²/Kg","0.00000000618618 m²/J","55352.6 m/s","0.262201 m²/Kg","0.00000000300853 m²/J","39.1973 °","499.533","46.2559","766.602 m/s","0.270051 m²/Kg","0.000000003778 m²/J","93725.8 m","75115.3 m","156.816 °","31.9556 °","4.19821 °","29.4459 Km","0.541 s","44.8363 °","5.21887 °","44.8059 °","4.93734 °","0.197962 AU","13.9762 km/s","1"
"4139","2017-01-18 00:55:09","7","Confirmed","Not Detected","Not detected","1.05196","131.527 °","297.884 °","186.661 °","-0.0707967 °","2017-01-16 17:48:07","-18.8685 AU","-1.13115","0.00233583 AU","0.107159","0.751727 °","0.000720342 °","2.44619 °","0.199332 °","11648.3 s","39.3162 AU","0.0188607 cm","0.0331501 cm","0.0000000221406 Kg","0.000000116744717769 Kg","0.0000000198212 cm","0.000000573767 cm","2.56984e-26 Kg","2.23168e-24 Kg","57.4963 MJ","130.262 MJ","68233.3 m/s","1.94247 m²/Kg","0.0000000337842 m²/J","68815.2 m/s","3.91114 m²/Kg","0.000000016788 m²/J","19.4601 °","26926.9","13.7658","1428.21 m/s","3.41413 m²/Kg","0.0000000210251 m²/J","109497 m","91884.9 m","213.584 °","17.2206 °","13.6601 °","52.8646 Km","0.801 s","45.0827 °","3.28908 °","45.0436 °","2.66847 °","0.980471 AU","1.16647 km/s","1"
"4137","2017-01-03 05:06:25","6","Confirmed","Pending","Pending","0.763692","72.272 °","282.783 °","173.576 °","0.316527 °","2017-01-01 03:39:51","4.1499 AU","1.60439","0.000575333 AU","0.0375634","0.472785 °","0.000197603 °","0.66024 °","0.0917083 °","9085.21 s","0.671322 AU","0.0889529 cm","0.050205 cm","0.0000023227 Kg","0.00000393279751516 Kg","0.0848275 cm","0.177355 cm","0.0000020143 Kg","0.0000126343 Kg","6838.72 MJ","272274 MJ","43707 m/s","0.411863 m²/Kg","0.0000000000602251 m²/J","43847.9 m/s","0.456534 m²/Kg","0.00000000206135 m²/J","58.6088 °","2228.2","0.0474872","584.244 m/s","0.232455 m²/Kg","0.00000000240558 m²/J","96741.7 m","63560.7 m","229.584 °","50.1845 °","23.2769 °","38.8758 Km","0.935 s","41.5244 °","6.12374 °","41.4311 °","5.91882 °","0.980655 AU","32.4919 km/s","1"
"4135","2016-06-21 21:44:52","7","Confirmed","Pending","Pending","0.913529","58.0941 °","90.7001 °","170.135 °","0.121753 °","2016-06-19 11:10:40","11.6704 AU","1.08095","0.000221748 AU","0.0105898","0.238271 °","0.000125344 °","0.145173 °","0.023556 °","2641.6 s","1.57007 AU","0.249114 cm","0.210685 cm","0.0000510162 Kg","0.000129439129613 Kg","0.000000640669 cm","0.0000101375 cm","8.6779e-22 Kg","4.1194e-20 Kg","18.4612 MJ","23.9985 MJ","37386.1 m/s","0.147067 m²/Kg","0.00000000796626 m²/J","37475.7 m/s","0.225177 m²/Kg","0.00000000411833 m²/J","49.6583 °","891.086","12.8709","241.986 m/s","0.12438 m²/Kg","0.00000000457405 m²/J","99907.9 m","72761.8 m","303.934 °","67.7246 °","5.82695 °","35.6136 Km","0.9821 s","43.0919 °","5.526 °","42.9164 °","5.38241 °","1.00915 AU","10.8629 km/s","1"
"4133","2016-06-22 01:14:30","18","Confirmed","Pending","Pending","0.967394","179.814 °","272.139 °","0.315942 °","359.997 °","2016-06-20 19:45:13","31.1672 AU","-1.07275","0.0000289713 AU","0.012194","0.109649 °","21.9097 °","21.3469 °","21.8156 °","1731.37 s","11.0303 AU","0.0625492 cm","0.0482021 cm","0.00000080757 Kg","0.00000186700370506 Kg","0.0541368 cm","0.73856 cm","0.00000052359 Kg","0.0000214292 Kg","6083.59 MJ","570291 MJ","71895.2 m/s","0.58572 m²/Kg","0.0000000000962787 m²/J","71928 m/s","0.679952 m²/Kg","0.00000000771697 m²/J","16.7428 °","9389.8","0.14444","145.859 m/s","0.451371 m²/Kg","0.00000000903346 m²/J","124379 m","88916.4 m","0.758628 °","0.686623 °","3.56481 °","123.765 Km","1.714 s","45.4429 °","5.6949 °","45.742 °","4.26221 °","1.01625 AU","70.3715 km/s","1"
"3885","2017-06-20 01:07:24","9","Confirmed","Not Detected","Detected","0.800464","3.87063 °","268.609 °","102.377 °","346.541 °","2017-06-16 16:05:29","2.3461 AU","3.021","0.000660006 AU","0.0013669","0.145981 °","0.00267548 °","0.0684566 °","0.136934 °","175.824 s","0.0144513 AU","1.69289 cm","0.167659 cm","0.0160102 Kg","0.00475683144905 Kg","0.130307 cm","0.0673359 cm","0.00000730165 Kg","0.0000113193 Kg","51.7391 MJ","12.5835 MJ","27936.3 m/s","0.0216414 m²/Kg","0.000000000418279 m²/J","27957 m/s","0.0224248 m²/Kg","0.000000000393224 m²/J","18.6204 °","313.013","2.56429","73.0315 m/s","0.00214331 m²/Kg","0.0000000000618646 m²/J","83233.8 m","56488.2 m","275.989 °","-24.0219 °","2.03814 °","82.436 Km","6.865 s","46.1553 °","0.705828 °","46.8397 °","0.871724 °","0.468132 AU","14.2088 km/s","1"
"3884","2017-06-16 00:55:40","7","Confirmed","Not Detected","Detected","0.909833","11.2042 °","264.83 °","122.039 °","352.129 °","2017-06-13 10:12:11","3.0538 AU","2.32742","0.00126628 AU","0.00169502","0.295485 °","0.000519431 °","0.175022 °","0.225574 °","828.332 s","0.0559318 AU","15.4711 cm","2.88093 cm","12.2202 Kg","6.82670592742 Kg","6.33611 cm","3.33173 cm","0.839427 Kg","1.32419 Kg","233.462 MJ","176.536 MJ","35013.7 m/s","0.00236805 m²/Kg","0.0000000000101432 m²/J","35013.7 m/s","0.00235418 m²/Kg","0.0000000000104214 m²/J","19.8754 °","32.1674","0.892709","133.72 m/s","0.000440963 m²/Kg","0.00000000000616092 m²/J","88558.2 m","30743.7 m","281.9 °","-28.1117 °","4.98646 °","169.934 Km","5.139 s","41.3041 °","4.666 °","42.7293 °","4.69521 °","0.275351 AU","19.0959 km/s","1"
"3874","2017-06-02 00:38:42","6","Confirmed","Detected","Detected","0.831335","2.04521 °","251.325 °","91.9971 °","351.785 °","2017-05-29 14:03:34","3.19455 AU","2.50265","0.0014091 AU","0.0019115","0.139596 °","0.00920767 °","0.195755 °","0.158447 °","1803.34 s","0.0380373 AU","2.32907 cm","5.21973 cm","0.0416928 Kg","0.280315920949 Kg","0","0","0","0","1.08392 MJ","2.89151 MJ","27430.8 m/s","0.01573 m²/Kg","0.0000000145122 m²/J","27468.7 m/s","0.0378835 m²/Kg","0.00000000669038 m²/J","20.8469 °","204.13","118.013","78.4388 m/s","0.0352529 m²/Kg","0.0000000120588 m²/J","100776 m","77053.1 m","251.66 °","-21.2566 °","5.41046 °","66.4291 Km","2.406 s","45.815 °","8.29002 °","46.342 °","8.51891 °","0.538808 AU","1.81512 km/s","1"
"3439","2016-12-01 19:28:24","9","Confirmed","Pending","Pending","","","","","","","","","","","","","","","","","","","","","","","","","","","","","","","","","","","","","","","","","","","","","","","","","","","","1"
"3422","2016-12-14 04:55:40","6","Confirmed","Pending","Pending","0.893642","23.7842 °","262.403 °","324.262 °","334.627 °","2016-12-11 16:11:27","1.34225 AU","4.29391","0.00204513 AU","0.00340966","0.235579 °","0.000151282 °","0.108827 °","0.838065 °","72.4569 s","0.0244647 AU","0.217624 cm","0.0762725 cm","0.0000340123 Kg","0.0000357616726507 Kg","0.00865909 cm","0.020328 cm","0.00000000214255 Kg","0.0000000150894 Kg","67.6524 MJ","56.5381 MJ","35820 m/s","0.168347 m²/Kg","0.00000000248841 m²/J","35922.9 m/s","0.197184 m²/Kg","0.0000000016415 m²/J","51.7155 °","990.466","3.22416","351.762 m/s","0.0590019 m²/Kg","0.00000000135097 m²/J","92643.6 m","62768.8 m","115.482 °","33.1432 °","3.16849 °","38.0532 Km","1.102 s","43.467 °","6.05605 °","43.4642 °","6.34379 °","0.14276 AU","27.4137 km/s","1"
"3409","2016-12-13 19:17:27","6","Confirmed","Pending","Pending","0.887507","23.8765 °","261.991 °","324.924 °","332.06 °","2016-12-11 05:35:23","1.2688 AU","4.51677","0.0015178 AU","0.000865729","0.107138 °","0.0000638314 °","0.242161 °","0.176161 °","134.092 s","0.0056107 AU","1.62147 cm","0.153199 cm","0.0140683 Kg","0.00398758121883 Kg","0.0420822 cm","0.0272377 cm","0.000000245928 Kg","0.000000477531 Kg","59.711 MJ","12.1982 MJ","35812.6 m/s","0.0225945 m²/Kg","0.000000000378398 m²/J","35823.9 m/s","0.0232611 m²/Kg","0.000000000361004 m²/J","16.2972 °","371.841","3.65146","58.5537 m/s","0.00213477 m²/Kg","0.0000000000439534 m²/J","95480.9 m","54724.8 m","112.174 °","33.6622 °","4.56508 °","143.027 Km","4.2061 s","42.17 °","3.03672 °","41.5487 °","1.63222 °","0.142732 AU","21.5588 km/s","1"
"3402","2016-12-15 03:57:22","7","Confirmed","Pending","Pending","","","","","","","","","","","","","","","","","","","","","","","","","","","","","","","","","","","","","","","","","","","","","","","","","","","","1"
"3387","2016-12-17 23:17:19","7","Confirmed","Pending","Pending","0.973461","71.7787 °","86.2317 °","87.2046 °","359.545 °","2016-12-16 01:36:15","19.6794 AU","0.542114","0.00437147 AU","0.00540842","0.45941 °","0.000231973 °","0.659335 °","0.146262 °","441.825 s","4.53771 AU","0.524568 cm","0.861186 cm","0.000476344 Kg","0.00234604737799 Kg","0.000000000000218127 cm","0.0000000000146359 cm","3.42491e-41 Kg","6.89402e-39 Kg","13.2596 MJ","32.0574 MJ","47155.1 m/s","0.069841 m²/Kg","0.00000000526718 m²/J","47252.2 m/s","0.118684 m²/Kg","0.00000000240211 m²/J","17.7279 °","1059.25","28.5085","270.655 m/s","0.114658 m²/Kg","0.00000000516616 m²/J","103123 m","76703.6 m","115.594 °","-17.9882 °","4.98849 °","86.6503 Km","1.848 s","47.08 °","5.56159 °","47.686 °","4.95717 °","0.522276 AU","1.17404 km/s","1"
"3379","2016-12-07 04:01:42","7","Confirmed","Pending","Pending","","","","","","","","","","","","","","","","","","","","","","","","","","","","","","","","","","","","","","","","","","","","","","","","","","","","1"
"3368","2016-12-06 21:51:14","8","Confirmed","Pending","Pending","1.02073","97.631 °","254.99 °","185.301 °","-0.0158688 °","2016-12-05 08:14:57","-47.4341 AU","-0.363567","0.000653656 AU","0.0231255","0.350531 °","0.000345774 °","0.842906 °","5.19473 °","5070.74 s","19.3487 AU","0.0267219 cm","0.0231007 cm","0.0000000629676 Kg","0.000000163303957552 Kg","0.00000000627142 cm","0.000000132743 cm","8.13976e-28 Kg","5.16867e-26 Kg","35.7821 MJ","51.8618 MJ","56683.5 m/s","1.37102 m²/Kg","0.0000000383159 m²/J","56881.6 m/s","2.14113 m²/Kg","0.0000000181229 m²/J","13.7096 °","26715.8","15.265","409.169 m/s","1.18523 m²/Kg","0.0000000278411 m²/J","112283 m","92392.5 m","190.051 °","51.6401 °","2.37165 °","83.8788 Km","1.5012 s","45.9949 °","8.51252 °","45.3428 °","8.07187 °","0.98309 AU","7.90999 km/s","1"
"3367","2016-12-14 20:14:56","6","Confirmed","Pending","Pending","0.742518","6.99032 °","83.0584 °","80.9679 °","347.814 °","2016-12-10 17:33:05","2.44928 AU","3.03654","0.000932168 AU","0.000993741","0.0443362 °","0.000089386 °","0.124774 °","0.077769 °","334.113 s","0.00970877 AU","4.06622 cm","0.373177 cm","0.221864 Kg","0.0610846759748 Kg","1.18354 cm","0.423613 cm","0.0054709 Kg","0.00587446 Kg","79.5571 MJ","28.9809 MJ","24033.1 m/s","0.00900992 m²/Kg","0.000000000113251 m²/J","24044.4 m/s","0.00926951 m²/Kg","0.000000000102103 m²/J","42.8086 °","61.231","1.23421","53.5917 m/s","0.000826884 m²/Kg","0.0000000000312908 m²/J","84799 m","34750.6 m","78.0987 °","14.6194 °","2.49628 °","73.6492 Km","3.301 s","44.6256 °","7.84934 °","44.834 °","7.24015 °","0.630646 AU","13.2534 km/s","1"
"3336","2016-12-12 22:14:33","7","Confirmed","Pending","Pending","0.893084","23.6214 °","261.1 °","324.231 °","334.517 °","2016-12-10 09:22:29","1.33951 AU","4.3024","0.00160391 AU","0.00161685","0.192537 °","0.0000534948 °","0.172152 °","0.22452 °","716.928 s","0.00640093 AU","0.338623 cm","0.132292 cm","0.000128134 Kg","0.000150177124638 Kg","0.000323571 cm","0.00186397 cm","0.000000000000111795 Kg","0.00000000000193203 Kg","32.0157 MJ","28.4936 MJ","36186.8 m/s","0.108192 m²/Kg","0.00000000337934 m²/J","36280.1 m/s","0.141025 m²/Kg","0.0000000019575 m²/J","49.612 °","655.993","6.95323","156.967 m/s","0.0422681 m²/Kg","0.00000000174476 m²/J","93625.9 m","63788.1 m","111.831 °","32.8767 °","2.01754 °","39.1671 Km","1.1281 s","43.2002 °","6.19167 °","43.1902 °","5.88361 °","0.143216 AU","27.0685 km/s","1"
"3309","2016-12-13 20:52:07","9","Confirmed","Pending","Pending","0.886457","22.9716 °","262.058 °","324.559 °","332.273 °","2016-12-11 06:56:13","1.2767 AU","4.49745","0.00113838 AU","0.000914495","0.107483 °","0.0000406849 °","0.151301 °","0.110097 °","161.109 s","0.00293317 AU","1.9546 cm","0.463586 cm","0.0246427 Kg","0.0175340378846 Kg","0.021869 cm","0.0609586 cm","0.0000000345144 Kg","0.000000288621 Kg","48.1467 MJ","32.2578 MJ","35671.4 m/s","0.0187436 m²/Kg","0.000000000389303 m²/J","35689.8 m/s","0.021349 m²/Kg","0.000000000264597 m²/J","34.844 °","151.506","4.49287","76.9887 m/s","0.00444555 m²/Kg","0.000000000180349 m²/J","95989.3 m","49945.1 m","112.626 °","32.9605 °","2.81069 °","80.1213 Km","2.349 s","45.5502 °","5.8334 °","45.4143 °","5.02702 °","0.14496 AU","26.308 km/s","1"
"3299","2016-12-11 20:17:52","8","Confirmed","Pending","Pending","","","","","","","","","","","","","","","","","","","","","","","","","","","","","","","","","","","","","","","","","","","","","","","","","","","","1"
"3295","2016-12-14 00:00:26","13","Confirmed","Pending","Pending","0.889737","22.6289 °","262.192 °","324.645 °","333.053 °","2016-12-11 10:29:47","1.29614 AU","4.43474","0.00183027 AU","0.00155032","0.167238 °","0.0000455761 °","0.267887 °","0.356227 °","871.058 s","0.00998576 AU","0.797997 cm","0.148223 cm","0.00167694 Kg","0.000934442785178 Kg","0.528814 cm","0.434489 cm","0.000488002 Kg","0.00120287 Kg","527.494 MJ","1234.73 MJ","35731.6 m/s","0.0459104 m²/Kg","0.000000000087035 m²/J","35689.7 m/s","0.0416049 m²/Kg","0.000000000215521 m²/J","63.8387 °","236.223","0.411469","149.021 m/s","0.00852757 m²/Kg","0.000000000191097 m²/J","94345.9 m","45962.1 m","113.83 °","32.3861 °","6.18994 °","53.9113 Km","1.6098 s","46.9754 °","2.50031 °","47.061 °","2.21734 °","0.142917 AU","25.4113 km/s","1"
"3277","2016-12-14 02:41:28","6","Confirmed","Pending","Pending","0.891567","23.2865 °","262.307 °","324.244 °","334.087 °","2016-12-11 13:36:21","1.32696 AU","4.3407","0.00262612 AU","0.00243233","0.252823 °","0.0000738183 °","0.38547 °","0.616226 °","1771.96 s","0.018371 AU","0.517315 cm","0.11962 cm","0.000456857 Kg","0.000316920531548 Kg","0.499306 cm","0.562393 cm","0.000410785 Kg","0.00138806 Kg","6140.42 MJ","222703 MJ","35775 m/s","0.0708202 m²/Kg","0.0000000000115334 m²/J","35705.5 m/s","0.0611839 m²/Kg","0.000000000352706 m²/J","74.7151 °","339.055","0.0354332","243.461 m/s","0.0163759 m²/Kg","0.000000000416347 m²/J","88170 m","49689.4 m","114.769 °","32.6983 °","9.85238 °","39.8938 Km","1.1754 s","44.1029 °","4.38043 °","44.1683 °","4.47365 °","0.143887 AU","27.0323 km/s","1"
"3266","2016-12-06 00:28:16","7","Confirmed","Pending","Pending","0.985719","119.116 °","254.087 °","233.621 °","359.921 °","2016-12-04 14:41:22","55.0619 AU","-0.446073","0.00379655 AU","0.0157695","0.199433 °","0.000086076 °","0.763042 °","11.3681 °","6377.01 s","70.7226 AU","0.0760297 cm","0.0225788 cm","0.00000145032 Kg","0.0000012921193871 Kg","0.00846305 cm","0.0164462 cm","0.0000000020003 Kg","0.0000000116615 Kg","306.07 MJ","297.889 MJ","62870.1 m/s","0.481869 m²/Kg","0.00000000157437 m²/J","62848.5 m/s","0.476318 m²/Kg","0.00000000176925 m²/J","38.116 °","3605.26","2.19541","292.53 m/s","0.143102 m²/Kg","0.00000000126617 m²/J","108436 m","73185.7 m","159.064 °","43.8654 °","4.3717 °","57.1651 Km","0.934 s","44.0307 °","2.47408 °","43.8447 °","1.98501 °","0.786345 AU","54.4302 km/s","1"
"3263","2016-12-13 20:55:51","9","Confirmed","Pending","Pending","","","","","","","","","","","","","","","","","","","","","","","","","","","","","","","","","","","","","","","","","","","","","","","","","","","","1"
"3257","2016-12-15 01:27:46","12","Confirmed","Pending","Pending","0.895426","23.4102 °","263.271 °","324.671 °","334.587 °","2016-12-12 12:51:58","1.33818 AU","4.30251","0.00183915 AU","0.00179935","0.202994 °","0.0000530033 °","0.247054 °","0.394424 °","15.4723 s","0.0121666 AU","2.38552 cm","0.74922 cm","0.0447983 Kg","0.0422094646904 Kg","0.182787 cm","0.305301 cm","0.0000201536 Kg","0.000100985 Kg","86.3201 MJ","65.37 MJ","36116.1 m/s","0.0153578 m²/Kg","0.000000000177917 m²/J","36157.4 m/s","0.0178209 m²/Kg","0.000000000124028 m²/J","74.175 °","73.7196","2.56885","181.015 m/s","0.00482343 m²/Kg","0.000000000090486 m²/J","95762.1 m","39235.4 m","115.582 °","32.339 °","5.83896 °","58.7577 Km","1.702 s","47.596 °","4.73579 °","47.7334 °","4.67819 °","0.139939 AU","20.983 km/s","1"
"3254","2016-12-14 04:47:41","7","Confirmed","Pending","Pending","0.885046","22.9825 °","262.397 °","324.723 °","331.661 °","2016-12-11 14:41:19","1.26047 AU","4.54961","0.000918103 AU","0.0012448","0.103377 °","0.0000532732 °","0.100969 °","0.313416 °","538.269 s","0.00854393 AU","0.761677 cm","0.118013 cm","0.00145823 Kg","0.000677807834831 Kg","0.150727 cm","0.124392 cm","0.0000113003 Kg","0.0000279778 Kg","129.438 MJ","77.871 MJ","35121.3 m/s","0.0480996 m²/Kg","0.000000000371604 m²/J","35141.9 m/s","0.0503996 m²/Kg","0.000000000305932 m²/J","55.2356 °","270.398","1.62005","123.634 m/s","0.00745245 m²/Kg","0.000000000170786 m²/J","91202 m","48587.9 m","115.757 °","33.0875 °","2.91935 °","51.8776 Km","1.64 s","48.3319 °","2.60812 °","48.3795 °","2.9965 °","0.144897 AU","23.7865 km/s","1"
"3241","2016-12-13 02:37:04","8","Confirmed","Pending","Pending","0.888349","24.6154 °","261.287 °","324.661 °","332.66 °","2016-12-10 13:13:21","1.28569 AU","4.46169","0.00113472 AU","0.00160422","0.183972 °","0.0000510172 °","0.0898147 °","0.368833 °","1111.95 s","0.00898081 AU","0.755391 cm","0.119752 cm","0.00142243 Kg","0.000676490812806 Kg","0.213797 cm","0.142696 cm","0.000032249 Kg","0.0000645726 Kg","170.81 MJ","110.069 MJ","35612.2 m/s","0.0484999 m²/Kg","0.00000000028394 m²/J","35631.5 m/s","0.0504924 m²/Kg","0.000000000233617 m²/J","74.9717 °","231.914","1.26221","165.783 m/s","0.00768868 m²/Kg","0.000000000143509 m²/J","93309.2 m","46255 m","114.378 °","33.3593 °","2.82847 °","48.7204 Km","1.48257 s","44.1005 °","6.53437 °","44.175 °","6.65134 °","0.143548 AU","22.8005 km/s","1"
"2352","2019-07-16 00:58:16","6","Confirmed","Not Detected","Detected","0.963051","115.126 °","112.984 °","109.413 °","0.458029 °","2019-07-14 13:14:11","18.5009 AU","-0.185686","0.00883417 AU","0.0756188","1.26614 °","0.000657945 °","2.47115 °","1.43812 °","2466.48 s","33.5417 AU","0.105468 cm","0.348377 cm","0.0000038715 Kg","0.0000383643732487 Kg","0.000000000154972 cm","0.0000000110421 cm","1.22821e-32 Kg","2.62538e-30 Kg","29.7055 MJ","109.953 MJ","59614.6 m/s","0.347369 m²/Kg","0.0000000116938 m²/J","60046 m/s","0.886361 m²/Kg","0.00000000567526 m²/J","33.2144 °","2928.62","20.3384","1567.84 m/s","1.14741 m²/Kg","0.0000000116725 m²/J","104228 m","81652 m","36.104 °","48.3266 °","19.7609 °","41.2208 Km","0.7014 s","42.7365 °","3.23749 °","42.5491 °","2.90981 °","0.683582 AU","3.56928 km/s","1"
"2337","2019-07-13 01:03:52","7","Confirmed","Not Detected","Detected","0.994794","152.697 °","110.121 °","72.2704 °","0.0650951 °","2019-07-11 15:36:26","68.2486 AU","-0.527861","0.00144571 AU","0.0103708","0.498076 °","0.00042372 °","0.531702 °","0.198013 °","23.9268 s","55.6618 AU","0.234628 cm","0.632224 cm","0.0000426238 Kg","0.000344560336663 Kg","1.85521e-24 cm","3.09235e-22 cm","0","0","12.8962 MJ","41.1673 MJ","63524.1 m/s","0.156147 m²/Kg","0.000000012108 m²/J","63703.1 m/s","0.50049 m²/Kg","0.00000000563237 m²/J","13.7156 °","3041.38","53.1943","338.803 m/s","0.42075 m²/Kg","0.00000000733553 m²/J","107928 m","86641.9 m","47.4378 °","29.1116 °","3.50029 °","88.8475 Km","1.4102 s","48.5795 °","-0.835624 °","48.2139 °","-1.84317 °","0.35532 AU","1 km/s","1"
"2329","2019-07-12 00:09:48","6","Confirmed","Detected","Detected","0.981278","158.657 °","109.129 °","248.381 °","359.831 °","2019-07-10 16:56:57","37.3097 AU","-0.80473","0.0175724 AU","0.0520627","0.913733 °","0.000898988 °","3.17907 °","12.6549 °","13284.7 s","81.098 AU","0.0871173 cm","1.1761 cm","0.00000218186 Kg","0.0000883669025454 Kg","0","0","0","0","6.26434 MJ","87.0575 MJ","67941.1 m/s","0.420541 m²/Kg","0.0000000671324 m²/J","68693.4 m/s","4.99844 m²/Kg","0.0000000331076 m²/J","28.3149 °","4094.61","125.267","1073.93 m/s","5.67739 m²/Kg","0.0000000502985 m²/J","109218 m","92360.6 m","354.186 °","9.67459 °","11.7038 °","35.5682 Km","0.5351 s","47.4982 °","4.15358 °","47.5821 °","3.7632 °","0.698526 AU","1 km/s","1"
"2324","2019-07-11 00:57:42","7","Confirmed","Detected","Detected","0.992293","116.652 °","108.217 °","114.344 °","0.0386966 °","2019-07-09 13:46:36","93.304 AU","-0.414478","0.00220753 AU","0.0208274","0.31589 °","0.000160181 °","0.618817 °","0.160037 °","73.7525 s","227.794 AU","0.0599976 cm","0.0374494 cm","0.000000712714 Kg","0.00000133458972689 Kg","0.00000525359 cm","0.000049929 cm","4.78502e-19 Kg","1.36427e-17 Kg","66.7414 MJ","72.4466 MJ","60564.7 m/s","0.610631 m²/Kg","0.0000000091492 m²/J","60677.8 m/s","0.83457 m²/Kg","0.0000000046893 m²/J","35.6266 °","4841.22","9.34315","407.074 m/s","0.381145 m²/Kg","0.00000000526778 m²/J","105289 m","80206.3 m","28.8185 °","46.3132 °","3.85438 °","43.0608 Km","0.7246 s","44.5516 °","4.99236 °","44.3824 °","4.62888 °","0.719067 AU","48.7882 km/s","1"
"2314","2019-07-10 00:35:43","9","Confirmed","Not Detected","Detected","0.962232","157.665 °","107.24 °","250.08 °","359.497 °","2019-07-08 17:08:29","18.2139 AU","-0.657044","0.0057379 AU","0.0164706","0.302111 °","0.000273906 °","1.0472 °","0.343512 °","2378.8 s","7.92522 AU","0.125677 cm","0.224645 cm","0.00000655063 Kg","0.0000351272549766 Kg","0.0996467 cm","1.54369 cm","0.00000326515 Kg","0.000151747 Kg","3335.01 MJ","210399 MJ","67475.7 m/s","0.291512 m²/Kg","0.0000000000874096 m²/J","67648.8 m/s","0.601478 m²/Kg","0.00000000481164 m²/J","29.9051 °","2700.27","0.232085","349.56 m/s","0.52107 m²/Kg","0.00000000558308 m²/J","108668 m","82916.6 m","352.075 °","9.21087 °","4.18435 °","51.623 Km","0.763 s","48.8852 °","1.55074 °","49.0345 °","0.993139 °","0.6879 AU","66.1731 km/s","1"
"2303","2019-07-07 01:56:48","11","Confirmed","Detected","Detected","0.997","168.049 °","104.423 °","187.182 °","359.999 °","2019-07-05 20:25:29","337.578 AU","-1.20108","0.000605608 AU","0.0619328","0.355083 °","0.000862855 °","0.656657 °","22.0917 °","2587.53 s","3758.32 AU","0.0727773 cm","0.0690002 cm","0.00000127204 Kg","0.00000361807458793 Kg","0.0712609 cm","0.351531 cm","0.00000119417 Kg","0.0000176726 Kg","41564.7 MJ","8891920 MJ","71751 m/s","0.503404 m²/Kg","0.0000000000121113 m²/J","71994.2 m/s","0.713572 m²/Kg","0.00000000220363 m²/J","32.468 °","4330.66","0.0210562","765.662 m/s","0.477278 m²/Kg","0.00000000259522 m²/J","111793 m","78123.8 m","8.44838 °","11.5671 °","3.94287 °","62.9558 Km","0.9 s","47.275 °","0.631438 °","47.4323 °","-0.0225706 °","1.01275 AU","66.3435 km/s","1"
"2275","2019-06-30 22:26:51","6","Confirmed","Not Detected","Not detected","0.79978","5.48424 °","98.6369 °","278.122 °","347.759 °","2019-06-27 11:28:20","2.50057 AU","2.90905","0.00198514 AU","0.00167048","0.154517 °","0.00138846 °","0.238751 °","0.160573 °","908.577 s","0.0200119 AU","1.83717 cm","0.255556 cm","0.0204627 Kg","0.00853926170781 Kg","0.292579 cm","0.304624 cm","0.00008265 Kg","0.000258158 Kg","70.2165 MJ","44.9221 MJ","27547.3 m/s","0.0199417 m²/Kg","0.000000000284003 m²/J","27558.9 m/s","0.0206338 m²/Kg","0.000000000236668 m²/J","23.8136 °","228.092","1.83725","85.205 m/s","0.00277395 m²/Kg","0.000000000146017 m²/J","82366.4 m","54302.3 m","282.453 °","-13.5645 °","7.98611 °","69.6742 Km","2.6476 s","49.0637 °","3.80154 °","49.5768 °","3.43124 °","0.500663 AU","22.4596 km/s","1"
"2263","2019-06-27 22:47:26","7","Confirmed","Not Detected","Detected","0.992854","150.285 °","95.7256 °","228.115 °","359.976 °","2019-06-26 15:49:46","118.704 AU","-0.946086","0.00616331 AU","0.0230509","0.686997 °","0.000570654 °","1.22977 °","62.0626 °","6635.1 s","9293.5 AU","0.0676574 cm","0.0939279 cm","0.00000102202 Kg","0.00000425657731884 Kg","0.00000000000236992 cm","0.0000000000965346 cm","4.39251e-38 Kg","5.36765e-36 Kg","33.2005 MJ","58.36 MJ","68569.3 m/s","0.541498 m²/Kg","0.0000000163099 m²/J","68748.6 m/s","0.923615 m²/Kg","0.000000011083 m²/J","12.328 °","11712.6","24.0749","459.851 m/s","0.751754 m²/Kg","0.00000000997946 m²/J","109585 m","91154.8 m","344.42 °","11.5927 °","9.2754 °","85.6194 Km","1.2823 s","49.1551 °","3.14574 °","49.1088 °","2.01993 °","0.848213 AU","66.8421 km/s","1"
"2233","2019-06-21 00:44:06","8","Confirmed","Not Detected","Not detected","0.99498","149.893 °","89.1274 °","69.4776 °","0.0675181 °","2019-06-19 14:52:48","66.0971 AU","-0.538452","0.00127491 AU","0.00476478","0.322726 °","0.000241705 °","0.229792 °","0.0977299 °","389.565 s","131.434 AU","0.115214 cm","0.0705834 cm","0.00000504702 Kg","0.00000927581146447 Kg","0.00000000265339 cm","0.0000000484348 cm","6.16475e-29 Kg","3.37593e-27 Kg","38.2098 MJ","41.0057 MJ","62871.3 m/s","0.317984 m²/Kg","0.00000000832205 m²/J","62927.4 m/s","0.435202 m²/Kg","0.0000000042911 m²/J","11.339 °","7469.01","17.5865","162.428 m/s","0.194805 m²/Kg","0.00000000471928 m²/J","111543 m","86058.2 m","26.4048 °","23.5163 °","3.86115 °","130.653 Km","2.10097 s","43.787 °","10.4118 °","43.3617 °","8.9632 °","0.331786 AU","3.38928 km/s","1"
"2228","2019-06-19 01:48:12","6","Confirmed","Detected","Detected","0.999232","134.7 °","87.2657 °","109.069 °","0.00138395 °","2019-06-17 16:51:48","877.964 AU","-0.710158","0.00457484 AU","0.0256434","0.448569 °","0.00023172 °","0.984521 °","0.0804447 °","464.769 s","17534.2 AU","0.0955624 cm","0.0739987 cm","0.00000287988 Kg","0.00000669011309713 Kg","0.0937674 cm","0.581869 cm","0.00000272063 Kg","0.0000506482 Kg","37287.4 MJ","11914900 MJ","64490.6 m/s","0.383376 m²/Kg","0.0000000000102817 m²/J","64611.5 m/s","0.439046 m²/Kg","0.00000000283835 m²/J","31.862 °","3354.03","0.0189618","502.154 m/s","0.296868 m²/Kg","0.00000000328645 m²/J","106334 m","79150.9 m","10.221 °","29.2385 °","8.76837 °","51.5986 Km","0.8242 s","43.9191 °","3.99812 °","43.8398 °","3.47151 °","0.674197 AU","61.1983 km/s","1"
"2172","2019-06-02 20:40:44","6","Confirmed","Not Detected","Detected","0.683287","30.3119 °","71.7773 °","194.387 °","357.244 °","2019-05-29 12:35:44","3.16165 AU","2.62842","0.000281061 AU","0.00500976","0.188397 °","0.000227841 °","0.148672 °","0.0768625 °","4706.53 s","0.0483756 AU","0.959401 cm","0.281464 cm","0.00291416 Kg","0.00256482271843 Kg","0.0235858 cm","0.0453704 cm","0.0000000432977 Kg","0.000000249867 Kg","24.2758 MJ","14.8183 MJ","23003.6 m/s","0.0381867 m²/Kg","0.00000000157303 m²/J","23100.8 m/s","0.0448559 m²/Kg","0.00000000125029 m²/J","62.4206 °","198.962","3.70566","193.971 m/s","0.011203 m²/Kg","0.00000000051739 m²/J","77174.5 m","52052.1 m","243.545 °","54.9326 °","6.55993 °","28.3445 Km","1.3448 s","42.8288 °","4.05278 °","42.7544 °","3.93014 °","1.00134 AU","14.04 km/s","1"
"2164","2019-06-01 22:06:46","6","Confirmed","Not Detected","Not detected","0.732742","2.14576 °","250.737 °","82.3137 °","346.83 °","2019-05-28 18:23:40","2.4082 AU","3.0859","0.0012189 AU","0.000744978","0.0865272 °","0.00529836 °","0.133065 °","0.029714 °","962.195 s","0.00263364 AU","0.840054 cm","0.0856295 cm","0.0019563 Kg","0.000598237334517 Kg","0.269165 cm","0.134728 cm","0.0000643532 Kg","0.0000966339 Kg","83.8147 MJ","43.9363 MJ","23688.3 m/s","0.0436119 m²/Kg","0.000000000520337 m²/J","23698.3 m/s","0.0447169 m²/Kg","0.000000000446218 m²/J","24.1063 °","493.127","1.13814","62.5183 m/s","0.00444551 m²/Kg","0.000000000224961 m²/J","88524 m","54441.3 m","243.899 °","-19.9436 °","1.65104 °","83.5473 Km","3.823 s","44.3038 °","8.21478 °","44.9604 °","7.97343 °","0.64361 AU","15.4702 km/s","1"
"2154","2019-05-31 20:29:29","19","Confirmed","Not Detected","Detected","0.618662","43.3655 °","69.8476 °","150.074 °","4.92453 °","2019-05-28 13:14:32","2.52348 AU","2.85729","0.000298303 AU","0.00173957","0.082719 °","0.000065752 °","0.0913184 °","0.043782 °","722.261 s","0.0132013 AU","3.70799 cm","0.394849 cm","0.16824 Kg","0.0537455178557 Kg","0.520629 cm","0.13956 cm","0.000465693 Kg","0.000374501 Kg","70.9233 MJ","13.5112 MJ","28618.9 m/s","0.00988039 m²/Kg","0.000000000139311 m²/J","28630.7 m/s","0.0101441 m²/Kg","0.000000000135661 m²/J","37.8255 °","74.4053","1.96321","69.5214 m/s","0.00105212 m²/Kg","0.0000000000130192 m²/J","88775.2 m","36135.1 m","308.1 °","75.5676 °","2.23958 °","86.0426 Km","3.5011 s","44.8221 °","-0.75458 °","44.2416 °","-1.00038 °","0.962299 AU","6.67969 km/s","1"
"2120","2019-05-25 01:52:03","6","Confirmed","Not Detected","Not detected","1.08567","132.821 °","63.336 °","199.545 °","-0.379786 °","2019-05-23 18:23:03","-11.4667 AU","-1.20998","0.00315199 AU","0.0790866","0.71307 °","0.000356067 °","1.30314 °","0.498172 °","85.4957 s","19.7388 AU","1.0653 cm","3.40374 cm","0.00398955 Kg","0.0382412200062 Kg","0.00000000131551 cm","0.0000000921746 cm","7.51276e-30 Kg","1.5792e-27 Kg","37.5453 MJ","134.711 MJ","67307 m/s","0.0343908 m²/Kg","0.000000000915983 m²/J","67705.4 m/s","0.113958 m²/Kg","0.000000000441873 m²/J","46.5049 °","218.936","20.5123","1088.58 m/s","0.109883 m²/Kg","0.000000000560165 m²/J","106404 m","66137.4 m","318.617 °","13.4613 °","15.9058 °","55.564 Km","0.7574 s","44.4584 °","12.6383 °","44.6482 °","12.2439 °","0.98236 AU","1.0001 km/s","1"
"2099","2019-05-16 03:41:21","9","Confirmed","Detected","Detected","0.992399","126.831 °","54.7511 °","237.071 °","359.967 °","2019-05-14 18:23:42","102.759 AU","-0.595165","0.00393008 AU","0.019225","0.395615 °","0.00011524 °","0.813957 °","28.1346 °","2027.43 s","114.674 AU","0.260286 cm","0.352828 cm","0.0000581923 Kg","0.000236645786574 Kg","0.0000000309383 cm","0.00000104158 cm","9.77245e-26 Kg","9.87009e-24 Kg","43.2445 MJ","95.2322 MJ","63688 m/s","0.140754 m²/Kg","0.00000000325485 m²/J","63756.9 m/s","0.215542 m²/Kg","0.00000000169445 m²/J","50.6712 °","840.354","15.9453","344.973 m/s","0.190798 m²/Kg","0.00000000313478 m²/J","106954 m","73255.6 m","299.514 °","8.18545 °","9.85551 °","43.5556 Km","0.7013 s","46.3881 °","0.356647 °","46.6227 °","0.255583 °","0.781098 AU","2.9737 km/s","1"
"2064","2019-05-14 02:40:19","6","Confirmed","Not Detected","Detected","0.960786","70.6953 °","52.786 °","272.549 °","359.066 °","2019-05-12 04:11:24","12.5798 AU","0.69852","0.000837778 AU","0.0086291","0.397459 °","0.00013847 °","0.346244 °","0.31422 °","3417.7 s","2.76844 AU","0.92942 cm","0.443908 cm","0.00264941 Kg","0.00379622299164 Kg","0.00270322 cm","0.0139482 cm","0.0000000000651867 Kg","0.00000000100906 Kg","62.0768 MJ","60.3083 MJ","46179.7 m/s","0.0394185 m²/Kg","0.000000000634996 m²/J","46341.2 m/s","0.052757 m²/Kg","0.000000000362415 m²/J","57.2125 °","216.541","5.84012","345.748 m/s","0.018827 m²/Kg","0.000000000338984 m²/J","87849.1 m","56548.6 m","267.844 °","14.6954 °","1.72353 °","37.2272 Km","0.8357 s","47.3175 °","-1.19447 °","47.4962 °","-1.17465 °","0.493308 AU","32.4937 km/s","1"
"2010","2019-05-05 22:48:37","6","Confirmed","Detected","Detected","0.990173","63.459 °","44.8937 °","130.345 °","0.0364437 °","2019-05-03 18:47:04","84.6378 AU","0.574228","0.00251605 AU","0.00816271","0.212567 °","0.000161623 °","0.382532 °","0.040618 °","4992.45 s","44.3789 AU","0.149456 cm","0.0468812 cm","0.0000110168 Kg","0.0000103672217392 Kg","0.147892 cm","0.488955 cm","0.0000106744 Kg","0.000105874 Kg","28093.2 MJ","9309980 MJ","41703.7 m/s","0.245131 m²/Kg","0.00000000000872562 m²/J","41655.3 m/s","0.204995 m²/Kg","0.0000000024646 m²/J","23.1768 °","2876.4","0.0105244","201.815 m/s","0.0768922 m²/Kg","0.00000000288997 m²/J","101494 m","74868.2 m","331.22 °","54.905 °","7.28793 °","67.6454 Km","1.6371 s","48.2436 °","1.8111 °","47.7713 °","1.38639 °","0.831754 AU","38.2494 km/s","1"
"2005","2019-05-03 21:46:23","7","Confirmed","Detected","Not detected","0.726938","3.37483 °","42.9864 °","223.837 °","353.807 °","2019-04-27 23:01:33","3.2577 AU","2.68196","0.00101603 AU","0.00279408","0.0445288 °","0.000855783 °","0.202092 °","0.109435 °","1291.03 s","0.0334504 AU","1.44638 cm","0.293978 cm","0.00998534 Kg","0.00608857143336 Kg","0.0863698 cm","0.143443 cm","0.00000212618 Kg","0.0000105935 Kg","20.2325 MJ","13.3821 MJ","18314 m/s","0.0253297 m²/Kg","0.00000000125193 m²/J","18340.4 m/s","0.0279461 m²/Kg","0.000000000895702 m²/J","51.1101 °","150.288","2.81818","81.6773 m/s","0.00514826 m²/Kg","0.000000000597945 m²/J","84445.5 m","48828.5 m","196.694 °","7.0181 °","7.94941 °","45.7631 Km","2.6344 s","45.4805 °","4.235 °","45.7343 °","4.18868 °","0.889555 AU","13.0184 km/s","1"
"1994","2019-04-29 22:15:17","9","Confirmed","Detected","Detected","0.919775","6.32071 °","219.013 °","133.147 °","349.53 °","2019-04-27 11:03:26","2.42858 AU","2.67327","0.0016816 AU","0.000529247","0.192718 °","0.000966808 °","0.237278 °","0.0550243 °","392.716 s","0.0105445 AU","0.990787 cm","0.373307 cm","0.00320963 Kg","0.00362795681134 Kg","0.00000000139862 cm","0.0000000206627 cm","9.02843e-30 Kg","4.00149e-28 Kg","11.4802 MJ","8.56426 MJ","37096.9 m/s","0.036977 m²/Kg","0.00000000322093 m²/J","37131.5 m/s","0.0438015 m²/Kg","0.00000000274926 m²/J","14.1217 °","699.916","20.3785","73.5517 m/s","0.0139322 m²/Kg","0.0000000012394 m²/J","95483.5 m","73249 m","234.648 °","-20.9872 °","2.36906 °","90.2786 Km","2.455 s","44.4414 °","2.69649 °","45.0424 °","2.00543 °","0.194834 AU","5.70017 km/s","1"
"1960","2019-04-20 03:34:38","6","Confirmed","Detected","Detected","0.974708","140.661 °","29.5199 °","151.874 °","0.0782195 °","2019-04-18 20:24:33","37.4014 AU","-0.772597","0.00248019 AU","0.0434251","0.400252 °","0.00023119 °","0.75502 °","0.204571 °","11262.1 s","62.3384 AU","0.129125 cm","0.171986 cm","0.00000710471 Kg","0.0000283889492209 Kg","0.00000116656 cm","0.0000217117 cm","5.2388e-21 Kg","2.92511e-19 Kg","67.5702 MJ","116.483 MJ","67944.3 m/s","0.283728 m²/Kg","0.000000004199 m²/J","68170.4 m/s","0.496293 m²/Kg","0.00000000199152 m²/J","36.6848 °","2193.31","11.6145","609.31 m/s","0.377905 m²/Kg","0.00000000257116 m²/J","112337 m","76561.4 m","305.121 °","4.04591 °","10.1309 °","59.7862 Km","0.8997 s","48.1203 °","9.13418 °","48.4188 °","8.682 °","0.94595 AU","37.4489 km/s","1"
"1956","2019-04-18 21:05:07","10","Confirmed","Not Detected","Not detected","0.669327","6.44101 °","28.3294 °","157.959 °","1.69319 °","2019-04-10 14:58:25","2.94791 AU","2.87637","0.000426499 AU","0.00361111","0.0165083 °","0.000476298 °","0.129136 °","0.00963573 °","5690.23 s","0.03139 AU","5.18143 cm","0.845045 cm","0.459053 Kg","0.224602257277 Kg","1.47831 cm","0.912096 cm","0.0106613 Kg","0.0197337 Kg","30.9548 MJ","19.2119 MJ","15111.9 m/s","0.00707071 m²/Kg","0.000000000228421 m²/J","15129.4 m/s","0.00740239 m²/Kg","0.000000000190729 m²/J","46.7689 °","44.8175","1.25418","102.747 m/s","0.00115317 m²/Kg","0.000000000107426 m²/J","77409.7 m","33349.2 m","94.1626 °","52.3586 °","3.83077 °","60.44 Km","4.402 s","49.0352 °","2.11398 °","48.8366 °","2.58575 °","0.974791 AU","8.11272 km/s","1"
"1950","2019-04-15 21:47:03","8","Confirmed","Not Detected","Not detected","0.578076","7.5139 °","25.4035 °","259.373 °","335.227 °","2019-04-10 20:15:13","1.66719 AU","3.98334","0.00260148 AU","0.00180222","0.00949331 °","0.000179535 °","0.323881 °","0.0598068 °","2178.29 s","0.00313645 AU","3.01673 cm","0.407885 cm","0.0905989 Kg","0.036748993751 Kg","0.91872 cm","0.400499 cm","0.00255896 Kg","0.00334659 Kg","60.2711 MJ","29.2683 MJ","20531.1 m/s","0.0121444 m²/Kg","0.000000000201496 m²/J","20570.4 m/s","0.0128048 m²/Kg","0.000000000169659 m²/J","44.5373 °","79.9649","1.18895","125.707 m/s","0.00164202 m²/Kg","0.0000000000715751 m²/J","80417.2 m","36515.4 m","203.373 °","8.41931 °","1.79214 °","62.5301 Km","3.39483 s","47.0241 °","5.63586 °","47.3276 °","5.26085 °","0.703426 AU","10.4901 km/s","1"
"1949","2019-04-15 19:49:50","6","Confirmed","Not Detected","Not detected","0.488523","11.1928 °","25.3299 °","146.098 °","7.34478 °","2019-04-07 14:48:55","1.85221 AU","3.83046","0.000441797 AU","0.00160609","0.0427062 °","0.000231072 °","0.138112 °","0.0656145 °","1321.34 s","0.00594114 AU","2.90896 cm","0.265963 cm","0.0812317 Kg","0.0222808077501 Kg","0.367369 cm","0.165054 cm","0.000163615 Kg","0.00022053 Kg","18.9392 MJ","4.98761 MJ","15183 m/s","0.0125943 m²/Kg","0.000000000664986 m²/J","15190 m/s","0.0129161 m²/Kg","0.000000000625809 m²/J","42.3964 °","86.2627","2.06918","48.1438 m/s","0.00115149 m²/Kg","0.000000000117451 m²/J","79942.8 m","40735.9 m","64.8791 °","65.1593 °","6.99206 °","58.1478 Km","4.2962 s","44.6367 °","6.68943 °","44.3204 °","6.99062 °","0.947361 AU","9.0649 km/s","1"
"1947","2019-04-12 23:18:05","7","Confirmed","Detected","Detected","0.822506","4.52326 °","202.463 °","103.448 °","348.297 °","2019-04-09 18:47:49","2.50796 AU","2.86164","0.000783448 AU","0.000581131","0.0485885 °","0.000403257 °","0.0951467 °","0.0601847 °","873.192 s","0.00766344 AU","0.63719 cm","0.0452566 cm","0.000853731 Kg","0.000181909420224 Kg","0.0626315 cm","0.0279292 cm","0.000000810759 Kg","0.00000108462 Kg","63.4491 MJ","14.1712 MJ","29424.8 m/s","0.0574968 m²/Kg","0.000000000906187 m²/J","29431.4 m/s","0.058525 m²/Kg","0.000000000863023 m²/J","29.8596 °","533.329","2.3198","37.6987 m/s","0.00408372 m²/Kg","0.000000000141683 m²/J","87781.6 m","57000.7 m","205.535 °","-12.7052 °","2.08705 °","61.8244 Km","2.23417 s","46.3746 °","5.03727 °","46.8415 °","4.89652 °","0.445148 AU","20.4311 km/s","1"
"1938","2019-04-06 22:11:08","6","Confirmed","Not Detected","Not detected","0.54537","7.11488 °","196.55 °","40.6434 °","346.801 °","2019-03-30 12:33:34","2.01422 AU","3.61816","0.000583534 AU","0.00112484","0.0896345 °","0.0000993456 °","0.142506 °","0.068078 °","611.629 s","0.0050086 AU","5.60643 cm","0.527619 cm","0.581531 Kg","0.164182963688 Kg","1.82717 cm","0.405918 cm","0.0201302 Kg","0.0134162 Kg","39.1603 MJ","11.1644 MJ","16070.5 m/s","0.00653471 m²/Kg","0.000000000166871 m²/J","16084.9 m/s","0.0066976 m²/Kg","0.000000000157161 m²/J","34.248 °","53.6245","1.12115","75.9855 m/s","0.000614979 m²/Kg","0.000000000032579 m²/J","72330 m","31961.6 m","161.485 °","-5.56197 °","4.05825 °","71.7924 Km","5.134 s","49.438 °","1.8562 °","49.9602 °","1.99124 °","0.915722 AU","6.58197 km/s","1"
"1909","2019-03-27 23:25:58","15","Confirmed","Not Detected","Not detected","1.01072","119.385 °","6.73951 °","271.601 °","-0.130065 °","2019-03-26 12:34:16","-44.9897 AU","-0.540114","0.00415576 AU","0.00711199","0.364041 °","0.000131877 °","0.670812 °","14.8639 °","1616.83 s","30.5581 AU","0.0375114 cm","0.0191254 cm","0.000000174182 Kg","0.000000266423833387 Kg","0.0000119816 cm","0.0000808724 cm","5.67617e-18 Kg","1.14938e-16 Kg","78.9254 MJ","70.6834 MJ","61130.2 m/s","0.976672 m²/Kg","0.0000000123746 m²/J","61190.6 m/s","1.17947 m²/Kg","0.00000000715678 m²/J","25.9758 °","10298.1","8.04903","266.247 m/s","0.497962 m²/Kg","0.00000000677014 m²/J","111164 m","84450.3 m","244.313 °","4.80665 °","3.17577 °","60.9182 Km","1.019 s","45.448 °","11.1729 °","45.6253 °","10.5302 °","0.482269 AU","53.1528 km/s","1"
"1879","2019-03-22 18:43:14","7","Confirmed","Not Detected","Not detected","0.612997","19.4569 °","1.60286 °","177.007 °","359.075 °","2019-03-16 12:58:13","2.57336 AU","3.06616","0.0000138815 AU","0.00129427","0.0504987 °","0.000113209 °","0.0438296 °","0.0135246 °","1755.24 s","0.0153068 AU","2.9118 cm","0.197532 cm","0.0814705 Kg","0.0165804998921 Kg","0.300707 cm","0.0749382 cm","0.0000897313 Kg","0.000067085 Kg","23.7497 MJ","3.39865 MJ","17809.6 m/s","0.012582 m²/Kg","0.000000000529776 m²/J","17818.5 m/s","0.0128072 m²/Kg","0.000000000517213 m²/J","53.888 °","71.9256","2.27039","52.3984 m/s","0.000853545 m²/Kg","0.0000000000412467 m²/J","74784.2 m","38445.8 m","110.675 °","84.1607 °","3.34937 °","44.9797 Km","2.779 s","48.141 °","7.69144 °","47.9047 °","7.68783 °","0.995895 AU","9.42128 km/s","1"
"1877","2019-03-22 00:01:51","6","Confirmed","Detected","Detected","0.852144","0.736455 °","180.678 °","108.368 °","349.749 °","2019-03-19 00:19:43","2.66822 AU","2.70413","0.00132143 AU","0.0012484","0.0566177 °","4.30818 °","4.26414 °","0.116633 °","339.719 s","0.0202311 AU","3.81337 cm","15.9784 cm","0.182996 Kg","2.30031308925 Kg","3.32994 cm","423.04 cm","0.121849 Kg","46.4397 Kg","1212.04 MJ","1116720 MJ","31088.5 m/s","0.00960734 m²/Kg","0.00000000000792657 m²/J","31139 m/s","0.0380467 m²/Kg","0.00000000617811 m²/J","39.851 °","69.2402","0.135559","80.1768 m/s","0.0402557 m²/Kg","0.00000000731982 m²/J","94688.5 m","73548 m","188.862 °","-2.50786 °","3.97998 °","32.9965 Km","1.082 s","47.3223 °","5.63137 °","47.5463 °","5.60279 °","0.394511 AU","31.0214 km/s","1"
"1875","2019-03-21 03:19:08","6","Confirmed","Not Detected","Not detected","0.988407","153.454 °","359.959 °","84.172 °","0.151777 °","2019-03-19 18:53:41","38.8732 AU","-0.776088","0.00317461 AU","0.0370342","1.238 °","0.000946416 °","1.34947 °","0.737427 °","7961.9 s","3710.07 AU","0.0265664 cm","0.0991765 cm","0.0000000618746 Kg","0.000000692961914751 Kg","1.53937e-25 cm","3.37635e-23 cm","0","0","13.6518 MJ","57.2763 MJ","65549.2 m/s","1.37905 m²/Kg","0.000000101016 m²/J","66235.9 m/s","5.49376 m²/Kg","0.0000000498447 m²/J","12.6763 °","29022.2","53.5051","922.291 m/s","5.1482 m²/Kg","0.0000000589578 m²/J","113418 m","100554 m","298.353 °","-8.71872 °","11.2592 °","58.4469 Km","0.931 s","45.3161 °","8.93387 °","45.5427 °","8.29366 °","0.450652 AU","1.00099 km/s","1"
"1872","2019-03-20 20:37:31","15","Confirmed","Not Detected","Not detected","0.531423","0.80803 °","179.609 °","62.1711 °","338.651 °","2019-03-14 10:51:53","1.73308 AU","3.97905","0.000947407 AU","0.000512509","0.0212648 °","0.00235332 °","0.15521 °","0.0303073 °","999.063 s","0.00106748 AU","2.86015 cm","0.208387 cm","0.0772115 Kg","0.0168765985757 Kg","1.66778 cm","0.420906 cm","0.0153085 Kg","0.0115904 Kg","98.2602 MJ","58.7562 MJ","17656.8 m/s","0.0128092 m²/Kg","0.00000000013036 m²/J","17660.9 m/s","0.0128934 m²/Kg","0.00000000012278 m²/J","43.6227 °","85.7444","0.53938","52.6121 m/s","0.000933264 m²/Kg","0.0000000000690052 m²/J","79051 m","36955.8 m","162.784 °","9.2564 °","1.09904 °","60.9619 Km","3.768 s","44.9964 °","1.80129 °","45.2508 °","1.37779 °","0.812083 AU","10.8425 km/s","1"
"1846","2019-03-13 04:48:18","8","Confirmed","Detected","Detected","0.633275","57.0714 °","352.064 °","184.619 °","358.621 °","2019-03-10 14:24:25","2.70652 AU","2.52912","0.000173868 AU","0.00702073","0.132117 °","0.000064291 °","0.319345 °","0.0800351 °","924.868 s","0.0516069 AU","0.846978 cm","0.166596 cm","0.00200508 Kg","0.00118316462951 Kg","0.818857 cm","1.14408 cm","0.00181191 Kg","0.00759467 Kg","6246.26 MJ","285752 MJ","35223 m/s","0.0432554 m²/Kg","0.00000000000692501 m²/J","35172.4 m/s","0.03768 m²/Kg","0.000000000271973 m²/J","78.9682 °","203.523","0.0337663","148.286 m/s","0.00850811 m²/Kg","0.000000000315746 m²/J","86482.1 m","48052.5 m","262.533 °","50.5127 °","7.13737 °","39.153 Km","1.8655 s","44.855 °","5.95991 °","44.8159 °","5.88398 °","0.992547 AU","27.945 km/s","1"
"1840","2019-03-11 19:29:27","7","Confirmed","Not Detected","Not detected","0.61009","2.19984 °","350.705 °","239.386 °","344.904 °","2019-03-05 23:42:29","2.07374 AU","3.50867","0.00112966 AU","0.000880778","0.0130044 °","0.000128086 °","0.204262 °","0.0880794 °","2046 s","0.00587787 AU","2.35785 cm","0.260247 cm","0.0432577 Kg","0.0143236875985 Kg","0.652071 cm","0.402893 cm","0.000914954 Kg","0.00169596 Kg","46.668 MJ","26.1158 MJ","18784.4 m/s","0.015538 m²/Kg","0.000000000332948 m²/J","18790.7 m/s","0.0159535 m²/Kg","0.00000000028214 m²/J","38.5153 °","115.232","1.28535","51.6769 m/s","0.00171501 m²/Kg","0.000000000154114 m²/J","82052.2 m","41369.3 m","154.04 °","18.5649 °","3.25289 °","65.2892 Km","3.713 s","44.4678 °","-0.574306 °","44.5658 °","-1.19552 °","0.808572 AU","12.0407 km/s","1"
"1824","2019-03-06 20:58:06","8","Confirmed","Not Detected","Not detected","0.516742","18.6734 °","165.744 °","355.855 °","358.842 °","2019-02-28 01:28:18","2.05129 AU","3.5549","0.0000523344 AU","0.00243119","0.0633654 °","0.0000999761 °","0.129265 °","0.0314546 °","917.734 s","0.0108612 AU","9.79347 cm","0.359352 cm","3.09973 Kg","0.341215740149 Kg","1.68022 cm","0.345376 cm","0.0156534 Kg","0.0096529 Kg","27.1266 MJ","3.7334 MJ","16771.6 m/s","0.0037409 m²/Kg","0.000000000137905 m²/J","16773.2 m/s","0.00375849 m²/Kg","0.000000000135434 m²/J","9.0227 °","110.162","1.76279","21.0671 m/s","0.000137265 m²/Kg","0.0000000000142641 m²/J","72524 m","40926.8 m","87.9132 °","-32.9435 °","2.10511 °","195.279 Km","12.9844 s","42.2548 °","-1.54986 °","43.8141 °","-0.562288 °","0.991303 AU","9.36388 km/s","1"
"1807","2019-02-27 23:19:05","8","Confirmed","Not Detected","Not detected","0.62598","5.0629 °","158.811 °","49.3267 °","348.456 °","2019-02-21 17:33:46","2.29324 AU","3.30017","0.0009469 AU","0.00281868","0.0737649 °","0.0000654733 °","0.200217 °","0.163466 °","1724.49 s","0.0177764 AU","5.66976 cm","1.81848 cm","0.601462 Kg","0.578727434736 Kg","0.0418833 cm","0.129111 cm","0.000000242458 Kg","0.00000224222 Kg","10.808 MJ","7.52365 MJ","17664.5 m/s","0.00646171 m²/Kg","0.000000000597866 m²/J","17707.8 m/s","0.00797589 m²/Kg","0.000000000419573 m²/J","46.7614 °","40.9625","4.90802","97.291 m/s","0.00207249 m²/Kg","0.000000000240734 m²/J","82151.6 m","38853.2 m","136.788 °","9.07 °","6.93022 °","59.4162 Km","3.494 s","49.8672 °","5.95022 °","50.1985 °","6.17805 °","0.857717 AU","6.30898 km/s","1"
"1799","2019-02-27 04:23:58","15","Confirmed","Detected","Detected","0.344313","28.9922 °","338.028 °","210.697 °","342.77 °","2019-02-22 03:49:33","1.45604 AU","4.44218","0.000321214 AU","0.00195387","0.0559281 °","0.0000811462 °","0.187761 °","0.175025 °","1001.86 s","0.00488008 AU","7.53317 cm","0.490236 cm","1.41074 Kg","0.275420315975 Kg","3.23685 cm","0.290001 cm","0.111913 Kg","0.0300801 Kg","84.8926 MJ","15.6025 MJ","20538.4 m/s","0.00486334 m²/Kg","0.0000000000572881 m²/J","20543.9 m/s","0.00491426 m²/Kg","0.0000000000560611 m²/J","70.3663 °","23.8463","0.844716","64.8554 m/s","0.000316491 m²/Kg","0.00000000000691417 m²/J","84681.9 m","22763.2 m","228.943 °","64.4869 °","2.97951 °","65.7612 Km","3.868 s","44.8549 °","4.66616 °","44.6574 °","4.65605 °","0.954705 AU","4.23125 km/s","1"
"1785","2019-02-25 23:00:42","6","Confirmed","Detected","Detected","0.988939","97.5414 °","336.788 °","191.329 °","359.989 °","2019-02-24 09:03:28","88.6356 AU","-0.108331","0.000911597 AU","0.0129054","0.265498 °","0.000191131 °","0.570159 °","15.9212 °","429.068 s","120.885 AU","0.167597 cm","0.410069 cm","0.0000155352 Kg","0.000114031871595 Kg","3.82554e-43 cm","1.0318e-40 cm","0","0","5.635 MJ","16.0338 MJ","56376 m/s","0.218597 m²/Kg","0.0000000387928 m²/J","56483.3 m/s","0.551201 m²/Kg","0.0000000177581 m²/J","15.9344 °","3677.2","95.8836","252.305 m/s","0.534853 m²/Kg","0.000000029936 m²/J","109393 m","92439.6 m","247.183 °","28.5531 °","5.24177 °","62.1003 Km","1.1103 s","45.2812 °","10.9341 °","45.0598 °","10.2546 °","0.980382 AU","1.00174 km/s","1"
"1784","2019-02-25 22:30:36","12","Confirmed","Not Detected","Not detected","0.647459","2.93745 °","336.78 °","238.395 °","347.389 °","2019-02-20 08:19:29","2.28274 AU","3.28734","0.00104434 AU","0.00216914","0.0450447 °","0.000186049 °","0.129076 °","0.107439 °","3180.66 s","0.0118695 AU","3.6224 cm","0.477688 cm","0.156857 Kg","0.0620544551175 Kg","0.712448 cm","0.226233 cm","0.00119337 Kg","0.00113683 Kg","38.1414 MJ","10.5728 MJ","19101.1 m/s","0.0101138 m²/Kg","0.000000000265167 m²/J","19119.2 m/s","0.0104533 m²/Kg","0.000000000253303 m²/J","63.0902 °","52.3793","1.62619","97.4657 m/s","0.00133372 m²/Kg","0.000000000041767 m²/J","77955.7 m","30675 m","144.407 °","23.755 °","4.69748 °","53.0174 Km","3.307 s","48.5733 °","-0.98683 °","48.7653 °","-1.12915 °","0.804757 AU","3.96613 km/s","1"
"1781","2019-02-25 19:57:46","8","Confirmed","Not Detected","Not detected","0.61208","2.00984 °","156.683 °","21.3645 °","353.559 °","2019-02-16 16:54:02","2.48535 AU","3.06084","0.000196778 AU","0.00223239","0.0237986 °","0.000279631 °","0.0645908 °","0.0601697 °","3469.8 s","0.0490392 AU","4.88128 cm","0.518835 cm","0.38381 Kg","0.122386265476 Kg","0.696723 cm","0.227966 cm","0.00111608 Kg","0.00109553 Kg","18.6884 MJ","4.25273 MJ","14629.2 m/s","0.00750548 m²/Kg","0.000000000401611 m²/J","14643.1 m/s","0.00773505 m²/Kg","0.000000000384209 m²/J","65.4684 °","38.1011","1.94678","68.372 m/s","0.000797762 m²/Kg","0.0000000000508562 m²/J","72708.2 m","31510.8 m","105.47 °","19.8489 °","2.63751 °","45.2838 Km","3.484 s","43.7693 °","5.0531 °","43.9325 °","4.99929 °","0.964119 AU","5.35225 km/s","1"
"1758","2019-02-22 23:59:32","6","Confirmed","Detected","Detected","0.969985","112.501 °","333.811 °","236.883 °","359.737 °","2019-02-21 12:52:54","25.5974 AU","-0.207633","0.00708967 AU","0.0208002","0.503205 °","0.000243906 °","1.32056 °","10.6349 °","303.337 s","18.8923 AU","0.143274 cm","0.123435 cm","0.00000970547 Kg","0.0000250846558846 Kg","0.0880244 cm","0.737898 cm","0.00000225073 Kg","0.0000566028 Kg","1288.63 MJ","21911.4 MJ","60767.1 m/s","0.255708 m²/Kg","0.000000000198435 m²/J","60902.2 m/s","0.314022 m²/Kg","0.00000000299204 m²/J","23.1897 °","2998.94","0.487145","494.158 m/s","0.2203 m²/Kg","0.00000000338905 m²/J","102865 m","79789.6 m","227.755 °","19.1055 °","5.16965 °","58.5932 Km","0.971 s","46.5163 °","-0.198608 °","46.4857 °","-0.888941 °","0.768303 AU","58.7103 km/s","1"
"1755","2019-02-22 02:07:15","23","Confirmed","Detected","Detected","0.998256","131.839 °","152.895 °","83.3924 °","359.993 °","2019-02-20 17:07:35","316.376 AU","-0.596792","0.0018255 AU","0.00210395","0.0397474 °","0.0000519573 °","0.263201 °","20.3016 °","1128.65 s","285.463 AU","0.435872 cm","0.0723045 cm","0.00027327 Kg","0.000135993768122 Kg","0.000262811 cm","0.00119377 cm","0.0000000000000599027 Kg","0.000000000000816291 Kg","94.4515 MJ","59.7545 MJ","64179.5 m/s","0.084053 m²/Kg","0.000000000889906 m²/J","64194.9 m/s","0.0912887 m²/Kg","0.00000000058554 m²/J","10.8119 °","2069.31","7.41367","58.1122 m/s","0.0139431 m²/Kg","0.000000000443081 m²/J","114912 m","74206.1 m","203.071 °","-32.4592 °","1.47388 °","218.264 Km","3.4464 s","44.9725 °","7.72537 °","46.8414 °","7.22611 °","0.551831 AU","56.9968 km/s","1"
"1747","2019-02-20 18:37:27","8","Confirmed","Not Detected","Detected","0.651193","0.0878868 °","331.57 °","265.705 °","338.913 °","2019-02-16 07:19:01","1.80055 AU","3.78255","0.00110319 AU","0.000270318","0.0214903 °","7.00046 °","7.0368 °","0.0915301 °","136.025 s","0.00418789 AU","2.27725 cm","0.0977497 cm","0.0389712 Kg","0.00501845959995 Kg","0.0448024 cm","0.013565 cm","0.000000296769 Kg","0.000000269562 Kg","22.1668 MJ","1.97855 MJ","22632.8 m/s","0.016088 m²/Kg","0.000000000725771 m²/J","22636 m/s","0.0162198 m²/Kg","0.000000000717212 m²/J","18.9023 °","229.345","3.92846","24.678 m/s","0.000690571 m²/Kg","0.0000000000356616 m²/J","81279.4 m","52022.2 m","148.146 °","15.6134 °","1.85446 °","89.8562 Km","4.198 s","48.4313 °","0.496118 °","48.4022 °","-0.638977 °","0.628044 AU","15.517 km/s","1"
"1733","2019-02-17 23:50:05","13","Confirmed","Detected","Detected","0.730671","6.42888 °","328.77 °","285.713 °","337.696 °","2019-02-14 10:17:29","1.7005 AU","3.83516","0.00135206 AU","0.00141174","0.0631011 °","0.0000658227 °","0.12674 °","0.12502 °","24.0387 s","0.00496183 AU","3.55565 cm","0.6271 cm","0.148344 Kg","0.0784891821298 Kg","0.652625 cm","0.410729 cm","0.000917288 Kg","0.00173188 Kg","72.0847 MJ","34.0115 MJ","26811.4 m/s","0.0103037 m²/Kg","0.000000000142939 m²/J","26826.7 m/s","0.0110324 m²/Kg","0.000000000123015 m²/J","54.7588 °","58.2623","1.69529","83.5861 m/s","0.00181724 m²/Kg","0.0000000000441077 m²/J","81708.3 m","32570.9 m","161.621 °","17.1017 °","3.70498 °","60.1807 Km","2.54 s","49.954 °","1.63611 °","50.2331 °","1.42788 °","0.457993 AU","8.1277 km/s","1"
"1731","2019-02-17 21:02:23","17","Confirmed","Detected","Detected","0.992469","77.1404 °","328.647 °","248.204 °","359.957 °","2019-02-16 01:02:13","90.125 AU","0.284746","0.00175048 AU","0.00217781","0.161505 °","0.0000690412 °","0.225618 °","25.4766 °","1782.53 s","28.1074 AU","0.425527 cm","0.0899991 cm","0.00025427 Kg","0.000161334707658 Kg","0.42189 cm","1.75923 cm","0.000247807 Kg","0.00309997 Kg","47320.3 MJ","23813500 MJ","48878.4 m/s","0.0860964 m²/Kg","0.00000000000181944 m²/J","48854 m/s","0.0752906 m²/Kg","0.000000000758864 m²/J","18.3827 °","1260.81","0.00858293","92.1729 m/s","0.0182094 m²/Kg","0.000000000915337 m²/J","105459 m","70513.2 m","210.362 °","37.8391 °","4.98456 °","110.723 Km","2.244 s","43.074 °","7.95622 °","42.541 °","6.91632 °","0.678722 AU","46.0161 km/s","1"
"1698","2019-02-15 06:01:31","6","Confirmed","Detected","Detected","0.244518","30.4967 °","326.006 °","114.93 °","37.7284 °","2019-02-10 05:52:13","1.15871 AU","5.27715","0.0010875 AU","0.0044091","0.133238 °","0.000200322 °","0.677187 °","0.798638 °","3146.02 s","0.00704928 AU","2.95755 cm","0.470036 cm","0.0853713 Kg","0.0407034660216 Kg","1.48673 cm","0.712221 cm","0.0108445 Kg","0.0155853 Kg","106.36 MJ","95.2072 MJ","20743.9 m/s","0.0123874 m²/Kg","0.000000000116466 m²/J","20722.7 m/s","0.0120205 m²/Kg","0.000000000134769 m²/J","59.6132 °","66.3175","0.687783","156.221 m/s","0.00196869 m²/Kg","0.0000000000886063 m²/J","81734.4 m","34672.3 m","283.011 °","45.5774 °","8.41116 °","54.543 Km","2.846 s","45.3534 °","4.11697 °","45.2835 °","3.78288 °","0.875386 AU","12.3025 km/s","1"
"1675","2019-02-13 17:59:41","12","Confirmed","Not Detected","Detected","0.705188","2.23739 °","324.482 °","232.888 °","351.487 °","2019-02-08 04:31:02","2.79983 AU","2.89785","0.000779764 AU","0.00119517","0.01472 °","0.0000760388 °","0.15332 °","0.0745749 °","152.402 s","0.0103598 AU","0.83897 cm","0.1208 cm","0.00194874 Kg","0.000841772702031 Kg","0.0269875 cm","0.0496596 cm","0.0000000648634 Kg","0.000000358065 Kg","18.5576 MJ","10.6693 MJ","19369.3 m/s","0.0436683 m²/Kg","0.00000000235312 m²/J","19376.9 m/s","0.0466276 m²/Kg","0.00000000175764 m²/J","38.0528 °","327.178","3.4368","34.1507 m/s","0.00628761 m²/Kg","0.0000000010544 m²/J","95479.7 m","55120.7 m","122.403 °","27.3868 °","4.08656 °","65.59 Km","3.488 s","44.0155 °","7.22471 °","43.9898 °","6.58856 °","0.825423 AU","14.4477 km/s","1"
"1661","2019-02-11 05:04:15","6","Confirmed","Not Detected","Detected","0.966638","162.778 °","141.918 °","36.8863 °","359.819 °","2019-02-09 23:31:13","26.6714 AU","-0.913726","0.00367689 AU","0.018579","0.115403 °","0.000162144 °","0.858501 °","0.155844 °","4609.37 s","15.0747 AU","0.238219 cm","0.335189 cm","0.0000446112 Kg","0.000188312352139 Kg","0.126017 cm","2.55785 cm","0.00000660397 Kg","0.000402134 Kg","1363.18 MJ","42330.8 MJ","71456.8 m/s","0.153793 m²/Kg","0.000000000112819 m²/J","71569.5 m/s","0.262647 m²/Kg","0.00000000313708 m²/J","16.234 °","2540.58","0.636772","257.71 m/s","0.216396 m²/Kg","0.00000000356056 m²/J","107799 m","83663.9 m","215.434 °","-23.6952 °","7.76486 °","86.3465 Km","1.2004 s","49.5791 °","1.46377 °","50.3126 °","1.51757 °","0.88982 AU","70.4597 km/s","1"
"1654","2019-02-06 22:02:53","6","Confirmed","Not Detected","Not detected","0.763963","5.79153 °","317.561 °","305.309 °","328.619 °","2019-02-03 15:51:12","1.32288 AU","4.58029","0.00454211 AU","0.00286651","0.197532 °","0.00023819 °","0.597623 °","0.500124 °","1394.98 s","0.0128834 AU","0.684417 cm","0.143997 cm","0.00105798 Kg","0.000667775131714 Kg","0.0867113 cm","0.08831 cm","0.00000215149 Kg","0.00000657349 Kg","69.5316 MJ","41.3393 MJ","29069 m/s","0.0535293 m²/Kg","0.000000000769856 m²/J","29129.8 m/s","0.058628 m²/Kg","0.000000000601704 m²/J","42.0527 °","369.071","2.06598","186.218 m/s","0.0112622 m²/Kg","0.000000000314379 m²/J","80174.2 m","51680.5 m","157.628 °","15.5451 °","12.7518 °","42.5909 Km","1.6062 s","43.2184 °","4.45306 °","43.3186 °","4.09227 °","0.312248 AU","17.9839 km/s","1"
"1645","2019-02-04 03:22:39","7","Confirmed","Not Detected","Not detected","0.990435","155.678 °","134.75 °","1.06757 °","359.998 °","2019-02-02 21:57:12","103.049 AU","-1.06255","0.0000712641 AU","0.0149041","0.0816952 °","0.000155111 °","0.431651 °","0.00471518 °","2534.82 s","115.737 AU","0.152047 cm","0.0508864 cm","0.0000115996 Kg","0.0000116463861115 Kg","0.138907 cm","0.755949 cm","0.0000088448 Kg","0.000144403 Kg","9748.74 MJ","601108 MJ","71992.9 m/s","0.240955 m²/Kg","0.0000000000247165 m²/J","71965.4 m/s","0.210996 m²/Kg","0.00000000132395 m²/J","9.22719 °","6939.7","0.0903816","170.242 m/s","0.0806419 m²/Kg","0.0000000015206 m²/J","116015 m","82334.6 m","216.927 °","-29.0156 °","3.38849 °","207.262 Km","2.9181 s","44.2385 °","-1.75414 °","45.8006 °","-3.04937 °","0.985679 AU","68.3401 km/s","1"
"1643","2019-02-03 22:19:22","7","Confirmed","Not Detected","Not detected","0.568343","22.7667 °","314.539 °","195.851 °","354.749 °","2019-01-29 08:26:08","2.25217 AU","3.30836","0.00015919 AU","0.00176581","0.067156 °","0.000104374 °","0.107644 °","0.0612594 °","1035.88 s","0.0100107 AU","3.49978 cm","0.462013 cm","0.14146 Kg","0.0560234515089 Kg","0.929341 cm","0.53977 cm","0.00264874 Kg","0.00461524 Kg","46.8788 MJ","25.085 MJ","19121.9 m/s","0.0104682 m²/Kg","0.000000000223303 m²/J","19132.2 m/s","0.01092 m²/Kg","0.000000000187758 m²/J","45.726 °","67.519","1.32598","66.8406 m/s","0.00138193 m²/Kg","0.0000000000919196 m²/J","81864.8 m","36221.6 m","128.487 °","86.7766 °","3.62733 °","63.7374 Km","3.6006 s","42.8435 °","1.86545 °","42.4469 °","1.85061 °","0.972164 AU","10.9948 km/s","1"
"1623","2019-01-24 20:59:08","19","Confirmed","Not Detected","Detected","0.865651","11.6316 °","124.326 °","123.768 °","345.522 °","2019-01-22 03:30:46","2.03741 AU","3.1672","0.000816032 AU","0.000456465","0.0558992 °","0.0000555414 °","0.104455 °","0.0570392 °","808.864 s","0.00483053 AU","2.10266 cm","0.089586 cm","0.0306776 Kg","0.0039211510936 Kg","0.406108 cm","0.0649619 cm","0.000221023 Kg","0.000106066 Kg","119.232 MJ","14.637 MJ","33960 m/s","0.0174238 m²/Kg","0.000000000146134 m²/J","33963.8 m/s","0.0175662 m²/Kg","0.000000000143363 m²/J","31.7779 °","152.796","1.64434","41.3682 m/s","0.000742359 m²/Kg","0.000000000012183 m²/J","96809 m","41396.1 m","140.028 °","8.27829 °","1.95922 °","105.283 Km","3.5438 s","44.059 °","9.09415 °","44.3524 °","8.06391 °","0.273724 AU","15.2461 km/s","1"
"1613","2019-01-21 22:52:41","6","Confirmed","Not Detected","Not detected","0.997858","49.5625 °","121.35 °","76.1598 °","359.992 °","2019-01-19 15:25:27","284.847 AU","0.646556","0.00117773 AU","0.00286508","0.277014 °","0.000154718 °","0.19078 °","10.8714 °","873.577 s","306.966 AU","0.243066 cm","0.166305 cm","0.0000473903 Kg","0.0000972725410278 Kg","0.000000000781311 cm","0.0000000161738 cm","1.57393e-30 Kg","9.7745e-29 Kg","13.4059 MJ","14.6831 MJ","39269.8 m/s","0.150726 m²/Kg","0.0000000112433 m²/J","39314.6 m/s","0.200886 m²/Kg","0.00000000583816 m²/J","19.4132 °","2094.25","19.5556","157.584 m/s","0.103126 m²/Kg","0.00000000639379 m²/J","103533 m","79187.5 m","128.371 °","-23.8078 °","3.88614 °","72.831 Km","1.8703 s","44.4723 °","7.01931 °","45.0548 °","6.77013 °","0.610149 AU","36.2047 km/s","1"
"1606","2019-01-20 00:29:06","6","Confirmed","Not Detected","Not detected","1.03076","109.652 °","299.383 °","186.062 °","-0.0308952 °","2019-01-18 13:48:13","-31.8983 AU","-0.559029","0.000947506 AU","0.0485578","0.537235 °","0.000335081 °","1.08308 °","54.926 °","6549.48 s","73.1651 AU","0.167746 cm","0.645459 cm","0.0000155766 Kg","0.000179808096689 Kg","0.0000000000126006 cm","0.00000000128633 cm","6.60221e-36 Kg","2.02196e-33 Kg","27.487 MJ","125.106 MJ","61394.4 m/s","0.218403 m²/Kg","0.0000000079457 m²/J","61770.4 m/s","0.822747 m²/Kg","0.0000000045056 m²/J","23.9476 °","2484.92","23.312","717.401 m/s","0.840379 m²/Kg","0.0000000117699 m²/J","107461 m","80579 m","219.984 °","29.2362 °","15.0386 °","66.2017 Km","1.07621 s","53.9855 °","5.60201 °","53.8272 °","4.73535 °","0.981147 AU","2.61412 km/s","1"
"1564","2019-01-10 04:18:37","8","Confirmed","Detected","Detected","0.860564","79.3587 °","289.362 °","115.137 °","2.92904 °","2019-01-08 07:24:39","5.17635 AU","1.17309","0.0034019 AU","0.0122745","0.146572 °","0.000105264 °","0.583322 °","0.416188 °","646.821 s","0.481194 AU","0.242253 cm","0.622476 cm","0.0000469162 Kg","0.000361656942368 Kg","1.73882e-16 cm","0.0000000000000190494 cm","0","0","11.2357 MJ","36.2106 MJ","48006.8 m/s","0.151232 m²/Kg","0.00000001346 m²/J","48125 m/s","0.42091 m²/Kg","0.0000000071831 m²/J","36.1332 °","1184.43","34.8704","247.527 m/s","0.388594 m²/Kg","0.0000000103856 m²/J","105353 m","78488.7 m","246.982 °","27.2304 °","8.29972 °","45.5511 Km","0.9619 s","45.0731 °","8.40469 °","45.0505 °","7.94536 °","0.72177 AU","6.71492 km/s","1"
"1555","2019-01-06 23:46:40","16","Confirmed","Not Detected","Detected","1.004","135.175 °","106.108 °","88.3837 °","-0.0271424 °","2019-01-05 14:59:52","-126.236 AU","-0.719121","0.00554488 AU","0.00626903","0.159832 °","0.000138815 °","0.806363 °","4.53454 °","764.545 s","42.2209 AU","0.0321155 cm","0.0118176 cm","0.00000010931 Kg","0.000000120668335382 Kg","0.00000189088 cm","0.0000145847 cm","2.23104e-20 Kg","5.16251e-19 Kg","73.2429 MJ","60.7187 MJ","64779.7 m/s","1.14077 m²/Kg","0.0000000155751 m²/J","64829.8 m/s","1.3498 m²/Kg","0.00000000967529 m²/J","17.2492 °","17766.6","9.74005","211.755 m/s","0.419769 m²/Kg","0.00000000822736 m²/J","111157 m","89198.5 m","159.469 °","-12.22 °","3.42538 °","74.6583 Km","1.1686 s","43.4377 °","5.71717 °","43.8182 °","5.02188 °","0.504581 AU","59.5096 km/s","1"
"1548","2019-01-04 21:46:43","13","Confirmed","Detected","Detected","0.677555","72.6734 °","283.984 °","169.267 °","1.134 °","2019-01-02 19:39:12","3.0281 AU","2.04965","0.000388672 AU","0.00176887","0.0747967 °","0.000102029 °","0.295204 °","0.0350475 °","101.388 s","0.0148356 AU","0.63726 cm","0.167175 cm","0.000854014 Kg","0.000672112257185 Kg","0.000000315567 cm","0.00000335627 cm","1.03702e-22 Kg","3.30883e-21 Kg","21.8009 MJ","16.3519 MJ","43149 m/s","0.0574904 m²/Kg","0.00000000263707 m²/J","43166.7 m/s","0.0652612 m²/Kg","0.00000000167895 m²/J","7.93816 °","1922.48","14.5183","58.2714 m/s","0.0150817 m²/Kg","0.00000000140298 m²/J","102852 m","78375.2 m","229.397 °","49.6709 °","1.33985 °","177.41 Km","4.1436 s","45.7487 °","8.00868 °","44.2704 °","7.31099 °","0.976394 AU","40.9139 km/s","1"
"1542","2019-01-04 05:32:25","8","Confirmed","Not Detected","Not detected","0.649717","71.9726 °","283.297 °","175.217 °","0.328367 °","2019-01-02 02:45:12","2.80335 AU","2.20113","0.000556718 AU","0.0226607","0.315555 °","0.000129379 °","0.95023 °","50.2752 °","2249.68 s","0.178018 AU","0.48064 cm","0.343852 cm","0.000366416 Kg","0.000786407794785 Kg","0.00016669 cm","0.00149064 cm","0.0000000000000152843 Kg","0.000000000000410042 Kg","38.7512 MJ","47.2089 MJ","42614.6 m/s","0.0762241 m²/Kg","0.00000000196701 m²/J","42744.2 m/s","0.112055 m²/Kg","0.000000000964891 m²/J","67.4388 °","381.19","7.96674","411.911 m/s","0.054531 m²/Kg","0.00000000117893 m²/J","97801 m","60880.7 m","228.054 °","49.8953 °","17.7696 °","39.9734 Km","0.9528 s","44.7288 °","8.99313 °","44.6716 °","8.81983 °","0.981966 AU","23.4925 km/s","1"
"1534","2019-01-04 03:05:20","7","Confirmed","Not Detected","Not detected","0.654528","69.9078 °","283.192 °","170.129 °","1.11614 °","2019-01-01 23:06:44","2.82968 AU","2.2775","0.00119641 AU","0.0360657","0.471403 °","0.000316354 °","0.938531 °","0.159766 °","10830.7 s","0.255227 AU","0.48287 cm","1.42946 cm","0.00037154 Kg","0.00329965663492 Kg","0.438291 cm","9.73062 cm","0.000277844 Kg","0.0185055 Kg","3067.31 MJ","653791 MJ","41806 m/s","0.075872 m²/Kg","0.0000000000247357 m²/J","42212.7 m/s","0.223648 m²/Kg","0.00000000444077 m²/J","36.6754 °","586.645","0.0968656","647.609 m/s","0.224607 m²/Kg","0.00000000530736 m²/J","90785.2 m","76002.8 m","230.387 °","50.014 °","14.7233 °","24.7434 Km","0.6746 s","45.7813 °","-2.85567 °","45.675 °","-3.05635 °","0.977575 AU","41.2872 km/s","1"
"1528","2019-01-04 01:25:31","6","Confirmed","Not Detected","Detected","0.684733","71.2486 °","283.121 °","172.176 °","0.688234 °","2019-01-01 22:31:38","3.10727 AU","2.04003","0.000513272 AU","0.0201409","0.261778 °","0.000196802 °","0.477322 °","0.0220805 °","916.034 s","0.229348 AU","0.760591 cm","0.595707 cm","0.001452 Kg","0.00341169279442 Kg","0.00000229328 cm","0.0000304504 cm","3.98001e-20 Kg","1.58541e-18 Kg","24.3498 MJ","27.0233 MJ","42670.5 m/s","0.0481683 m²/Kg","0.00000000197818 m²/J","42717 m/s","0.0618104 m²/Kg","0.00000000104272 m²/J","28.9028 °","460.251","12.7119","341.666 m/s","0.0377262 m²/Kg","0.00000000109364 m²/J","91147.7 m","65501.9 m","228.706 °","50.2696 °","8.04352 °","53.0287 Km","1.297 s","43.2473 °","9.20575 °","42.9646 °","8.79543 °","0.979618 AU","1.00022 km/s","1"
"1524","2019-01-03 23:01:25","11","Confirmed","Not Detected","Detected","0.657894","73.234 °","283.018 °","176.359 °","0.144649 °","2019-01-01 21:02:40","2.87207 AU","2.13727","0.000208718 AU","0.00689072","0.154691 °","0.000156062 °","0.476011 °","9.7733 °","3128.91 s","0.0587541 AU","0.483713 cm","0.439818 cm","0.000373488 Kg","0.00101878692157 Kg","0.116875 cm","2.77038 cm","0.00000526835 Kg","0.000374641 Kg","224.377 MJ","3730.25 MJ","43298 m/s","0.0757399 m²/Kg","0.000000000337557 m²/J","43348.4 m/s","0.0950592 m²/Kg","0.00000000497564 m²/J","15.5994 °","1300.74","1.42039","155.665 m/s","0.0688668 m²/Kg","0.00000000564394 m²/J","94866.2 m","81224.9 m","224.958 °","50.8546 °","3.11321 °","50.8651 Km","1.1827 s","45.7478 °","6.54887 °","45.3718 °","6.23792 °","0.982554 AU","42.8034 km/s","1"
"1523","2019-01-03 22:54:43","10","Confirmed","Detected","Detected","0.784272","74.1781 °","283.013 °","175.229 °","0.154041 °","2019-01-01 22:36:13","4.55131 AU","1.51495","0.00172889 AU","0.0388926","0.935273 °","0.00103961 °","2.69821 °","51.393 °","157.482 s","0.75801 AU","0.0590396 cm","0.0208921 cm","0.000000679118 Kg","0.000000720948817259 Kg","0.0000675925 cm","0.0000921389 cm","0.00000000000000101908 Kg","0.00000000000000416749 Kg","50.2062 MJ","14.4448 MJ","44722.7 m/s","0.620538 m²/Kg","0.0000000123598 m²/J","45274.3 m/s","0.787477 m²/Kg","0.0000000129993 m²/J","13.1042 °","12640","6.77247","924.135 m/s","0.219587 m²/Kg","0.000000000888714 m²/J","96771.3 m","82118.1 m","226.549 °","51.0975 °","15.4494 °","64.6516 Km","7.1522 s","46.294 °","0.196768 °","45.7864 °","-0.138308 °","0.981843 AU","1.00001 km/s","1"
"1520","2019-01-03 21:55:26","6","Confirmed","Not Detected","Detected","0.675167","73.7055 °","282.971 °","177.54 °","359.966 °","2019-01-01 20:22:02","3.02609 AU","1.99763","0.000725959 AU","0.0175074","0.715733 °","0.000829879 °","2.43513 °","28.3185 °","147.568 s","0.163304 AU","0.128758 cm","0.217262 cm","0.00000704424 Kg","0.0000356587802952 Kg","0.00000000000000652494 cm","0.000000000000444045 cm","1.4013e-45 Kg","1.87774e-43 Kg","10.5627 MJ","24.2764 MJ","43613.3 m/s","0.284537 m²/Kg","0.0000000269378 m²/J","43859.6 m/s","0.570021 m²/Kg","0.0000000114353 m²/J","10.6057 °","7139.69","30.6133","592.664 m/s","0.48012 m²/Kg","0.0000000211713 m²/J","98104.5 m","88752.8 m","224.424 °","51.3132 °","6.54027 °","50.5284 Km","1.1695 s","44.8306 °","8.09344 °","44.4215 °","7.86524 °","0.982975 AU","1.0184 km/s","1"
"1512","2019-01-03 03:29:13","6","Confirmed","Not Detected","Not detected","0.893991","160.486 °","102.186 °","357.356 °","0.0232447 °","2019-01-01 21:55:40","9.27126 AU","-0.559865","0.00034217 AU","0.0380365","0.168745 °","0.000171372 °","39.9418 °","40.5289 °","10997.2 s","3.15126 AU","0.138379 cm","0.214241 cm","0.00000874436 Kg","0.0000406144757905 Kg","0.00000000000283245 cm","0.000000000188601 cm","7.49895e-38 Kg","1.49797e-35 Kg","35.4211 MJ","97.907 MJ","71611.3 m/s","0.264753 m²/Kg","0.00000000747444 m²/J","71671 m/s","0.429373 m²/Kg","0.0000000035009 m²/J","27.8487 °","2617.39","24.6121","468.01 m/s","0.409895 m²/Kg","0.0000000114007 m²/J","109973 m","81434.1 m","187.5 °","-15.042 °","10.9274 °","61.0095 Km","0.9049 s","43.0883 °","10.1697 °","43.5211 °","9.89117 °","0.982834 AU","1.00002 km/s","1"
"1489","2018-12-27 00:59:28","7","Confirmed","Detected","Detected","0.503986","5.78928 °","95.0012 °","24.0772 °","349.253 °","2018-12-16 22:16:52","1.92489 AU","3.74843","0.000174116 AU","0.00132982","0.0313334 °","0.000295332 °","0.094961 °","0.0827214 °","1688.47 s","0.0055411 AU","5.56532 cm","0.204565 cm","0.568831 Kg","0.0627257957985 Kg","3.54489 cm","0.245781 cm","0.147002 Kg","0.0305766 Kg","71.216 MJ","16.7044 MJ","13746 m/s","0.00658298 m²/Kg","0.0000000000924368 m²/J","13748.2 m/s","0.00661385 m²/Kg","0.0000000000897663 m²/J","28.0621 °","64.6253","0.451046","29.5864 m/s","0.000241971 m²/Kg","0.0000000000183961 m²/J","79542.3 m","29763.6 m","62.4101 °","4.94821 °","2.83316 °","106.642 Km","9.14 s","44.9173 °","6.59502 °","45.2454 °","7.68873 °","0.95477 AU","4.73202 km/s","1"
"1482","2018-12-25 23:46:48","8","Confirmed","Not Detected","Not detected","0.984809","167.126 °","93.8703 °","121.034 °","359.44 °","2018-12-24 14:22:49","16.0539 AU","-0.344616","0.00897399 AU","0.0067125","0.165699 °","0.000241566 °","1.57609 °","0.402547 °","2533.33 s","9.93887 AU","0.060483 cm","0.076021 cm","0.000000730153 Kg","0.00000275318672392 Kg","0.00000000161209 cm","0.0000000479941 cm","1.38256e-29 Kg","1.23482e-27 Kg","39.5631 MJ","70.8684 MJ","63708.6 m/s","0.60573 m²/Kg","0.0000000153105 m²/J","64072.1 m/s","1.23636 m²/Kg","0.00000000858858 m²/J","33.8494 °","5022.12","17.4403","480.585 m/s","0.761341 m²/Kg","0.00000000908555 m²/J","107917 m","83410.6 m","149.059 °","8.26296 °","2.76416 °","43.971 Km","0.7018 s","44.5509 °","8.85052 °","44.6874 °","8.43961 °","0.243876 AU","1.00334 km/s","1"
"1481","2018-12-25 21:49:01","7","Confirmed","Not Detected","Detected","0.844373","1.93672 °","273.746 °","331.546 °","306.618 °","2018-12-22 19:45:56","0.88391 AU","6.29777","0.00624137 AU","0.00640689","0.184386 °","5.59553 °","5.47331 °","0.376114 °","6871.05 s","0.00473595 AU","1.25828 cm","3.21861 cm","0.00657424 Kg","0.0504496104343 Kg","1.10785e-17 cm","0.00000000000000127686 cm","0","0","4.03179 MJ","12.1831 MJ","30518.4 m/s","0.0291162 m²/Kg","0.00000000722166 m²/J","30774.2 m/s","0.0837285 m²/Kg","0.00000000349836 m²/J","31.3959 °","258.115","39.2713","368.751 m/s","0.0744777 m²/Kg","0.00000000474887 m²/J","82843.4 m","69490.5 m","127.127 °","21.0232 °","8.1289 °","25.6357 Km","0.87122 s","43.8649 °","-0.16942 °","43.8659 °","-0.438436 °","0.13756 AU","1.01513 km/s","1"
"1474","2018-12-25 01:13:33","12","Confirmed","Detected","Detected","0.98653","66.2494 °","92.9222 °","108.743 °","359.696 °","2018-12-23 03:26:24","25.1037 AU","0.496672","0.00123869 AU","0.00169659","0.156625 °","0.0000454427 °","0.196048 °","0.0582689 °","327.822 s","18.4965 AU","151995 cm","55263200000 cm","11587800000000 Kg","1.2639491296e19 Kg","3.14392e-18 cm","0.0000000000512421 cm","0","0","7.15178 MJ","2280670 MJ","46876.3 m/s","0.000000241037 m²/Kg","0.0000000000000337031 m²/J","46929.7 m/s","0.0713941 m²/Kg","0.00000000215638 m²/J","35.6332 °","0.00191069","52.2327","90.7503 m/s","0.0876376 m²/Kg","0.00000000249901 m²/J","104754 m","71154.8 m","119.731 °","-9.02103 °","3.49002 °","57.717 Km","1.4715 s","45.1163 °","7.65096 °","45.5328 °","7.646 °","0.338142 AU","46.8763 km/s","1"
"1448","2018-12-15 21:35:52","8","Confirmed","Not Detected","Not detected","0.888765","23.5523 °","263.603 °","324.129 °","333.483 °","2018-12-13 08:11:07","1.31093 AU","4.39128","0.000944816 AU","0.000874188","0.187274 °","0.0000367574 °","0.11901 °","0.143368 °","696.165 s","0.00396608 AU","1.07737 cm","0.0799206 cm","0.0041268 Kg","0.000918389256909 Kg","0.80909 cm","0.2738 cm","0.00174785 Kg","0.00177444 Kg","766.066 MJ","1071.15 MJ","35923.1 m/s","0.0340052 m²/Kg","0.0000000000443894 m²/J","35905.4 m/s","0.0329329 m²/Kg","0.0000000000754802 m²/J","44.7311 °","223.142","0.286372","79.6911 m/s","0.00252254 m²/Kg","0.0000000000592657 m²/J","97145.7 m","44594.1 m","114.623 °","32.6906 °","4.21951 °","74.6828 Km","2.164 s","43.5361 °","9.73663 °","43.4857 °","9.09129 °","0.145822 AU","24.2718 km/s","1"
"1444","2018-12-15 06:00:54","6","Confirmed","Not Detected","Not detected","0.897392","23.4843 °","262.946 °","324.01 °","335.959 °","2018-12-12 17:48:33","1.38484 AU","4.17456","0.00073021 AU","0.00119597","0.065872 °","0.0000657546 °","0.0618607 °","0.314033 °","1059.51 s","0.0103322 AU","0.455784 cm","0.0993257 cm","0.000312457 Kg","0.000204274884444 Kg","0.00217618 cm","0.00420026 cm","0.0000000000340095 Kg","0.000000000196925 Kg","41.3278 MJ","16.7843 MJ","36045.2 m/s","0.080381 m²/Kg","0.00000000194496 m²/J","36100 m/s","0.0910338 m²/Kg","0.00000000170854 m²/J","39.2895 °","586.216","5.34445","120.341 m/s","0.0175169 m²/Kg","0.000000000383115 m²/J","94822.6 m","60451.3 m","115.873 °","33.1565 °","2.00062 °","54.2786 Km","1.5695 s","44.6986 °","7.09423 °","44.63 °","7.60868 °","0.142096 AU","22.1401 km/s","1"
"1441","2018-12-15 03:35:59","15","Confirmed","Detected","Detected","0.889956","22.6324 °","262.842 °","324.08 °","333.863 °","2018-12-12 14:11:58","1.32188 AU","4.36016","0.000770872 AU","0.00094734","0.125347 °","0.0000331412 °","0.0957226 °","0.233752 °","40.2085 s","0.0074518 AU","1.1809 cm","0.163334 cm","0.00543437 Kg","0.0022549452937 Kg","0.0624434 cm","0.0553008 cm","0.000000803476 Kg","0.00000213471 Kg","73.0672 MJ","25.5021 MJ","35546.2 m/s","0.0310242 m²/Kg","0.000000000424598 m²/J","35568.8 m/s","0.0328663 m²/Kg","0.000000000379182 m²/J","64.7678 °","158.388","2.93977","95.3778 m/s","0.00429108 m²/Kg","0.0000000000937898 m²/J","94825.5 m","45996.4 m","115.479 °","32.6157 °","3.32898 °","53.9774 Km","1.619 s","44.6282 °","6.49223 °","44.6941 °","6.76389 °","0.145465 AU","19.8668 km/s","1"
"1436","2018-12-15 02:13:52","9","Confirmed","Detected","Not detected","0.892528","22.9013 °","262.783 °","323.943 °","334.733 °","2018-12-12 13:18:45","1.3477 AU","4.28367","0.00269183 AU","0.00228573","0.322224 °","0.0000696674 °","0.414639 °","0.628808 °","5875.94 s","0.0192048 AU","0.864709 cm","0.162357 cm","0.00213366 Kg","0.00120183886227 Kg","0.860877 cm","0.707396 cm","0.00210541 Kg","0.00519015 Kg","49259.9 MJ","10856800 MJ","35875.6 m/s","0.0423684 m²/Kg","0.0000000000008601 m²/J","35791.7 m/s","0.0368422 m²/Kg","0.000000000156304 m²/J","76.9588 °","200.846","0.00444174","226.962 m/s","0.00795505 m²/Kg","0.000000000189425 m²/J","92983.7 m","44005.1 m","114.869 °","32.4753 °","11.3896 °","50.2738 Km","1.4878 s","44.7342 °","3.32519 °","44.8287 °","3.37473 °","0.14484 AU","25.515 km/s","1"
"1431","2018-12-15 01:01:10","8","Confirmed","Detected","Detected","0.881714","22.2635 °","262.731 °","324.238 °","331.435 °","2018-12-12 10:27:20","1.25843 AU","4.56378","0.00248229 AU","0.0026626","0.26625 °","0.0000643063 °","0.290775 °","0.569164 °","6134.06 s","0.0130504 AU","1.76775 cm","0.534971 cm","0.0182296 Kg","0.0165503475688 Kg","0.137515 cm","0.227752 cm","0.00000858158 Kg","0.0000426382 Kg","82.0861 MJ","62.7106 MJ","35115.4 m/s","0.0207249 m²/Kg","0.000000000252477 m²/J","35185.2 m/s","0.0240514 m²/Kg","0.000000000170995 m²/J","73.5996 °","99.771","2.55373","254.188 m/s","0.00627193 m²/Kg","0.00000000012575 m²/J","91300.5 m","42060.4 m","114.857 °","32.4894 °","6.46359 °","51.3275 Km","1.54 s","45.5843 °","3.62863 °","45.6819 °","3.50836 °","0.148855 AU","21.615 km/s","1"
"1421","2018-12-14 23:46:26","8","Confirmed","Not Detected","Not detected","0.891146","22.3548 °","262.678 °","324.646 °","333.439 °","2018-12-12 10:23:25","1.30643 AU","4.40286","0.000833071 AU","0.000823262","0.0993162 °","0.0000206128 °","0.102207 °","0.149299 °","398.899 s","0.00416509 AU","0.625118 cm","0.0655863 cm","0.00080612 Kg","0.000253730381403 Kg","0.0430593 cm","0.0313331 cm","0.00000026346 Kg","0.000000575139 Kg","81.4737 MJ","25.4191 MJ","35807.6 m/s","0.0586071 m²/Kg","0.000000000719338 m²/J","35824.5 m/s","0.0610596 m²/Kg","0.00000000065118 m²/J","65.2568 °","298.02","2.67536","79.9025 m/s","0.00614896 m²/Kg","0.000000000153248 m²/J","91783 m","51678.5 m","114.324 °","32.1128 °","2.75505 °","44.162 Km","1.3589 s","45.3673 °","7.49603 °","45.4321 °","7.28132 °","0.14221 AU","21.8306 km/s","1"
"1418","2018-12-14 23:31:54","10","Confirmed","Not Detected","Detected","0.889452","22.4344 °","262.668 °","324.683 °","332.923 °","2018-12-12 09:54:04","1.2925 AU","4.44636","0.00135098 AU","0.00139384","0.294912 °","0.0000568314 °","0.179389 °","0.328081 °","1398.43 s","0.00850413 AU","1.17035 cm","0.261465 cm","0.00529007 Kg","0.00354553099815 Kg","0.046807 cm","0.0859904 cm","0.000000338413 Kg","0.00000186512 Kg","67.3353 MJ","43.1856 MJ","35707.5 m/s","0.0313038 m²/Kg","0.000000000464894 m²/J","35748.8 m/s","0.0352021 m²/Kg","0.0000000003373 m²/J","63.3666 °","161.727","3.21903","136.742 m/s","0.0069935 m²/Kg","0.000000000201065 m²/J","92567.2 m","51653 m","114.328 °","32.1573 °","7.01955 °","45.7712 Km","1.424 s","43.9223 °","7.58583 °","43.9725 °","7.34282 °","0.142883 AU","24.3039 km/s","1"
"1407","2018-12-14 22:17:50","8","Confirmed","Not Detected","Detected","0.890639","22.9593 °","262.615 °","324.076 °","334.054 °","2018-12-12 09:03:10","1.32728 AU","4.36406","0.0035372 AU","0.00346639","0.38509 °","0.0000982403 °","0.398237 °","0.526139 °","3487.39 s","0.0137392 AU","0.348655 cm","0.357076 cm","0.000139863 Kg","0.000429722804956 Kg","0.000000193637 cm","0.00000409668 cm","2.39595e-23 Kg","1.5207e-21 Kg","15.2696 MJ","23.7132 MJ","35968.8 m/s","0.105079 m²/Kg","0.00000000688157 m²/J","36163.9 m/s","0.188981 m²/Kg","0.000000003306 m²/J","51.1906 °","622.759","14.4036","329.802 m/s","0.107617 m²/Kg","0.00000000413019 m²/J","90999.4 m","68869.5 m","113.507 °","32.5401 °","6.48869 °","28.6752 Km","0.8349 s","44.5812 °","7.93905 °","44.5846 °","7.71779 °","0.145153 AU","2.49756 km/s","1"
"1393","2018-12-14 20:08:56","6","Confirmed","Detected","Detected","0.893919","23.3827 °","262.524 °","324.406 °","334.517 °","2018-12-12 07:18:53","1.33818 AU","4.30507","0.00152894 AU","0.00121431","0.126376 °","0.0000560842 °","0.199782 °","0.108887 °","1188.03 s","0.0028011 AU","0.516324 cm","0.10141 cm","0.000454235 Kg","0.000267646130814 Kg","0.013827 cm","0.0247308 cm","0.00000000872364 Kg","0.0000000468089 Kg","61.7742 MJ","34.0253 MJ","36269.4 m/s","0.0709562 m²/Kg","0.00000000114864 m²/J","36314.8 m/s","0.0787189 m²/Kg","0.000000000896581 m²/J","31.0333 °","635.63","3.62011","106.317 m/s","0.0139364 m²/Kg","0.000000000417492 m²/J","92758.6 m","59470.2 m","112.767 °","32.8822 °","2.23772 °","64.7252 Km","1.8696 s","45.1988 °","10.3759 °","45.0537 °","9.70948 °","0.141955 AU","26.5148 km/s","1"
"1388","2018-12-14 18:28:44","6","Confirmed","Detected","Detected","0.890762","23.1343 °","262.454 °","325.284 °","332.457 °","2018-12-12 04:59:07","1.27637 AU","4.49036","0.00332529 AU","0.00186275","0.0958278 °","0.000177541 °","0.518605 °","0.21997 °","1210.26 s","0.00929592 AU","2.19426 cm","1.11597 cm","0.034864 Kg","0.0531941799879 Kg","2.07107 cm","12.743 cm","0.0293155 Kg","0.541122 Kg","3793.36 MJ","407777 MJ","35906.3 m/s","0.0166965 m²/Kg","0.0000000000044015 m²/J","35900.2 m/s","0.0156573 m²/Kg","0.000000000411985 m²/J","9.71509 °","456.937","0.0577787","99.3053 m/s","0.00849162 m²/Kg","0.00000000047281 m²/J","97440.7 m","64996.9 m","112.524 °","33.5655 °","2.95294 °","195.98 Km","5.498 s","44.8925 °","1.47165 °","43.8292 °","-0.408588 °","0.139428 AU","34.21 km/s","1"
"1387","2018-12-14 18:15:46","6","Confirmed","Not Detected","Detected","0.888052","23.1028 °","262.444 °","324.237 °","333.144 °","2018-12-12 04:40:03","1.30126 AU","4.41602","0.00243786 AU","0.00144513","0.0683021 °","0.000121344 °","0.363952 °","0.097817 °","2798.24 s","0.00524947 AU","1.01104 cm","0.773266 cm","0.00341048 Kg","0.00782525512063 Kg","4.76197e-23 cm","3.01751e-21 cm","0","0","4.24777 MJ","5.30497 MJ","35840.9 m/s","0.0362364 m²/Kg","0.00000000853068 m²/J","35862.8 m/s","0.0469851 m²/Kg","0.00000000418555 m²/J","13.8258 °","700.281","51.4098","91.45 m/s","0.0277145 m²/Kg","0.00000000590699 m²/J","97840.8 m","78023.8 m","112.049 °","33.6707 °","2.17794 °","83.1894 Km","2.3671 s","44.5462 °","10.9612 °","44.1463 °","10.1315 °","0.145673 AU","3.00834 km/s","1"
"1385","2018-12-14 05:50:55","7","Confirmed","Not Detected","Detected","0.889664","24.0119 °","261.922 °","323.749 °","334.217 °","2018-12-11 16:43:45","1.33404 AU","4.32287","0.00118138 AU","0.00154216","0.0775225 °","0.0000791291 °","0.152454 °","0.411753 °","1101.73 s","0.0123367 AU","0.477621 cm","0.121241 cm","0.000359555 Kg","0.000273812790207 Kg","0.00618133 cm","0.0158653 cm","0.000000000779401 Kg","0.00000000600134 Kg","49.4651 MJ","32.2896 MJ","35565.9 m/s","0.0767059 m²/Kg","0.00000000155071 m²/J","35629.8 m/s","0.0885914 m²/Kg","0.00000000112955 m²/J","41.3041 °","536.687","4.34728","151.063 m/s","0.0194713 m²/Kg","0.000000000638489 m²/J","92936.4 m","59680.7 m","115.063 °","33.7975 °","4.07465 °","50.3736 Km","1.4722 s","43.9484 °","7.2232 °","43.8876 °","7.68108 °","0.147193 AU","26.8739 km/s","1"
"1381","2018-12-14 01:03:43","7","Confirmed","Not Detected","Detected","0.895912","23.9338 °","261.716 °","324.3 °","335.2 °","2018-12-11 12:38:24","1.35924 AU","4.30323","0.0025667 AU","0.00313488","0.354949 °","0.0000826102 °","0.225301 °","0.62996 °","4700.78 s","0.0171549 AU","0.371111 cm","0.150124 cm","0.000168665 Kg","0.000204688505944 Kg","0.00755884 cm","0.0224086 cm","0.00000000142521 Kg","0.0000000126753 Kg","57.4089 MJ","50.04 MJ","36261.9 m/s","0.0987208 m²/Kg","0.00000000171961 m²/J","36404.7 m/s","0.125026 m²/Kg","0.00000000108627 m²/J","71.0062 °","482.164","3.89378","321.371 m/s","0.0399352 m²/Kg","0.000000000862732 m²/J","90465 m","56699.1 m","113.534 °","32.8269 °","4.14042 °","35.7109 Km","1.0038 s","48.4041 °","0.951826 °","48.4836 °","0.852543 °","0.14148 AU","24.1659 km/s","1"
"1371","2018-12-13 23:35:58","10","Confirmed","Not Detected","Detected","0.892292","24.0528 °","261.654 °","325.063 °","333.198 °","2018-12-11 10:31:29","1.29708 AU","4.42417","0.0012418 AU","0.00106614","0.142924 °","0.0000310075 °","0.181532 °","0.245697 °","483.103 s","0.00603106 AU","0.584586 cm","0.0706608 cm","0.000659262 Kg","0.000239061649412 Kg","0.107221 cm","0.0605005 cm","0.00000406772 Kg","0.00000688576 Kg","129.996 MJ","52.5018 MJ","36012.7 m/s","0.0626707 m²/Kg","0.000000000482096 m²/J","36039.3 m/s","0.0653868 m²/Kg","0.000000000424578 m²/J","59.4542 °","336.064","1.69601","104.147 m/s","0.00757521 m²/Kg","0.000000000140232 m²/J","94505.1 m","48261 m","113.612 °","32.8493 °","4.46862 °","53.6934 Km","1.6149 s","48.4824 °","2.35615 °","48.557 °","2.00855 °","0.139705 AU","20.2437 km/s","1"
"1335","2018-12-11 00:41:25","10","Confirmed","Detected","Detected","0.885461","23.9602 °","258.65 °","325.301 °","330.958 °","2018-12-08 10:37:13","1.24054 AU","4.61088","0.00238666 AU","0.00210277","0.573742 °","0.0000999233 °","0.317624 °","0.349949 °","420.689 s","0.00853583 AU","2.3676 cm","0.751683 cm","0.0437962 Kg","0.0417143135594 Kg","0.00833927 cm","0.033011 cm","0.00000000191381 Kg","0.0000000227274 Kg","37.6983 MJ","28.3177 MJ","35392.3 m/s","0.0154741 m²/Kg","0.000000000410472 m²/J","35416.3 m/s","0.0172276 m²/Kg","0.000000000284307 m²/J","71.8412 °","75.208","5.64865","169.991 m/s","0.00491283 m²/Kg","0.00000000021141 m²/J","90340.6 m","48996 m","111.057 °","33.3888 °","14.8023 °","43.5058 Km","1.2446 s","46.4104 °","4.88495 °","46.4886 °","4.75219 °","0.14209 AU","31.6119 km/s","1"
"1333","2018-12-10 23:57:44","10","Confirmed","Detected","Detected","0.649193","70.4942 °","258.621 °","170.355 °","1.11125 °","2018-12-08 20:15:17","2.79156 AU","2.24414","0.000561565 AU","0.0122236","0.167424 °","0.0001763 °","0.441836 °","0.0256694 °","3088.65 s","0.0777978 AU","0.304591 cm","0.247732 cm","0.0000932533 Kg","0.000227536207779 Kg","0.000000000495667 cm","0.0000000136397 cm","4.01869e-31 Kg","3.31757e-29 Kg","14.7752 MJ","20.789 MJ","41938.1 m/s","0.120281 m²/Kg","0.00000000814068 m²/J","42030.6 m/s","0.183885 m²/Kg","0.00000000370652 m²/J","21.1182 °","1541.74","20.2363","226.381 m/s","0.0978274 m²/Kg","0.00000000536681 m²/J","99550.7 m","76905.9 m","215.906 °","57.1765 °","2.87912 °","62.6933 Km","1.5335 s","45.348 °","9.55406 °","44.8878 °","9.21558 °","0.979301 AU","1.00166 km/s","1"
"1324","2018-12-10 02:06:17","6","Confirmed","Detected","Detected","0.890664","23.1883 °","257.694 °","325.933 °","331.502 °","2018-12-07 12:24:23","1.24933 AU","4.57454","0.00278563 AU","0.0028324","0.36739 °","0.0000754385 °","0.394666 °","0.682099 °","5951.02 s","0.0177773 AU","0.690377 cm","0.194888 cm","0.00108586 Kg","0.000919586403378 Kg","0.066291 cm","0.100027 cm","0.000000961339 Kg","0.00000435171 Kg","91.576 MJ","69.7625 MJ","35527.9 m/s","0.0530672 m²/Kg","0.000000000579488 m²/J","35598.9 m/s","0.0602755 m²/Kg","0.00000000040044 m²/J","75.5851 °","253.041","2.34318","288.363 m/s","0.0149804 m²/Kg","0.000000000297487 m²/J","91439.9 m","48919.6 m","110.303 °","33.0031 °","10.8435 °","43.9022 Km","1.3 s","47.3298 °","0.459453 °","47.427 °","0.461152 °","0.136597 AU","22.9476 km/s","1"
"1321","2018-12-09 20:08:30","12","Confirmed","Not Detected","Not detected","0.617618","16.9806 °","77.4516 °","52.4371 °","347.49 °","2018-12-04 13:26:25","2.19179 AU","3.35199","0.000178119 AU","0.000367975","0.0619112 °","0.0000835304 °","0.0414573 °","0.0275174 °","638.721 s","0.00240896 AU","1.54116 cm","0.0823511 cm","0.0120798 Kg","0.00193643031803 Kg","0.635306 cm","0.150807 cm","0.000846178 Kg","0.000602591 Kg","76.773 MJ","25.2704 MJ","20005.2 m/s","0.0237719 m²/Kg","0.000000000309639 m²/J","20010.6 m/s","0.02404 m²/Kg","0.000000000288672 m²/J","25.3222 °","256.678","0.886187","34.5174 m/s","0.00127024 m²/Kg","0.000000000085856 m²/J","85239.2 m","47297.7 m","64.8108 °","-11.5777 °","1.54268 °","88.5062 Km","4.937 s","43.3165 °","7.66062 °","43.8558 °","7.02053 °","0.838102 AU","13.6083 km/s","1"
"1265","2018-11-29 04:28:22","6","Confirmed","Not Detected","Not detected","0.163961","4.917 °","246.891 °","141.61 °","12.1616 °","2018-11-10 01:11:56","1.14395 AU","5.46973","0.000078696 AU","0.00269565","0.0339618 °","0.00270189 °","0.327593 °","0.258281 °","7331.96 s","0.00381898 AU","4.45877 cm","0.469897 cm","0.292522 Kg","0.0924842065818 Kg","1.06976 cm","0.653148 cm","0.0040399 Kg","0.00739976 Kg","17.8263 MJ","8.99385 MJ","12234.5 m/s","0.0082167 m²/Kg","0.00000000046093 m²/J","12243.9 m/s","0.00849618 m²/Kg","0.0000000003922 m²/J","20.6924 °","107.39","1.42744","39.0803 m/s","0.000865936 m²/Kg","0.000000000185664 m²/J","65109.2 m","41051.9 m","245.864 °","39.637 °","3.34233 °","68.1306 Km","6.189 s","44.7447 °","11.3365 °","44.4121 °","10.6907 °","0.956389 AU","8.10651 km/s","1"
"1255","2018-11-27 17:37:40","10","Confirmed","Not Detected","Not detected","0.331968","18.8547 °","245.173 °","134.737 °","18.3669 °","2018-11-20 22:15:19","1.36798 AU","4.71886","0.00185922 AU","0.00284415","0.10486 °","0.000362501 °","0.580329 °","0.33242 °","1357.88 s","0.0056287 AU","5.24151 cm","1.85702 cm","0.475207 Kg","0.505083511305 Kg","0.362718 cm","0.584101 cm","0.000157478 Kg","0.000760783 Kg","17.6626 MJ","13.0878 MJ","16657.8 m/s","0.00698966 m²/Kg","0.000000000395732 m²/J","16718.7 m/s","0.00855306 m²/Kg","0.00000000028936 m²/J","42.8482 °","47.466","2.67074","141.271 m/s","0.00247637 m²/Kg","0.000000000162957 m²/J","81017.8 m","34904.3 m","269.627 °","38.9715 °","13.1957 °","67.8931 Km","4.4346 s","43.9439 °","2.74476 °","43.811 °","3.33109 °","0.913854 AU","5.70249 km/s","1"
"1239","2018-11-24 20:23:47","6","Confirmed","Not Detected","Detected","0.771056","5.21193 °","62.2534 °","95.2491 °","346.062 °","2018-11-21 04:46:35","2.26275 AU","3.1444","0.00449634 AU","0.00392867","0.256144 °","0.000481629 °","0.622946 °","0.434498 °","4093.74 s","0.0444417 AU","0.529666 cm","1.11504 cm","0.000490367 Kg","0.0030969286612 Kg","0.000000000000451632 cm","0.0000000000262283 cm","3.03998e-40 Kg","5.29633e-38 Kg","4.27826 MJ","9.25091 MJ","26445.8 m/s","0.0691688 m²/Kg","0.0000000161675 m²/J","26505.7 m/s","0.130868 m²/Kg","0.0000000076783 m²/J","37.1142 °","529.388","27.7904","203.463 m/s","0.145613 m²/Kg","0.0000000199814 m²/J","94452.7 m","71652.2 m","63.346 °","16.9059 °","15.4671 °","37.8242 Km","1.441 s","48.3157 °","1.37346 °","48.396 °","0.98994 °","0.518045 AU","1.2905 km/s","1"
"1223","2018-11-21 19:57:42","7","Confirmed","Not Detected","Detected","0.537842","7.13998 °","59.2035 °","88.2184 °","326.404 °","2018-11-16 10:48:04","1.41306 AU","4.55246","0.000462966 AU","0.000253357","0.0400293 °","0.000048485 °","0.0725852 °","0.047869 °","503.91 s","0.000989357 AU","3.60337 cm","0.175759 cm","0.154397 Kg","0.0225927959408 Kg","0.770424 cm","0.229164 cm","0.00150905 Kg","0.00134661 Kg","43.1949 MJ","9.69864 MJ","19798.4 m/s","0.0101673 m²/Kg","0.000000000235381 m²/J","19801.2 m/s","0.0102712 m²/Kg","0.000000000225142 m²/J","28.7543 °","97.6071","1.54268","22.4619 m/s","0.000495921 m²/Kg","0.0000000000419479 m²/J","79977.5 m","40625.2 m","56.7818 °","11.7575 °","1.88863 °","81.7263 Km","4.338 s","49.5257 °","-1.80918 °","49.7077 °","-2.75029 °","0.653058 AU","13.7116 km/s","1"
"1187","2018-11-19 00:15:42","8","Confirmed","Detected","Detected","0.891055","163.189 °","236.355 °","175.843 °","0.0643596 °","2018-11-17 18:40:53","9.06115 AU","-0.562686","0.00110987 AU","0.0816437","0.280152 °","0.000556028 °","1.7859 °","0.0387758 °","20763.8 s","4.06258 AU","0.0776619 cm","0.17874 cm","0.00000154575 Kg","0.0000106726665401 Kg","0.00000000851445 cm","0.00000048154 cm","2.03697e-27 Kg","3.45606e-25 Kg","54.6273 MJ","201.234 MJ","71762 m/s","0.471742 m²/Kg","0.00000000863565 m²/J","71912.8 m/s","0.7613 m²/Kg","0.0000000043013 m²/J","15.4053 °","8201.14","16.0261","1020.88 m/s","1.08572 m²/Kg","0.0000000147512 m²/J","113844 m","86144 m","153.152 °","21.5577 °","8.41074 °","104.226 Km","1.4673 s","42.3009 °","3.72493 °","42.0671 °","2.56935 °","0.987165 AU","1.76006 km/s","1"
"1185","2018-11-19 00:01:48","8","Confirmed","Not Detected","Detected","0.879312","162.361 °","236.345 °","173.637 °","0.143007 °","2018-11-17 18:25:23","8.166 AU","-1.09693","0.0022509 AU","0.133216","0.415458 °","0.000804044 °","2.2632 °","0.157902 °","36667.2 s","403.973 AU","468.76 cm","45512100 cm","339912 Kg","99006538349.8 Kg","0.000000000815737 cm","0.00196767 cm","1.79128e-30 Kg","1.29625e-23 Kg","32.13 MJ","2974360 MJ","71537.1 m/s","0.0000781559 m²/Kg","0.00000000000243249 m²/J","72848.4 m/s","5.86847 m²/Kg","0.0000000354007 m²/J","18.0239 °","1.16653","27.077","1669.53 m/s","7.58818 m²/Kg","0.0000000539084 m²/J","112237 m","97789.5 m","153.959 °","21.7764 °","7.28195 °","46.6926 Km","0.6462 s","44.7284 °","10.3467 °","44.6401 °","9.80982 °","0.985541 AU","71.537 km/s","1"
"1183","2018-11-18 23:19:03","6","Confirmed","Not Detected","Not detected","0.934708","162.724 °","236.314 °","173.578 °","0.0566315 °","2018-11-17 17:55:50","15.0921 AU","-0.827664","0.00134314 AU","0.0473578","0.270106 °","0.000467972 °","1.35959 °","0.0469637 °","709.916 s","12.0113 AU","0.0275306 cm","0.0366583 cm","0.0000000688591 Kg","0.000000275067333423 Kg","0.00000000000000678332 cm","0.000000000000359721 cm","1.4013e-45 Kg","1.63952e-43 Kg","30.455 MJ","57.1865 MJ","72117.7 m/s","1.33075 m²/Kg","0.0000000436957 m²/J","72296.1 m/s","2.11752 m²/Kg","0.0000000206924 m²/J","10.5243 °","33646.7","29.0319","591.415 m/s","1.77196 m²/Kg","0.0000000414885 m²/J","112234 m","97782.2 m","153.908 °","21.7405 °","5.52958 °","79.0622 Km","1.108 s","51.4253 °","6.53019 °","51.1723 °","5.51067 °","0.9854 AU","1.928 km/s","1"
"1166","2018-11-18 02:00:23","6","Confirmed","Not Detected","Not detected","0.670538","46.2715 °","235.417 °","181.412 °","359.209 °","2018-11-15 00:05:54","3.00024 AU","2.51974","0.0000500765 AU","0.00824988","0.0967566 °","0.000102361 °","0.252069 °","0.0679932 °","1301.22 s","0.0802227 AU","0.138818 cm","0.0433808 cm","0.00000882769 Kg","0.00000827601621503 Kg","0.00151562 cm","0.00873417 cm","0.000000000011489 Kg","0.000000000198626 Kg","34.5871 MJ","45.8045 MJ","30316.1 m/s","0.263917 m²/Kg","0.00000000763052 m²/J","30296.5 m/s","0.242099 m²/Kg","0.0000000107548 m²/J","33.1972 °","2226.07","4.51734","130.051 m/s","0.0824748 m²/Kg","0.00000000875063 m²/J","95175.5 m","76573.7 m","250.387 °","71.7124 °","6.84663 °","33.9844 Km","1.134 s","50.8164 °","3.14209 °","50.5662 °","3.09114 °","0.988466 AU","28.9816 km/s","1"
"1151","2018-11-14 23:02:40","9","Confirmed","Not Detected","Not detected","0.737772","66.0383 °","232.268 °","160.766 °","1.67927 °","2018-11-12 17:22:43","3.68322 AU","1.87407","0.00135395 AU","0.0173017","0.258953 °","0.000227158 °","0.462893 °","0.156632 °","6313.9 s","0.237345 AU","0.620363 cm","0.207507 cm","0.000787866 Kg","0.00079060441371 Kg","0.616381 cm","1.96268 cm","0.00077279 Kg","0.00738215 Kg","43167 MJ","22674400 MJ","40438 m/s","0.0590563 m²/Kg","0.00000000000136809 m²/J","40375.3 m/s","0.0497367 m²/Kg","0.000000000611495 m²/J","23.3407 °","688.379","0.00643987","311.068 m/s","0.0197539 m²/Kg","0.000000000718335 m²/J","93517.3 m","62887 m","213.769 °","63.3397 °","11.5895 °","77.4574 Km","1.9477 s","49.9629 °","6.16705 °","49.3343 °","6.06871 °","0.965843 AU","37.0463 km/s","1"
"1104","2018-11-07 20:42:02","6","Confirmed","Not Detected","Detected","0.877024","86.0362 °","225.13 °","146.212 °","1.03856 °","2018-11-06 02:21:45","7.42227 AU","0.788026","0.00249878 AU","0.0164486","0.348759 °","0.00032427 °","0.395976 °","0.197935 °","3927.13 s","0.993466 AU","0.0310706 cm","0.0148217 cm","0.0000000989834 Kg","0.000000141655290726 Kg","0.00484221 cm","0.0207242 cm","0.000000000374666 Kg","0.00000000481061 Kg","232.283 MJ","562.387 MJ","50397.7 m/s","1.17913 m²/Kg","0.00000000507628 m²/J","50371 m/s","1.07986 m²/Kg","0.0000000128383 m²/J","14.6831 °","21483.4","1.85889","361.338 m/s","0.562486 m²/Kg","0.0000000112977 m²/J","105213 m","89019.5 m","190.784 °","56.414 °","3.74184 °","63.8869 Km","1.3 s","48.1095 °","0.803266 °","47.5663 °","0.905112 °","0.912759 AU","47.6518 km/s","1"
"1075","2018-11-02 23:36:39","11","Confirmed","Not Detected","Not detected","0.614009","12.5148 °","220.244 °","238.569 °","345.475 °","2018-10-28 10:10:24","2.10256 AU","3.4541","0.000784584 AU","0.00477492","0.0533172 °","0.000212406 °","0.137656 °","0.309063 °","2334.18 s","0.0241574 AU","3.77362 cm","1.07085 cm","0.177333 Kg","0.15096653946 Kg","0.277183 cm","0.465067 cm","0.0000702767 Kg","0.000353738 Kg","23.546 MJ","17.2414 MJ","19017.2 m/s","0.00970854 m²/Kg","0.000000000412323 m²/J","19041.9 m/s","0.0104901 m²/Kg","0.000000000315877 m²/J","69.128 °","47.9848","2.61111","152.657 m/s","0.00275502 m²/Kg","0.000000000220746 m²/J","78439.1 m","39701.9 m","14.239 °","37.706 °","4.08358 °","41.4523 Km","2.263 s","48.6645 °","2.68489 °","48.7142 °","2.86868 °","0.811569 AU","15.0502 km/s","1"
"1070","2018-11-01 20:57:04","7","Confirmed","Not Detected","Detected","0.739249","6.6371 °","219.127 °","272.714 °","344.086 °","2018-10-28 23:49:30","2.11179 AU","3.3162","0.0028039 AU","0.00347709","0.120859 °","0.000158929 °","0.249544 °","0.262227 °","3562.53 s","0.0174192 AU","20.141 cm","13.8928 cm","26.9623 Kg","55.7937739346 Kg","0.00133313 cm","0.0138839 cm","0.00000000000781873 Kg","0.000000000244285 Kg","11.1427 MJ","12.9373 MJ","25114.5 m/s","0.00181899 m²/Kg","0.000000000163246 m²/J","25188.4 m/s","0.00279038 m²/Kg","0.0000000000957048 m²/J","53.2779 °","10.4804","9.62298","187.366 m/s","0.0012547 m²/Kg","0.0000000000845402 m²/J","80522.7 m","35477.1 m","34.9419 °","24.7104 °","7.65988 °","56.1896 Km","2.24495 s","44.5447 °","1.71841 °","44.6457 °","1.32372 °","0.550651 AU","3.18556 km/s","1"
"1035","2018-10-25 03:47:54","6","Confirmed","Not Detected","Detected","0.971436","108.417 °","211.427 °","233.517 °","359.775 °","2018-10-23 15:42:37","27.8602 AU","-0.0843801","0.0042106 AU","0.0261504","0.297526 °","0.000094857 °","0.986397 °","10.4592 °","7805.78 s","13.1952 AU","0.0500605 cm","0.0553365 cm","0.000000413999 Kg","0.00000137289493924 Kg","0.0000000441625 cm","0.000000894761 cm","2.84233e-25 Kg","1.72762e-23 Kg","42.2559 MJ","65.0273 MJ","58865.9 m/s","0.731842 m²/Kg","0.0000000173193 m²/J","59024.7 m/s","1.21438 m²/Kg","0.00000000912013 m²/J","73.4999 °","3524.95","13.9409","467.23 m/s","0.808973 m²/Kg","0.0000000106734 m²/J","108015 m","79703.6 m","103.722 °","60.9148 °","5.17112 °","29.527 Km","0.5261 s","44.72 °","8.46573 °","44.6465 °","8.44955 °","0.795792 AU","1 km/s","1"
"1034","2018-10-25 02:55:31","8","Confirmed","Not Detected","Not detected","0.96647","14.2875 °","31.3921 °","151.6 °","349.907 °","2018-10-22 22:34:51","2.25982 AU","2.5876","0.00182572 AU","0.0020585","0.684818 °","0.000202132 °","0.2394 °","0.664875 °","2193.59 s","0.0767806 AU","11.911 cm","101.639 cm","5.57641 Kg","142.754733682 Kg","1.40979e-39 cm","1.1655e-36 cm","0","0","3.14175 MJ","28.5923 MJ","41219.4 m/s","0.00307585 m²/Kg","0.000000000979025 m²/J","41439.1 m/s","0.0236237 m²/Kg","0.000000000501863 m²/J","58.0437 °","16.7421","91.9348","372.453 m/s","0.026247 m²/Kg","0.000000000692171 m²/J","81643.2 m","56720.9 m","58.9969 °","16.6376 °","7.85854 °","29.3843 Km","0.7501 s","44.9071 °","-0.316753 °","45.0226 °","-0.208718 °","0.0757718 AU","1.2272 km/s","1"
"1008","2018-10-22 20:53:23","6","Confirmed","Not Detected","Not detected","0.707053","7.96069 °","29.1456 °","85.4305 °","343.804 °","2018-10-18 15:15:02","2.10207 AU","3.36565","0.00222429 AU","0.00219559","0.11979 °","0.0000536186 °","0.356366 °","0.265779 °","995.421 s","0.0203215 AU","4.69468 cm","0.809613 cm","0.341454 Kg","0.176654398055 Kg","0.345529 cm","0.229974 cm","0.000136134 Kg","0.00027182 Kg","36.0256 MJ","11.6465 MJ","23514.1 m/s","0.0078038 m²/Kg","0.000000000216618 m²/J","23541.1 m/s","0.00837642 m²/Kg","0.000000000200039 m²/J","35.5611 °","61.9693","2.60911","93.8233 m/s","0.00134579 m²/Kg","0.000000000035583 m²/J","71065.3 m","37463.9 m","28.3452 °","2.36587 °","8.54895 °","57.9712 Km","2.773 s","40.8489 °","1.19669 °","41.08 °","0.7312 °","0.615795 AU","9.12366 km/s","1"
"1000","2018-10-22 02:06:02","8","Confirmed","Detected","Detected","0.99554","120.482 °","208.37 °","155.956 °","0.00478523 °","2018-10-20 16:51:43","213.505 AU","-0.597424","0.00137253 AU","0.0430945","0.316351 °","0.000164443 °","0.420613 °","0.0720181 °","8512.01 s","2236.69 AU","0.0701775 cm","0.0942219 cm","0.00000114053 Kg","0.00000459391548832 Kg","0.0000000216363 cm","0.000000550042 cm","3.34244e-26 Kg","2.54916e-24 Kg","46.2989 MJ","82.2565 MJ","63898.8 m/s","0.522053 m²/Kg","0.0000000112757 m²/J","63924.8 m/s","0.731515 m²/Kg","0.00000000582267 m²/J","39.6718 °","3776.61","14.9922","572.243 m/s","0.70092 m²/Kg","0.0000000113499 m²/J","110261 m","80669.9 m","144.207 °","50.825 °","9.75409 °","46.3586 Km","0.734 s","44.4624 °","5.07088 °","44.2738 °","4.71666 °","0.952226 AU","21.0944 km/s","1"
"989","2018-10-21 00:43:58","10","Confirmed","Detected","Detected","0.994877","163.941 °","27.3184 °","78.7322 °","359.969 °","2018-10-19 17:44:48","116.367 AU","-0.875288","0.00923483 AU","0.0196488","0.130066 °","0.000121704 °","1.52784 °","15.1978 °","5402.83 s","422.13 AU","0.0184002 cm","0.00672041 cm","0.0000000205579 Kg","0.0000000225254821297 Kg","0.0151321 cm","0.0499309 cm","0.0000000114343 Kg","0.000000113188 Kg","4062.49 MJ","72326 MJ","68358.7 m/s","1.99109 m²/Kg","0.000000000490116 m²/J","68306.8 m/s","1.70252 m²/Kg","0.00000000763598 m²/J","39.03 °","14602","0.195544","447.182 m/s","0.727218 m²/Kg","0.00000000863108 m²/J","111021 m","83780.1 m","94.2475 °","15.8727 °","6.16322 °","43.2206 Km","0.643 s","46.5303 °","5.05531 °","46.6331 °","4.65067 °","0.596101 AU","62.5662 km/s","1"
"957","2018-10-14 04:35:52","13","Confirmed","Not Detected","Detected","0.854138","5.61789 °","20.5356 °","124.144 °","343.622 °","2018-10-11 07:12:06","1.92022 AU","3.33828","0.000508516 AU","0.00140582","0.106347 °","0.0000804172 °","0.117404 °","0.257814 °","443.809 s","0.0182824 AU","0.357175 cm","0.0606026 cm","0.000150369 Kg","0.0000765399715806 Kg","0.0123273 cm","0.0173633 cm","0.00000000618186 Kg","0.0000000261218 Kg","50.8766 MJ","23.9892 MJ","31740.8 m/s","0.102573 m²/Kg","0.0000000020161 m²/J","31778.8 m/s","0.111959 m²/Kg","0.0000000016485 m²/J","30.2088 °","941.465","3.36641","91.6811 m/s","0.0174037 m²/Kg","0.000000000625137 m²/J","96687 m","61440.3 m","37.5967 °","11.7526 °","2.95892 °","70.0661 Km","2.305 s","49.3163 °","2.74624 °","49.4855 °","3.52852 °","0.280087 AU","21.4505 km/s","1"
"927","2018-10-11 05:27:01","9","Confirmed","Not Detected","Detected","0.77871","4.48935 °","17.6019 °","101.454 °","344.674 °","2018-10-07 16:25:49","2.14432 AU","3.2294","0.00121075 AU","0.00217388","0.084571 °","0.000113595 °","0.271107 °","0.314005 °","531.083 s","0.0259612 AU","3.894 cm","0.436712 cm","0.194851 Kg","0.0655575872441 Kg","0.777096 cm","0.681005 cm","0.0015486 Kg","0.00407131 Kg","74.4501 MJ","45.4552 MJ","26566.9 m/s","0.00940841 m²/Kg","0.000000000126372 m²/J","26572.4 m/s","0.00958599 m²/Kg","0.000000000112717 m²/J","14.2947 °","175.975","1.61163","63.8242 m/s","0.00105515 m²/Kg","0.0000000000642269 m²/J","86768.3 m","48433.7 m","26.6012 °","7.60217 °","1.35337 °","154.57 Km","6.08174 s","47.9431 °","1.38648 °","48.0468 °","3.36594 °","0.474516 AU","20.6469 km/s","1"
"923","2018-10-10 21:14:13","17","Confirmed","Not Detected","Detected","0.947167","142.563 °","197.258 °","166.557 °","0.102311 °","2018-10-09 14:24:36","18.648 AU","-0.684998","0.000579534 AU","0.0098599","0.132849 °","0.000113101 °","0.271643 °","0.0279986 °","2146.57 s","3.35079 AU","0.0933195 cm","0.0370137 cm","0.00000268183 Kg","0.00000319111714423 Kg","0.0850935 cm","0.613801 cm","0.00000203331 Kg","0.0000440003 Kg","8705.37 MJ","694009 MJ","68741.7 m/s","0.392591 m²/Kg","0.0000000000450975 m²/J","68725.7 m/s","0.341862 m²/Kg","0.00000000306066 m²/J","11.7626 °","8893.78","0.0922787","139.709 m/s","0.155715 m²/Kg","0.00000000358841 m²/J","125076 m","86060.8 m","117.867 °","43.4887 °","3.40701 °","194.777 Km","2.8281 s","51.4472 °","4.65013 °","49.9983 °","3.28696 °","0.985228 AU","66.2128 km/s","1"
"891","2018-10-06 03:50:55","9","Confirmed","Not Detected","Detected","0.996424","78.2613 °","192.596 °","168.888 °","0.00129266 °","2018-10-04 06:58:29","276.974 AU","0.273119","0.000305053 AU","0.0149141","0.124289 °","0.0000731744 °","0.178131 °","0.00875331 °","374.264 s","762.713 AU","1.72102 cm","17.2939 cm","0.0168217 Kg","0.507105524965 Kg","0","0","0","0","1.23353 MJ","12.4204 MJ","47794.4 m/s","0.0212876 m²/Kg","0.0000000172575 m²/J","47819.1 m/s","0.200696 m²/Kg","0.0000000171432 m²/J","47.2948 °","133.782","314.814","213.966 m/s","0.213911 m²/Kg","0.0000000030381 m²/J","103629 m","79190.1 m","165.622 °","78.2713 °","4.50703 °","33.2407 Km","0.7129 s","48.7968 °","3.46282 °","48.6064 °","3.37155 °","0.990518 AU","1.00673 km/s","1"
"888","2018-10-05 18:13:43","7","Confirmed","Not Detected","Not detected","0.993466","51.1615 °","192.199 °","96.6041 °","0.0454048 °","2018-10-03 12:31:31","85.5475 AU","0.640698","0.0052646 AU","0.00943981","0.259227 °","0.000249026 °","0.6067 °","0.0988338 °","549.779 s","114.731 AU","0.142843 cm","0.0789816 cm","0.00000961816 Kg","0.0000159543761002 Kg","0.0000518121 cm","0.000378862 cm","4.58995e-16 Kg","0.0000000000000100688 Kg","34.471 MJ","34.1591 MJ","40079 m/s","0.25648 m²/Kg","0.00000000744045 m²/J","40124.3 m/s","0.303146 m²/Kg","0.00000000459027 m²/J","23.877 °","2926.25","7.92188","330.321 m/s","0.141814 m²/Kg","0.00000000453121 m²/J","99437.7 m","77088.6 m","193.151 °","39.4735 °","12.7042 °","55.1619 Km","1.4 s","44.8713 °","-0.379286 °","44.6306 °","0.150351 °","0.558959 AU","36.0344 km/s","1"
"877","2018-10-04 20:24:02","9","Confirmed","Not Detected","Detected","0.678532","27.9357 °","191.306 °","243.152 °","348.365 °","2018-09-30 22:10:57","2.42172 AU","3.02846","0.00110582 AU","0.00471536","0.149961 °","0.000119457 °","0.151882 °","0.268835 °","2680.4 s","0.0325604 AU","22451.1 cm","36800600 cm","37344700000 Kg","183639869715000 Kg","8.21419e-19 cm","0.000000000000063553 cm","0","0","2.0275 MJ","3100.59 MJ","24822.3 m/s","0.00000163183 m²/Kg","0.000000000000804848 m²/J","24917.4 m/s","0.00224287 m²/Kg","0.00000000010644 m²/J","72.7474 °","0.00789115","51.6623","159.224 m/s","0.00267479 m²/Kg","0.000000000122543 m²/J","85715.8 m","36525.6 m","345.354 °","45.0439 °","8.45989 °","51.5053 Km","2.114 s","42.1744 °","2.59646 °","42.1323 °","2.42244 °","0.778505 AU","24.8213 km/s","1"
"860","2018-10-03 00:12:12","6","Confirmed","Not Detected","Detected","0.959011","119.06 °","189.489 °","186.952 °","359.947 °","2018-10-01 14:28:43","24.3277 AU","-0.380159","0.000465719 AU","0.0384078","0.305203 °","0.000152491 °","0.515658 °","8.09585 °","7031.95 s","22.2445 AU","0.0629508 cm","0.0452732 cm","0.000000823222 Kg","0.00000177614741736 Kg","0.00000389578 cm","0.0000405733 cm","1.95117e-19 Kg","6.09626e-18 Kg","69.5841 MJ","80.1671 MJ","62979.2 m/s","0.581984 m²/Kg","0.00000000836376 m²/J","63123.9 m/s","0.802548 m²/Kg","0.000000004308 m²/J","43.1302 °","3931.37","9.69022","538.785 m/s","0.418554 m²/Kg","0.00000000488141 m²/J","107226 m","79534.4 m","100.826 °","59.0452 °","4.07887 °","40.514 Km","0.6707 s","45.1602 °","8.78938 °","44.9702 °","8.53429 °","0.997175 AU","53.0348 km/s","1"
"796","2018-09-26 19:22:55","8","Confirmed","Not Detected","Not detected","0.600659","11.2317 °","183.431 °","172.178 °","359.5 °","2018-09-18 13:15:51","2.50163 AU","3.16748","0.000112555 AU","0.00407126","0.0390665 °","0.000375425 °","0.120231 °","0.030191 °","2295.57 s","0.0244646 AU","5.76384 cm","1.35842 cm","0.631902 Kg","0.446778188037 Kg","0.291903 cm","0.394637 cm","0.0000820789 Kg","0.000332898 Kg","13.0552 MJ","7.04388 MJ","15135.2 m/s","0.00635624 m²/Kg","0.000000000486874 m²/J","15175.3 m/s","0.00719459 m²/Kg","0.000000000397585 m²/J","56.9649 °","35.015","2.98294","87.5413 m/s","0.00149803 m²/Kg","0.000000000152063 m²/J","77008.4 m","35819.1 m","264.491 °","26.1321 °","8.45986 °","49.1176 Km","3.46 s","45.3415 °","1.84201 °","45.4392 °","2.151 °","0.999004 AU","8.35805 km/s","1"
"765","2018-09-25 01:08:47","7","Confirmed","Not Detected","Detected","0.98505","117.298 °","1.67677 °","52.1404 °","359.918 °","2018-09-23 14:33:46","54.2303 AU","-0.41726","0.0079737 AU","0.0268866","0.172398 °","0.000243108 °","1.54252 °","17.1243 °","228.594 s","110.841 AU","0.0910612 cm","0.132005 cm","0.00000249181 Kg","0.0000108365667557 Kg","0.0000000000000011261 cm","0.0000000000000731582 cm","0","1.4013e-45 Kg","20.1434 MJ","41.9493 MJ","61599.6 m/s","0.402327 m²/Kg","0.0000000199732 m²/J","61739.5 m/s","0.712386 m²/Kg","0.00000000932451 m²/J","19.0512 °","5692.25","32.0238","434.841 m/s","0.583224 m²/Kg","0.0000000162268 m²/J","106699 m","88078 m","73.747 °","-10.71 °","5.93537 °","57.2925 Km","0.9454 s","45.2205 °","4.6517 °","45.5216 °","4.12106 °","0.810758 AU","1.01019 km/s","1"
"715","2018-09-16 03:41:04","6","Confirmed","Not Detected","Not detected","0.811026","8.34114 °","172.997 °","269.063 °","350.867 °","2018-09-12 12:28:25","2.97662 AU","2.62309","0.00122154 AU","0.00471953","0.0691159 °","0.00010087 °","0.290168 °","0.392009 °","1707.7 s","0.0764316 AU","0.183092 cm","0.113782 cm","0.0000202545 Kg","0.0000377613964415 Kg","0.0000000301902 cm","0.000000517049 cm","9.08056e-26 Kg","4.66551e-24 Kg","7.37718 MJ","8.41525 MJ","26033.5 m/s","0.200098 m²/Kg","0.000000027124 m²/J","26088.1 m/s","0.283062 m²/Kg","0.0000000129493 m²/J","28.3331 °","1947.11","15.618","129.761 m/s","0.124351 m²/Kg","0.000000016283 m²/J","96420.9 m","77508.7 m","352.138 °","9.48689 °","5.20319 °","39.8442 Km","1.544 s","46.6146 °","0.337813 °","46.7066 °","0.769652 °","0.562502 AU","23.0018 km/s","1"
"714","2018-09-15 22:36:42","13","Confirmed","Not Detected","Not detected","0.937989","141.153 °","172.778 °","249.248 °","358.958 °","2018-09-14 14:06:58","11.1479 AU","-0.26031","0.00655115 AU","0.0181564","0.319684 °","0.000140035 °","1.18408 °","0.485961 °","1755.04 s","3.20755 AU","0.232624 cm","1.27399 cm","0.0000415412 Kg","0.000682513647398 Kg","2.35761e-23 cm","6.98095e-21 cm","0","0","14.3509 MJ","85.6024 MJ","65384.7 m/s","0.157492 m²/Kg","0.0000000109744 m²/J","65605.2 m/s","0.747347 m²/Kg","0.00000000626903 m²/J","38.024 °","1180.74","50.6435","400.036 m/s","0.862517 m²/Kg","0.00000000847229 m²/J","113040 m","81443.5 m","53.8389 °","39.5942 °","6.17115 °","51.3656 Km","0.7895 s","49.8169 °","5.29403 °","49.6982 °","4.77163 °","0.691288 AU","4.71108 km/s","1"
"696","2018-09-14 19:21:15","11","Confirmed","Not Detected","Not detected","0.6788","0.1522 °","172.659 °","242.334 °","347.955 °","2018-09-09 08:46:03","2.43399 AU","3.14208","0.000603586 AU","0.000807271","0.0607053 °","4.02585 °","4.02591 °","0.0385528 °","883.632 s","0.00448616 AU","1.75225 cm","0.121011 cm","0.0177543 Kg","0.00367834107833 Kg","0.382621 cm","0.113243 cm","0.00018485 Kg","0.000164128 Kg","42.9694 MJ","10.3992 MJ","19611.3 m/s","0.0209082 m²/Kg","0.000000000486583 m²/J","19620.2 m/s","0.0212694 m²/Kg","0.000000000462673 m²/J","26.5782 °","215.811","1.52161","43.1502 m/s","0.00144392 m²/Kg","0.0000000000853748 m²/J","80905.2 m","47631.9 m","334.632 °","-3.10446 °","1.8851 °","74.3726 Km","4.3153 s","47.1454 °","7.05945 °","47.5182 °","6.38238 °","0.781798 AU","12.2639 km/s","1"
"661","2018-09-10 02:08:54","6","Confirmed","Not Detected","Not detected","0.738081","16.5047 °","167.092 °","262.38 °","347.21 °","2018-09-06 04:06:51","2.42867 AU","3.02426","0.000746528 AU","0.00475068","0.0680305 °","0.000138094 °","0.163992 °","0.381054 °","398.012 s","0.0428308 AU","21.2615 cm","19.4655 cm","31.7171 Kg","87.1137607313 Kg","0.00118422 cm","0.0166226 cm","0.00000000000548038 Kg","0.000000000230781 Kg","10.4511 MJ","15.9029 MJ","24539.8 m/s","0.00172313 m²/Kg","0.000000000164877 m²/J","24576.6 m/s","0.00244087 m²/Kg","0.0000000000824706 m²/J","47.3329 °","10.8224","9.79557","151.823 m/s","0.00157758 m²/Kg","0.000000000134596 m²/J","91505 m","36724.3 m","340.662 °","18.3201 °","4.95053 °","74.5206 Km","3.029 s","44.538 °","-0.171945 °","44.725 °","0.401405 °","0.636116 AU","1.00109 km/s","1"
"660","2018-09-10 00:46:26","8","Confirmed","Detected","Not detected","0.525623","5.47819 °","167.056 °","262.668 °","328.378 °","2018-09-04 05:16:20","1.48471 AU","4.40904","0.000744253 AU","0.0018091","0.0202122 °","0.0000591336 °","0.158352 °","0.255197 °","2638.03 s","0.00500367 AU","1.38943 cm","0.125323 cm","0.0088517 Kg","0.00239520513672 Kg","1.38501 cm","0.414651 cm","0.00876749 Kg","0.00787455 Kg","18105.4 MJ","2182360 MJ","18421.7 m/s","0.0263679 m²/Kg","0.00000000000145635 m²/J","18380.3 m/s","0.0245655 m²/Kg","0.000000000141775 m²/J","48.7513 °","161.962","0.0031864","66.5862 m/s","0.00237832 m²/Kg","0.000000000175419 m²/J","80769.3 m","41690.2 m","343.366 °","8.35351 °","3.22228 °","51.9476 Km","3.105 s","44.6135 °","5.40527 °","44.8629 °","5.65185 °","0.704312 AU","11.7747 km/s","1"
"659","2018-09-09 21:28:51","10","Confirmed","Detected","Detected","1.03167","138.918 °","166.89 °","243.018 °","-0.32578 °","2018-09-08 13:29:24","-22.9824 AU","-1.03246","0.00422389 AU","0.0137947","0.32521 °","0.000136968 °","0.718418 °","0.207806 °","6911.41 s","11.4227 AU","0.0296643 cm","0.0138782 cm","0.0000000861425 Kg","0.00000012090288087 Kg","0.0286678 cm","0.107902 cm","0.0000000777495 Kg","0.00000087792 Kg","21965.9 MJ","2388650 MJ","66446.9 m/s","1.23503 m²/Kg","0.000000000056225 m²/J","66472.9 m/s","1.23739 m²/Kg","0.00000000523853 m²/J","25.1633 °","13414","0.0341704","277.805 m/s","0.577798 m²/Kg","0.00000000611521 m²/J","106704 m","83004.5 m","46.3253 °","39.8088 °","7.18405 °","55.9529 Km","1.1 s","46.2243 °","1.64756 °","45.984 °","1.10176 °","0.72775 AU","60.4524 km/s","1"
"650","2018-09-08 23:00:08","7","Confirmed","Not Detected","Not detected","1.02287","138.876 °","165.981 °","242.425 °","-0.197308 °","2018-09-07 14:59:20","-32.0878 AU","-0.963875","0.00478758 AU","0.0178311","0.315417 °","0.000120605 °","0.886787 °","17.7408 °","3326.24 s","41.8936 AU","0.0432077 cm","0.0174998 cm","0.000000266193 Kg","0.000000323436573938 Kg","0.0370834 cm","0.122058 cm","0.000000168288 Kg","0.00000166173 Kg","4898.32 MJ","109078 MJ","66363.5 m/s","0.847913 m²/Kg","0.000000000173103 m²/J","66356.9 m/s","0.767571 m²/Kg","0.00000000336077 m²/J","37.7349 °","6398.33","0.152848","343.802 m/s","0.343418 m²/Kg","0.00000000383201 m²/J","112128 m","78949.8 m","45.8135 °","39.6127 °","6.56523 °","54.2301 Km","0.83567 s","46.0058 °","-0.0300433 °","45.8683 °","-0.538161 °","0.733792 AU","60.6716 km/s","1"
"648","2018-09-08 02:21:43","6","Confirmed","Not Detected","Not detected","0.69097","13.9661 °","165.164 °","228.786 °","351.709 °","2018-09-02 15:56:57","2.80598 AU","2.88446","0.000449753 AU","0.00285515","0.0375249 °","0.0000852355 °","0.126786 °","0.138868 °","60.2455 s","0.0273496 AU","2.3149 cm","0.212963 cm","0.0409366 Kg","0.0112980849262 Kg","1.03852 cm","0.4901 cm","0.0036962 Kg","0.00523297 Kg","77.8132 MJ","54.2639 MJ","19154.6 m/s","0.0158263 m²/Kg","0.000000000203388 m²/J","19151.8 m/s","0.0157509 m²/Kg","0.000000000205517 m²/J","32.2487 °","136.975","0.801573","47.731 m/s","0.00145596 m²/Kg","0.0000000001246 m²/J","76384.3 m","44211 m","319.487 °","21.6969 °","5.07726 °","60.3045 Km","3.401 s","46.7005 °","2.37384 °","46.7141 °","3.0343 °","0.867132 AU","13.6686 km/s","1"
"613","2018-09-02 00:51:14","6","Confirmed","Not Detected","Detected","0.973641","158.734 °","339.278 °","81.2559 °","359.617 °","2018-08-31 17:08:18","22.2699 AU","-0.647212","0.0072791 AU","0.0143115","0.136791 °","0.000122594 °","1.20905 °","0.324097 °","3115.46 s","14.6439 AU","0.0389032 cm","0.0355468 cm","0.000000194299 Kg","0.000000532606236172 Kg","0.0000000003137 cm","0.00000000777844 cm","1.01873e-31 Kg","7.57805e-30 Kg","40.8084 MJ","56.4605 MJ","66884.5 m/s","0.941731 m²/Kg","0.0000000230769 m²/J","67020.3 m/s","1.43846 m²/Kg","0.000000010992 m²/J","32.8546 °","8016.64","18.6359","339.403 m/s","0.860483 m²/Kg","0.0000000143617 m²/J","109222 m","86475.8 m","45.729 °","7.04997 °","3.66695 °","41.9278 Km","0.6608 s","43.383 °","1.61677 °","43.5106 °","1.2256 °","0.587023 AU","1.0669 km/s","1"
"611","2018-09-01 21:54:28","9","Confirmed","Detected","Detected","0.652233","13.7154 °","159.18 °","175.321 °","359.278 °","2018-08-25 14:02:16","2.89793 AU","2.8945","0.000038114 AU","0.00288048","0.0153568 °","0.000180601 °","0.0624307 °","0.0210886 °","1775.59 s","0.0242162 AU","0.375385 cm","0.0936462 cm","0.000174559 Kg","0.000130640505581 Kg","0.0501224 cm","0.11143 cm","0.000000415538 Kg","0.00000277141 Kg","21.6136 MJ","25.2597 MJ","15999.8 m/s","0.0975969 m²/Kg","0.00000000451552 m²/J","15996.1 m/s","0.0936986 m²/Kg","0.0000000065666 m²/J","43.6176 °","653.37","2.01348","55.2006 m/s","0.0243472 m²/Kg","0.00000000475415 m²/J","91152.3 m","64605.9 m","254.267 °","34.0886 °","3.17605 °","38.4834 Km","2.5723 s","46.1769 °","4.74296 °","46.146 °","5.09656 °","1.0078 AU","14.3894 km/s","1"
"602","2018-08-29 00:56:51","8","Confirmed","Detected","Detected","0.939478","160.807 °","155.401 °","106.197 °","1.04238 °","2018-08-27 17:34:14","10.8604 AU","-0.459032","0.00364663 AU","0.021043","0.294153 °","0.000264894 °","0.843653 °","0.563351 °","5670.94 s","4.65086 AU","0.180727 cm","0.331276 cm","0.0000194798 Kg","0.00010712009828 Kg","0.00000000000104317 cm","0.0000000000668689 cm","3.74613e-39 Kg","7.20397e-37 Kg","30.0655 MJ","76.3571 MJ","67651.2 m/s","0.202717 m²/Kg","0.00000000674249 m²/J","67802.2 m/s","0.432714 m²/Kg","0.00000000331222 m²/J","22.7404 °","2421.86","25.878","382.922 m/s","0.371583 m²/Kg","0.00000000985726 m²/J","109237 m","81747.3 m","86.0771 °","33.0628 °","7.35807 °","71.0115 Km","1.0538 s","45.298 °","5.34306 °","45.056 °","4.59712 °","0.657297 AU","1.00301 km/s","1"
"601","2018-08-28 23:43:48","8","Confirmed","Detected","Detected","0.868818","5.40753 °","155.391 °","308.896 °","343.123 °","2018-08-26 04:25:18","1.87085 AU","3.37241","0.000898935 AU","0.000960521","0.0656635 °","0.000373811 °","0.103556 °","0.155186 °","415.172 s","0.00988495 AU","0.41725 cm","0.0807659 cm","0.00023972 Kg","0.000139205642698 Kg","0.413908 cm","0.694637 cm","0.000234005 Kg","0.00117815 Kg","22923.5 MJ","5234420 MJ","32933.7 m/s","0.0878043 m²/Kg","0.00000000000383032 m²/J","32914.5 m/s","0.0760493 m²/Kg","0.000000000755728 m²/J","44.1281 °","582.39","0.00804357","71.8267 m/s","0.016996 m²/Kg","0.000000000874005 m²/J","95987.1 m","58332.5 m","352.837 °","2.02698 °","2.61968 °","54.1063 Km","1.703 s","46.1665 °","5.88851 °","46.4912 °","5.71875 °","0.245421 AU","27.1636 km/s","1"
"588","2018-08-27 01:01:43","14","Confirmed","Detected","Detected","0.94899","178.319 °","153.389 °","224.022 °","359.58 °","2018-08-25 19:02:36","17.0886 AU","-0.840272","0.00549115 AU","0.0323134","0.236363 °","10.3624 °","10.4826 °","0.41951 °","10547.7 s","8.36434 AU","0.0647079 cm","0.0505501 cm","0.000000894101 Kg","0.00000209542708721 Kg","0.0000372299 cm","0.000251662 cm","1.70291e-16 Kg","0.00000000000000345332 Kg","113.536 MJ","111.912 MJ","70587.4 m/s","0.56618 m²/Kg","0.00000000498679 m²/J","70650.5 m/s","0.677281 m²/Kg","0.00000000252412 m²/J","37.0367 °","4341.06","7.46053","483.268 m/s","0.442303 m²/Kg","0.00000000340509 m²/J","110975 m","76986.9 m","48.4475 °","19.1414 °","6.77379 °","56.4439 Km","0.828 s","45.8394 °","2.14886 °","45.9136 °","1.58677 °","0.871683 AU","1.01086 km/s","1"
"579","2018-08-25 00:29:25","7","Confirmed","Not Detected","Detected","0.993768","165.968 °","151.519 °","148.174 °","0.0110212 °","2018-08-23 18:46:47","150.06 AU","-1.10291","0.000905136 AU","0.0208304","0.129442 °","0.000213202 °","0.237195 °","0.0570952 °","2697.29 s","205.379 AU","0.0552417 cm","0.0301375 cm","0.000000556308 Kg","0.00000091049248172 Kg","0.000000145836 cm","0.00000175039 cm","1.02355e-23 Kg","3.68552e-22 Kg","67.344 MJ","65.8064 MJ","71332.6 m/s","0.663201 m²/Kg","0.00000000984795 m²/J","71396.4 m/s","0.900539 m²/Kg","0.00000000561337 m²/J","22.8958 °","7872.38","12.8447","267.229 m/s","0.361814 m²/Kg","0.00000000514038 m²/J","111112 m","84091 m","68.0961 °","30.2014 °","3.07834 °","69.5443 Km","0.9895 s","44.4489 °","1.54668 °","44.249 °","0.805783 °","0.935196 AU","1.09925 km/s","1"
"571","2018-08-22 21:37:28","6","Confirmed","Not Detected","Not detected","0.533916","16.9997 °","149.507 °","222.657 °","346.082 °","2018-08-16 17:14:52","1.96995 AU","3.63728","0.000368063 AU","0.00288779","0.0593593 °","0.00017681 °","0.0553597 °","0.146592 °","1716.19 s","0.0123087 AU","8.71286 cm","1.51774 cm","2.18271 Kg","1.14065421312 Kg","3.6603 cm","1.32916 cm","0.161832 Kg","0.176297 Kg","62.4193 MJ","38.6818 MJ","17844.7 m/s","0.00420486 m²/Kg","0.0000000000673647 m²/J","17849.4 m/s","0.00441864 m²/Kg","0.0000000000556086 m²/J","71.9005 °","20.4298","0.867254","82.3541 m/s","0.000732468 m²/Kg","0.0000000000301802 m²/J","80199.8 m","23762.5 m","297.923 °","28.6958 °","6.13276 °","59.3752 Km","3.8714 s","45.9179 °","9.51664 °","46.0726 °","9.59752 °","0.918162 AU","4.93406 km/s","1"
"567","2018-08-21 20:33:13","8","Confirmed","Detected","Detected","0.968002","127.214 °","148.478 °","151.407 °","0.113294 °","2018-08-20 11:43:35","29.7175 AU","-0.549974","0.000773197 AU","0.0189709","0.356726 °","0.000238035 °","0.143139 °","0.101694 °","2395.63 s","17.2289 AU","0.0670478 cm","0.0721381 cm","0.000000994643 Kg","0.00000321047090638 Kg","0.0237382 cm","0.482104 cm","0.0000000441427 Kg","0.00000268951 Kg","682.883 MJ","13194.5 MJ","64582.4 m/s","0.546422 m²/Kg","0.000000000800169 m²/J","64705.6 m/s","0.77971 m²/Kg","0.0000000139584 m²/J","15.4079 °","9497.87","1.03832","323.692 m/s","0.587907 m²/Kg","0.0000000156565 m²/J","112399 m","91560.8 m","59.9401 °","52.1584 °","3.04419 °","77.9423 Km","1.2045 s","47.9363 °","2.0239 °","47.3294 °","1.62211 °","0.950895 AU","63.7413 km/s","1"
"546","2018-08-18 22:31:28","6","Confirmed","Not Detected","Detected","0.939638","113.235 °","145.672 °","149.706 °","0.314414 °","2018-08-17 11:13:04","15.6593 AU","-0.137731","0.00131286 AU","0.0342757","0.466157 °","0.000235718 °","0.407429 °","0.275611 °","6769.25 s","66.1872 AU","0.0306406 cm","0.0408404 cm","0.0000000949301 Kg","0.000000379593632298 Kg","0.000000000216885 cm","0.00000000735648 cm","3.36667e-32 Kg","3.42581e-30 Kg","32.9345 MJ","62.0981 MJ","60296.1 m/s","1.19568 m²/Kg","0.0000000363049 m²/J","60515.8 m/s","2.11995 m²/Kg","0.0000000177043 m²/J","30.7649 °","10795.1","18.7662","561.658 m/s","1.59371 m²/Kg","0.0000000301906 m²/J","108055 m","87840.6 m","55.6806 °","59.4457 °","6.4336 °","39.5211 Km","0.6674 s","47.2277 °","0.78717 °","46.9772 °","0.543065 °","0.945226 AU","1.48676 km/s","1"
"540","2018-08-18 01:23:31","7","Confirmed","Not Detected","Not detected","0.945953","179.104 °","325.014 °","72.6623 °","359.089 °","2018-08-16 18:20:22","12.367 AU","-0.601932","0.00581709 AU","0.0148361","0.118697 °","8.80627 °","8.86674 °","0.39879 °","1086.27 s","3.43791 AU","0.103529 cm","0.0529578 cm","0.00000366188 Kg","0.0000056194173549 Kg","0.0000100821 cm","0.0000979658 cm","3.38196e-18 Kg","9.85855e-17 Kg","85.7309 MJ","94.9835 MJ","68250.5 m/s","0.353874 m²/Kg","0.00000000412773 m²/J","68340.8 m/s","0.465376 m²/Kg","0.0000000019632 m²/J","37.5215 °","2683.26","9.23685","308.277 m/s","0.181015 m²/Kg","0.0000000027493 m²/J","110525 m","75965.1 m","32.4201 °","12.8812 °","4.39137 °","56.7053 Km","0.8525 s","47.9897 °","-1.50966 °","48.162 °","-2.04582 °","0.668407 AU","1.00009 km/s","1"
"524","2018-08-15 23:59:50","15","Confirmed","Detected","Detected","0.940337","112.416 °","142.847 °","155.045 °","0.247048 °","2018-08-14 12:38:37","16.2067 AU","-0.136794","0.000845913 AU","0.0159192","0.174769 °","0.0000793156 °","0.255084 °","0.101482 °","849.274 s","4.68114 AU","0.0545994 cm","0.0268834 cm","0.000000537128 Kg","0.000000793406335245 Kg","0.0296889 cm","0.145274 cm","0.0000000863567 Kg","0.00000126769 Kg","1008.71 MJ","8254.29 MJ","60125.2 m/s","0.671003 m²/Kg","0.000000000665209 m²/J","60132.1 m/s","0.646976 m²/Kg","0.00000000504083 m²/J","41.8115 °","4648.13","0.60925","241.873 m/s","0.330386 m²/Kg","0.00000000537579 m²/J","113700 m","79828.5 m","48.2954 °","58.8902 °","4.27196 °","50.8745 Km","1.8353 s","44.5728 °","4.80152 °","44.3261 °","4.48207 °","0.966936 AU","56.6618 km/s","1"
"523","2018-08-15 20:35:05","9","Confirmed","Not Detected","Detected","1.00057","114.077 °","142.709 °","147.918 °","0.000300301 °","2018-08-14 09:46:35","-1655.23 AU","-0.52668","0.00138313 AU","0.049499","0.837196 °","0.000473052 °","0.413428 °","0.0276381 °","14847.1 s","1352.93 AU","0.04744 cm","0.0467192 cm","0.000000352329 Kg","0.00000104092712809 Kg","0.000000307304 cm","0.0000049567 cm","9.57675e-23 Kg","4.63408e-21 Kg","53.0412 MJ","76.6507 MJ","61054 m/s","0.772267 m²/Kg","0.0000000145598 m²/J","61307.1 m/s","1.18832 m²/Kg","0.00000000753719 m²/J","22.7045 °","9240.12","11.9471","874.312 m/s","0.760533 m²/Kg","0.0000000094526 m²/J","105306 m","84807.5 m","53.2577 °","58.8325 °","5.7148 °","53.1013 Km","0.89706 s","48.0233 °","5.01957 °","47.6238 °","4.76767 °","0.935428 AU","1.00353 km/s","1"
"519","2018-08-15 03:10:47","7","Confirmed","Not Detected","Detected","0.975612","117.49 °","142.015 °","147.827 °","0.0860202 °","2018-08-13 16:49:05","38.383 AU","-0.414485","0.00151292 AU","0.030154","0.237094 °","0.000103976 °","0.506669 °","0.162611 °","1931.71 s","43.0684 AU","0.027074 cm","0.0113338 cm","0.0000000654895 Kg","0.0000000822459080383 Kg","0.0247782 cm","0.0764875 cm","0.0000000502021 Kg","0.000000464905 Kg","7336.29 MJ","264299 MJ","61838.2 m/s","1.35319 m²/Kg","0.000000000184452 m²/J","61823.6 m/s","1.2236 m²/Kg","0.00000000563789 m²/J","63.308 °","6994.72","0.0886108","438.16 m/s","0.566476 m²/Kg","0.00000000662131 m²/J","108300 m","82882 m","53.3101 °","55.9343 °","4.97113 °","28.4483 Km","0.7758 s","44.3676 °","4.28996 °","44.2955 °","4.16829 °","0.9361 AU","55.9601 km/s","1"
"518","2018-08-15 03:06:17","9","Confirmed","Detected","Detected","0.995398","134.538 °","322.016 °","29.6678 °","359.993 °","2018-08-13 19:12:12","205.716 AU","-0.82163","0.00358145 AU","0.0420661","0.215866 °","0.000191263 °","1.126 °","30.8727 °","5577.61 s","1371.12 AU","0.0212671 cm","0.0205709 cm","0.0000000317425 Kg","0.0000000921101324526 Kg","0.000000152565 cm","0.00000263618 cm","1.17188e-23 Kg","6.07467e-22 Kg","63.4265 MJ","97.9272 MJ","66478.3 m/s","1.72267 m²/Kg","0.0000000271601 m²/J","66572.3 m/s","2.34992 m²/Kg","0.0000000128123 m²/J","27.796 °","17060.3","11.8451","530.169 m/s","1.66628 m²/Kg","0.0000000210715 m²/J","109496 m","88846.6 m","47.3376 °","-9.09765 °","7.80693 °","44.2508 Km","1.5919 s","45.6543 °","4.89135 °","45.9306 °","4.59191 °","0.946675 AU","6.08556 km/s","1"
"514","2018-08-15 02:12:06","8","Confirmed","Not Detected","Not detected","0.99371","108.932 °","141.976 °","146.357 °","0.0117884 °","2018-08-13 14:22:48","147.594 AU","-0.352788","0.00296641 AU","0.0329975","0.412233 °","0.000124445 °","0.766764 °","0.0956127 °","6966.12 s","713.38 AU","0.0946215 cm","0.0360243 cm","0.00000279565 Kg","0.00000319308027691 Kg","0.0927051 cm","0.214041 cm","0.00000262921 Kg","0.0000182112 Kg","29237.7 MJ","3460980 MJ","59321.1 m/s","0.387189 m²/Kg","0.0000000000132428 m²/J","59300.6 m/s","0.351442 m²/Kg","0.00000000132576 m²/J","57.5051 °","2120.03","0.0204609","471.15 m/s","0.14741 m²/Kg","0.00000000156575 m²/J","105666 m","70982.1 m","53.9264 °","61.0801 °","15.2388 °","41.1194 Km","0.88773 s","44.0156 °","10.6316 °","43.8683 °","10.4524 °","0.928362 AU","51.8098 km/s","1"
"513","2018-08-15 01:34:51","13","Confirmed","Detected","Detected","0.984318","114.603 °","141.95 °","149.829 °","0.0410318 °","2018-08-13 14:50:12","60.2505 AU","-0.416331","0.00184585 AU","0.018956","0.246134 °","0.0000747048 °","0.440539 °","0.0737367 °","2755.36 s","70.3934 AU","0.053623 cm","0.0341832 cm","0.000000508824 Kg","0.00000097308281006 Kg","0.0000169877 cm","0.000125244 cm","1.61777e-17 Kg","3.57817e-16 Kg","78.8416 MJ","77.866 MJ","61128.9 m/s","0.683221 m²/Kg","0.00000000866574 m²/J","61199.6 m/s","0.873355 m²/Kg","0.00000000503329 m²/J","51.0575 °","4056.75","8.05725","264.456 m/s","0.435534 m²/Kg","0.00000000469014 m²/J","112370 m","84441.7 m","51.4419 °","57.673 °","9.67296 °","35.8978 Km","1.554 s","45.3604 °","2.88857 °","45.2281 °","2.67638 °","0.944862 AU","50.4409 km/s","1"
"509","2018-08-15 00:29:32","8","Confirmed","Not Detected","Not detected","0.984468","116.433 °","141.906 °","146.853 °","0.0451627 °","2018-08-13 13:59:05","59.9522 AU","-0.435448","0.000778471 AU","0.0163214","0.167713 °","0.0000747102 °","0.241534 °","0.0721062 °","319.387 s","48.6461 AU","0.0461559 cm","0.0120618 cm","0.000000324485 Kg","0.000000254390070854 Kg","0.0165948 cm","0.0449541 cm","0.0000000150811 Kg","0.00000012256 Kg","631.417 MJ","1762.18 MJ","61639.2 m/s","0.793753 m²/Kg","0.0000000012571 m²/J","61607.4 m/s","0.71396 m²/Kg","0.00000000371766 m²/J","45.3464 °","5153.04","1.02293","245.517 m/s","0.207429 m²/Kg","0.0000000033269 m²/J","106968 m","77684.7 m","53.2162 °","56.7073 °","3.36458 °","41.1702 Km","0.6666 s","48.7603 °","6.23051 °","48.5933 °","5.93656 °","0.931172 AU","55.7679 km/s","1"
"486","2018-08-14 00:59:53","8","Confirmed","Not Detected","Detected","0.932033","110.654 °","140.966 °","149.338 °","0.38132 °","2018-08-12 13:09:33","13.9008 AU","-0.0478358","0.0022471 AU","0.0269149","0.296626 °","0.000128532 °","0.608083 °","0.234182 °","1724.96 s","5.67805 AU","0.0422683 cm","0.0292767 cm","0.000000249205 Kg","0.000000517829218049 Kg","0.00000754005 cm","0.0000655173 cm","1.41461e-18 Kg","3.68757e-17 Kg","69.405 MJ","75.3842 MJ","59363 m/s","0.866758 m²/Kg","0.0000000124884 m²/J","59448.6 m/s","1.15989 m²/Kg","0.00000000655722 m²/J","47.1355 °","5461.2","8.63156","419.097 m/s","0.600353 m²/Kg","0.00000000701928 m²/J","109462 m","79581.3 m","49.1634 °","59.5719 °","8.64047 °","40.7555 Km","0.702 s","48.0091 °","-1.84505 °","47.8373 °","-2.10631 °","0.944791 AU","1.00187 km/s","1"
"481","2018-08-13 22:42:23","9","Confirmed","Not Detected","Not detected","0.954101","112.031 °","140.873 °","150.638 °","0.200286 °","2018-08-12 11:15:41","20.6885 AU","-0.197088","0.000978217 AU","0.0155358","0.209831 °","0.0000972106 °","0.267541 °","0.103696 °","381.101 s","8.6643 AU","0.102712 cm","0.0607407 cm","0.00000357583 Kg","0.00000634390654616 Kg","0.0932738 cm","0.729358 cm","0.0000026779 Kg","0.0000628197 Kg","6357.7 MJ","517117 MJ","60039.6 m/s","0.35669 m²/Kg","0.0000000000561037 m²/J","60070.6 m/s","0.360694 m²/Kg","0.0000000038587 m²/J","34.3983 °","2915.82","0.0963885","249.578 m/s","0.210936 m²/Kg","0.00000000456104 m²/J","106444 m","79828.8 m","48.2103 °","59.0236 °","4.62255 °","47.1071 Km","0.8 s","48.6393 °","2.62444 °","48.3653 °","2.31019 °","0.949592 AU","57.8272 km/s","1"
"477","2018-08-13 22:01:01","6","Confirmed","Not Detected","Not detected","0.953917","114.044 °","140.845 °","147.568 °","0.226403 °","2018-08-12 10:55:41","20.311 AU","-0.189898","0.000866525 AU","0.0191113","0.268328 °","0.00013542 °","0.2575 °","0.143146 °","3656.58 s","7.1487 AU","0.0511354 cm","0.0569898 cm","0.000000441244 Kg","0.00000147528283078 Kg","0.0000000000000197547 cm","0.000000000000810461 cm","2.52234e-44 Kg","3.1305e-42 Kg","21.8455 MJ","32.3046 MJ","60604.4 m/s","0.716458 m²/Kg","0.0000000327966 m²/J","60694.6 m/s","1.07096 m²/Kg","0.0000000155459 m²/J","30.7966 °","6462.51","28.5821","316.908 m/s","0.798485 m²/Kg","0.000000020786 m²/J","106107 m","87482.5 m","50.3414 °","57.9729 °","3.82021 °","36.3676 Km","0.6259 s","50.0605 °","4.50715 °","49.8321 °","4.26533 °","0.935996 AU","1.01595 km/s","1"
"463","2018-08-13 00:07:56","7","Confirmed","Not Detected","Detected","0.958856","113.259 °","139.971 °","152.002 °","0.160803 °","2018-08-11 12:58:58","23.2171 AU","-0.249778","0.00082828 AU","0.0224712","0.227323 °","0.000104711 °","0.286415 °","0.134108 °","3444.22 s","12.7545 AU","0.0394643 cm","0.0184444 cm","0.000000202827 Kg","0.00000028438657755 Kg","0.0372042 cm","0.134777 cm","0.000000169938 Kg","0.00000184686 Kg","10551.5 MJ","656627 MJ","60501.3 m/s","0.928342 m²/Kg","0.000000000087982 m²/J","60514.1 m/s","0.88135 m²/Kg","0.00000000473714 m²/J","45.3919 °","6022.07","0.0589745","338.409 m/s","0.43388 m²/Kg","0.00000000546856 m²/J","111770 m","80313.9 m","46.6471 °","57.7957 °","4.01501 °","44.1566 Km","0.8961 s","44.3043 °","12.4023 °","44.1131 °","12.1279 °","0.955255 AU","55.095 km/s","1"
"460","2018-08-12 22:44:50","14","Confirmed","Detected","Detected","0.981902","112.577 °","139.914 °","152.241 °","0.0461791 °","2018-08-11 11:37:15","52.7975 AU","-0.363509","0.00122505 AU","0.0145659","0.256105 °","0.0000832503 °","0.342084 °","0.0537251 °","528.402 s","38.1228 AU","0.0710793 cm","0.0531425 cm","0.00000118507 Kg","0.00000265805354965 Kg","0.000183264 cm","0.000979834 cm","0.0000000000000203117 Kg","0.000000000000325793 Kg","104.41 MJ","104.029 MJ","60505.3 m/s","0.515429 m²/Kg","0.00000000493657 m²/J","60544.2 m/s","0.627658 m²/Kg","0.00000000490926 m²/J","33.8431 °","4274.13","5.96062","209.191 m/s","0.385361 m²/Kg","0.00000000299446 m²/J","111747 m","80579 m","46.1484 °","58.5126 °","8.45536 °","56.0685 Km","0.935 s","46.7605 °","3.82167 °","46.4354 °","3.45196 °","0.95554 AU","56.6862 km/s","1"
"456","2018-08-12 21:58:23","7","Confirmed","Detected","Detected","0.981342","113.226 °","139.883 °","150.015 °","0.0528729 °","2018-08-11 10:56:25","50.7105 AU","-0.370157","0.00149604 AU","0.0374619","0.497219 °","0.000252763 °","0.413063 °","0.161098 °","2026.02 s","76.4959 AU","0.134679 cm","0.144105 cm","0.00000806151 Kg","0.0000258771751265 Kg","0.00000162856 cm","0.0000278739 cm","1.42536e-20 Kg","7.31882e-19 Kg","55.2494 MJ","89.0575 MJ","60662.3 m/s","0.272027 m²/Kg","0.00000000492362 m²/J","60784.2 m/s","0.393887 m²/Kg","0.00000000240425 m²/J","31.2976 °","2418.31","11.323","606.89 m/s","0.291066 m²/Kg","0.00000000375097 m²/J","108342 m","77169.6 m","47.6082 °","58.2518 °","7.39945 °","59.9694 Km","1.024 s","47.8222 °","9.31569 °","47.4538 °","8.92264 °","0.946147 AU","1.00093 km/s","1"
"453","2018-08-12 21:24:14","8","Confirmed","Detected","Detected","0.997629","114.542 °","139.86 °","152.572 °","0.00215374 °","2018-08-11 10:44:30","403.345 AU","-0.497656","0.00154906 AU","0.020328","0.331813 °","0.000145392 °","0.416218 °","0.0287446 °","4485.69 s","9747.21 AU","0.0736942 cm","0.0348252 cm","0.00000132073 Kg","0.00000187238468259 Kg","0.00711203 cm","0.0202484 cm","0.00000000118712 Kg","0.0000000101394 Kg","272.931 MJ","355.233 MJ","61268.5 m/s","0.497141 m²/Kg","0.00000000182149 m²/J","61272.2 m/s","0.491109 m²/Kg","0.00000000258071 m²/J","28.0073 °","4889.21","2.33814","317.365 m/s","0.234931 m²/Kg","0.00000000210522 m²/J","107896 m","78026 m","46.2279 °","57.5191 °","8.85006 °","63.5043 Km","1.0662 s","47.3556 °","10.385 °","46.9422 °","9.98107 °","0.956437 AU","55.0501 km/s","1"
"452","2018-08-12 21:01:41","15","Confirmed","Detected","Detected","0.971626","113.548 °","139.845 °","152.395 °","0.0903261 °","2018-08-11 09:58:14","33.709 AU","-0.299808","0.000372233 AU","0.00662004","0.108978 °","0.0000556288 °","0.0992672 °","0.0320386 °","666.934 s","7.87373 AU","0.246001 cm","0.112459 cm","0.0000491276 Kg","0.0000673759067405 Kg","0.0000051756 cm","0.0000481257 cm","4.57505e-19 Kg","1.27624e-17 Kg","58.1486 MJ","52.564 MJ","60692.6 m/s","0.148928 m²/Kg","0.00000000256116 m²/J","60728.2 m/s","0.194473 m²/Kg","0.00000000146545 m²/J","25.4625 °","1599.78","10.7691","111.455 m/s","0.0680822 m²/Kg","0.00000000132984 m²/J","108349 m","74626.2 m","45.8792 °","58.0638 °","2.02286 °","78.9082 Km","1.319 s","47.3294 °","7.06716 °","46.7785 °","6.61226 °","0.956474 AU","1.35465 km/s","1"
"445","2018-08-12 20:43:35","8","Confirmed","Detected","Detected","0.990409","113.646 °","139.833 °","155.172 °","0.0156428 °","2018-08-11 09:50:05","100.794 AU","-0.436095","0.000732385 AU","0.0166137","0.287557 °","0.000158956 °","0.196727 °","0.0411231 °","1807.74 s","166.809 AU","0.0747488 cm","0.0329664 cm","0.00000137825 Kg","0.0000018235397594 Kg","0.0733089 cm","0.337075 cm","0.00000130012 Kg","0.0000179339 Kg","32456.8 MJ","7794180 MJ","60940.4 m/s","0.490126 m²/Kg","0.0000000000151009 m²/J","60944 m/s","0.45785 m²/Kg","0.00000000314985 m²/J","22.3693 °","5947.6","0.0194515","288 m/s","0.21616 m²/Kg","0.00000000362491 m²/J","108849 m","80651 m","44.2051 °","58.025 °","3.81826 °","74.1138 Km","1.2323 s","45.562 °","5.76298 °","45.0216 °","5.36917 °","0.966719 AU","56.873 km/s","1"
"439","2018-08-12 20:02:45","7","Confirmed","Not Detected","Detected","0.979663","111.313 °","139.805 °","154.925 °","0.0489271 °","2018-08-11 08:39:18","47.5021 AU","-0.320102","0.00128629 AU","0.0183543","0.396901 °","0.000222575 °","0.347714 °","0.0669435 °","762.756 s","76.104 AU","0.212767 cm","0.209205 cm","0.0000317852 Kg","0.0000937593731826 Kg","0.000000000388535 cm","0.0000000104068 cm","1.93555e-31 Kg","1.5553e-29 Kg","30.4866 MJ","42.1997 MJ","60069.7 m/s","0.17219 m²/Kg","0.00000000564806 m²/J","60177 m/s","0.25871 m²/Kg","0.0000000027615 m²/J","18.7919 °","2468.58","20.1211","342.759 m/s","0.169308 m²/Kg","0.00000000335438 m²/J","108950 m","81146 m","43.6987 °","59.4795 °","7.00821 °","86.3292 Km","1.449 s","43.4245 °","6.17558 °","42.7514 °","5.80876 °","0.966064 AU","54.7275 km/s","1"
"438","2018-08-12 19:58:23","8","Confirmed","Detected","Detected","0.966719","109.938 °","139.803 °","149.409 °","0.129187 °","2018-08-11 08:10:31","28.3648 AU","-0.224382","0.000720801 AU","0.0100384","0.199794 °","0.000112099 °","0.164798 °","0.0593079 °","403.327 s","9.45492 AU","0.129156 cm","0.0577131 cm","0.00000710989 Kg","0.00000953107143593 Kg","0.126262 cm","0.880546 cm","0.00000664254 Kg","0.000138974 Kg","26480.5 MJ","8304340 MJ","59416.1 m/s","0.283659 m²/Kg","0.000000000010712 m²/J","59402.6 m/s","0.252716 m²/Kg","0.0000000028637 m²/J","21.0863 °","3641.16","0.0226637","189.281 m/s","0.126752 m²/Kg","0.00000000335774 m²/J","106623 m","80917.7 m","47.144 °","60.4226 °","2.9662 °","71.2709 Km","1.1895 s","45.0608 °","10.614 °","44.5121 °","10.3115 °","0.944007 AU","57.1752 km/s","1"
"436","2018-08-12 19:37:00","10","Confirmed","Detected","Detected","0.971882","112.83 °","139.788 °","151.36 °","0.0929386 °","2018-08-11 08:25:35","33.8651 AU","-0.31901","0.000268905 AU","0.00947888","0.215527 °","0.000119956 °","0.0745115 °","0.0477551 °","2997.68 s","19.8958 AU","0.206566 cm","0.12596 cm","0.0000290865 Kg","0.0000532090647609 Kg","0.000000221685 cm","0.00000361376 cm","3.5952e-23 Kg","1.75819e-21 Kg","45.1275 MJ","55.524 MJ","60404.1 m/s","0.177359 m²/Kg","0.00000000393018 m²/J","60470.1 m/s","0.245805 m²/Kg","0.0000000021988 m²/J","18.0055 °","2649.82","13.7449","179.786 m/s","0.10815 m²/Kg","0.00000000278074 m²/J","107584 m","79147.7 m","46.3633 °","58.759 °","2.85458 °","91.6713 Km","1.54036 s","45.9913 °","5.06433 °","45.2545 °","4.7321 °","0.952217 AU","1 km/s","1"
"424","2018-08-12 02:40:19","6","Confirmed","Detected","Detected","0.999034","111.481 °","139.113 °","151.234 °","0.000591104 °","2018-08-10 15:23:11","983.957 AU","-0.436268","0.00169811 AU","0.0336175","0.298111 °","0.000121094 °","0.528309 °","0.03705 °","7962.63 s","15136.5 AU","0.0365487 cm","0.0159256 cm","0.000000161113 Kg","0.000000210608873802 Kg","0.0360471 cm","0.120079 cm","0.00000015457 Kg","0.0000015447 Kg","44639.5 MJ","11201100 MJ","60242.9 m/s","1.0024 m²/Kg","0.0000000000224554 m²/J","60220.2 m/s","0.873451 m²/Kg","0.00000000486649 m²/J","62.4012 °","5223.65","0.0138211","490.129 m/s","0.436781 m²/Kg","0.00000000563098 m²/J","105709 m","78149.9 m","46.6019 °","58.8284 °","7.685 °","31.0972 Km","0.536 s","47.0381 °","3.99662 °","46.954 °","3.85614 °","0.950946 AU","54.8443 km/s","1"
"415","2018-08-12 00:24:42","6","Confirmed","Detected","Detected","0.950644","111.936 °","139.022 °","150.433 °","0.225356 °","2018-08-10 12:58:54","19.2307 AU","-0.215055","0.00218314 AU","0.0340189","0.354398 °","0.000166727 °","0.607518 °","0.236681 °","12449.2 s","23.9357 AU","0.399686 cm","4.18704 cm","0.000210703 Kg","0.00662187269121 Kg","0","0","0","0","3.96148 MJ","43.2399 MJ","59968.8 m/s","0.0916628 m²/Kg","0.0000000231385 m²/J","60323.3 m/s","0.877791 m²/Kg","0.0000000113431 m²/J","44.891 °","599.803","154.327","523.168 m/s","0.960243 m²/Kg","0.0000000171036 m²/J","105579 m","83912.7 m","46.0044 °","58.3524 °","8.89088 °","30.6964 Km","0.5185 s","45.3277 °","5.70664 °","45.1921 °","5.51251 °","0.94916 AU","1.00198 km/s","1"
"411","2018-08-11 23:46:38","9","Confirmed","Not Detected","Not detected","0.97296","112.679 °","138.996 °","154.132 °","0.077921 °","2018-08-10 12:35:30","35.6292 AU","-0.354884","0.00130644 AU","0.0285044","0.315104 °","0.000141238 °","0.38858 °","0.124764 °","2256.53 s","94.4179 AU","0.075881 cm","0.0470983 cm","0.00000144183 Kg","0.00000268476939487 Kg","0.0000131729 cm","0.000114086 cm","7.5433e-18 Kg","1.95989e-16 Kg","71.7913 MJ","76.9054 MJ","60469.9 m/s","0.482813 m²/Kg","0.00000000672524 m²/J","60546.2 m/s","0.654904 m²/Kg","0.00000000342921 m²/J","43.241 °","3254.75","8.65876","433.838 m/s","0.299676 m²/Kg","0.00000000385057 m²/J","108227 m","77038 m","43.8474 °","57.962 °","6.8474 °","45.4953 Km","0.7433 s","49.0681 °","4.83823 °","48.8646 °","4.51679 °","0.963398 AU","1.20732 km/s","1"
"408","2018-08-11 23:21:29","16","Confirmed","Detected","Detected","0.97394","112.782 °","138.979 °","147.387 °","0.096409 °","2018-08-10 12:07:48","35.8656 AU","-0.350345","0.00118924 AU","0.0181532","0.226076 °","0.000106532 °","0.297744 °","0.102287 °","4526.33 s","32.2984 AU","12.3042 cm","1072.32 cm","6.14715 Kg","1607.19171032 Kg","0","","0","","0.801469 MJ","70.2079 MJ","60400.8 m/s","0.00297755 m²/Kg","0.00000000371512 m²/J","60627.7 m/s","0.221892 m²/Kg","0.0000000020583 m²/J","36.4402 °","23.1504","773.835","288.812 m/s","0.259497 m²/Kg","0.00000000349082 m²/J","111917 m","75121.3 m","48.036 °","58.2152 °","5.01476 °","62.0195 Km","1.049 s","48.9043 °","0.213477 °","48.567 °","-0.21952 °","0.934643 AU","1.00001 km/s","1"
"397","2018-08-11 20:21:06","10","Confirmed","Not Detected","Detected","0.909719","113.201 °","138.858 °","151.578 °","0.538232 °","2018-08-10 08:53:53","10.5814 AU","0.0288555","0.000721172 AU","0.0123186","0.231053 °","0.000120207 °","0.206569 °","0.113723 °","1925.09 s","1.35913 AU","0.173785 cm","0.160232 cm","0.0000173201 Kg","0.0000479079820743 Kg","0.165938 cm","2.29885 cm","0.0000150783 Kg","0.000626668 Kg","13219 MJ","3896150 MJ","59939.5 m/s","0.210815 m²/Kg","0.0000000000159479 m²/J","60007.9 m/s","0.275936 m²/Kg","0.00000000400071 m²/J","23.8029 °","2412.3","0.0462037","222.764 m/s","0.194374 m²/Kg","0.00000000470377 m²/J","107384 m","82407.8 m","44.4462 °","57.8132 °","3.55151 °","61.8179 Km","1.03457 s","50.0373 °","4.32882 °","49.5805 °","4.0112 °","0.955301 AU","58.7018 km/s","1"
"386","2018-08-11 02:42:04","6","Confirmed","Not Detected","Detected","0.988752","111.201 °","138.155 °","154.413 °","0.0205544 °","2018-08-09 15:22:39","85.7215 AU","-0.377449","0.00139862 AU","0.0538248","0.466034 °","0.000191664 °","0.601931 °","0.150092 °","6510.79 s","359.714 AU","0.0408688 cm","0.0345004 cm","0.000000225263 Kg","0.000000570483467285 Kg","0.0000346189 cm","0.000274722 cm","1.36916e-16 Kg","0.00000000000000325954 Kg","86.7539 MJ","108.1 MJ","60081.9 m/s","0.896438 m²/Kg","0.0000000103331 m²/J","60286.5 m/s","1.28727 m²/Kg","0.00000000544101 m²/J","63.558 °","4623.63","7.07372","772.914 m/s","0.75675 m²/Kg","0.00000000600752 m²/J","104541 m","78398.2 m","43.0835 °","58.5023 °","9.03034 °","29.1974 Km","0.52331 s","43.6146 °","7.85259 °","43.5301 °","7.74448 °","0.964194 AU","46.399 km/s","1"
"367","2018-08-10 21:52:53","6","Confirmed","Not Detected","Not detected","1.01108","115.461 °","137.959 °","151.248 °","0.0229217 °","2018-08-09 11:25:18","-85.7765 AU","-0.595619","0.000891925 AU","0.0143186","0.306222 °","0.000101835 °","0.168637 °","0.0415114 °","1446.48 s","74.1308 AU","0.15057 cm","0.11229 cm","0.0000112649 Kg","0.0000252030924168 Kg","0.00000000377224 cm","0.0000000796952 cm","1.77138e-28 Kg","1.12271e-26 Kg","36.9092 MJ","46.0746 MJ","61643.9 m/s","0.243318 m²/Kg","0.00000000659234 m²/J","61659.5 m/s","0.308278 m²/Kg","0.00000000318402 m²/J","24.196 °","2741.66","17.5023","194.988 m/s","0.181459 m²/Kg","0.00000000438352 m²/J","107450 m","80670 m","44.6699 °","56.6186 °","10.2261 °","65.2344 Km","1.073 s","45.8197 °","-1.38503 °","45.3713 °","-1.78063 °","0.950826 AU","1.51344 km/s","1"
"337","2018-08-09 01:01:44","7","Confirmed","Detected","Detected","1.06535","143.017 °","136.165 °","208.549 °","-0.369531 °","2018-08-07 18:18:28","-14.5419 AU","-1.34042","0.0025894 AU","0.0416019","0.333346 °","0.000174283 °","0.853818 °","0.336267 °","8559.39 s","9.19899 AU","0.0262228 cm","0.0153472 cm","0.000000059505 Kg","0.000000104478114489 Kg","0.000348208 cm","0.00119742 cm","0.000000000000139326 Kg","0.00000000000143734 Kg","186.893 MJ","171.282 MJ","68927.6 m/s","1.39712 m²/Kg","0.00000000747549 m²/J","69051.4 m/s","1.76416 m²/Kg","0.00000000515864 m²/J","50.5093 °","8360.67","4.32159","570.704 m/s","0.81768 m²/Kg","0.00000000383727 m²/J","110617 m","79395.7 m","25.855 °","33.7826 °","6.16077 °","40.4566 Km","0.6019 s","47.9597 °","3.41469 °","47.9682 °","3.07544 °","0.95032 AU","52.5364 km/s","1"
"334","2018-08-08 23:34:15","6","Confirmed","Detected","Detected","0.954842","110.581 °","136.109 °","151.491 °","0.188781 °","2018-08-07 11:53:20","21.1239 AU","-0.169454","0.00248787 AU","0.0439672","0.495555 °","0.000243981 °","0.693864 °","0.279283 °","18311.1 s","17.7504 AU","0.0309256 cm","0.0571403 cm","0.0000000976044 Kg","0.000000541021834161 Kg","0.000000000275393 cm","0.0000000124131 cm","6.89247e-32 Kg","9.32015e-30 Kg","32.5462 MJ","82.9062 MJ","59571.9 m/s","1.18466 m²/Kg","0.0000000363993 m²/J","59838.1 m/s","2.28329 m²/Kg","0.0000000184727 m²/J","40.1717 °","8481.12","18.5366","692.038 m/s","2.18886 m²/Kg","0.0000000309604 m²/J","108008 m","86649.5 m","40.9494 °","58.3579 °","10.1528 °","33.105 Km","0.571 s","44.4305 °","8.01243 °","44.2659 °","7.80024 °","0.953911 AU","1.0026 km/s","1"
"312","2018-08-06 23:24:36","6","Confirmed","Not Detected","Not detected","0.962498","111.058 °","134.185 °","144.564 °","0.18395 °","2018-08-05 11:44:11","24.5884 AU","-0.334816","0.00131714 AU","0.0301871","0.409345 °","0.000194581 °","0.438385 °","0.226642 °","6077.82 s","72.9657 AU","2.98893 cm","262.199 cm","0.0881169 Kg","23.1897669118 Kg","0","","0","","1.00029 MJ","88.358 MJ","59651.2 m/s","0.0122574 m²/Kg","0.0000000122538 m²/J","59932.8 m/s","0.863605 m²/Kg","0.00000000605378 m²/J","35.0611 °","98.5411","604.731","498.428 m/s","1.07526 m²/Kg","0.00000000976862 m²/J","108988 m","81734.9 m","42.8541 °","57.931 °","6.11628 °","47.4089 Km","0.8141 s","48.1964 °","-2.34802 °","47.9321 °","-2.67591 °","0.922123 AU","1.04156 km/s","1"
"302","2018-08-06 00:32:25","9","Confirmed","Not Detected","Detected","0.976388","25.4798 °","133.283 °","334.348 °","351.865 °","2018-08-03 22:10:31","2.60366 AU","2.30132","0.00100944 AU","0.000793475","0.224195 °","0.000107948 °","0.167033 °","0.233684 °","1466.3 s","0.059719 AU","0.780278 cm","0.205222 cm","0.00156769 Kg","0.00123696729918 Kg","0.0000624973 cm","0.000300468 cm","8.05561e-16 Kg","0.0000000000000116187 Kg","33.181 MJ","17.8753 MJ","42907.1 m/s","0.046953 m²/Kg","0.00000000141506 m²/J","42926.5 m/s","0.0547278 m²/Kg","0.00000000110055 m²/J","39.0543 °","344.157","9.43228","153.526 m/s","0.0123492 m²/Kg","0.000000000429473 m²/J","89682.5 m","63533.8 m","341.792 °","-0.270638 °","3.08102 °","41.4847 Km","0.9764 s","48.8867 °","4.19968 °","49.1559 °","4.052 °","0.0614778 AU","1.67501 km/s","1"
"296","2018-08-05 23:26:53","6","Confirmed","Not Detected","Detected","0.989801","111.857 °","133.229 °","150.501 °","0.0209143 °","2018-08-04 12:10:04","93.0473 AU","-0.392335","0.00142058 AU","0.0405435","0.444162 °","0.000217629 °","0.466311 °","0.127191 °","4868.08 s","353.716 AU","0.0394132 cm","0.0321445 cm","0.000000202041 Kg","0.000000494340515351 Kg","0.0387631 cm","0.188477 cm","0.000000192207 Kg","0.00000280369 Kg","37139.5 MJ","10164800 MJ","60281.6 m/s","0.929545 m²/Kg","0.0000000000250285 m²/J","60451.2 m/s","1.18833 m²/Kg","0.00000000571426 m²/J","39.9682 °","6682.88","0.0166334","628.145 m/s","0.758115 m²/Kg","0.00000000685629 m²/J","108168 m","80364.1 m","38.3386 °","56.9723 °","6.17125 °","43.2797 Km","0.7284 s","43.8078 °","11.7863 °","43.5979 °","11.5022 °","0.948992 AU","55.9689 km/s","1"
"293","2018-08-05 23:11:51","7","Confirmed","Not Detected","Not detected","0.998212","112.467 °","133.219 °","152.655 °","0.00140313 °","2018-08-04 12:04:19","535.808 AU","-0.453415","0.00103701 AU","0.0362326","0.422321 °","0.000201637 °","0.367086 °","0.0468539 °","2054.85 s","7304.84 AU","0.0380761 cm","0.0387095 cm","0.000000182168 Kg","0.000000555594060976 Kg","0.0000007082 cm","0.0000100615 cm","1.17215e-21 Kg","4.99586e-20 Kg","57.2581 MJ","80.0897 MJ","60569.7 m/s","0.962188 m²/Kg","0.0000000168044 m²/J","60725 m/s","1.46334 m²/Kg","0.00000000854306 m²/J","39.3977 °","7001.07","10.8924","567.388 m/s","0.978195 m²/Kg","0.0000000112434 m²/J","108924 m","82514.5 m","37.1322 °","56.6684 °","5.31631 °","41.6102 Km","0.7136 s","50.7773 °","3.17757 °","50.5765 °","2.85975 °","0.957778 AU","1.06624 km/s","1"
"292","2018-08-05 22:32:25","8","Confirmed","Not Detected","Detected","0.764817","19.9095 °","133.208 °","246.883 °","352.155 °","2018-08-01 21:43:49","3.17749 AU","2.58412","0.00157375 AU","0.00403323","0.0444063 °","0.000127731 °","0.200736 °","0.208831 °","202.533 s","0.0530837 AU","1.24615 cm","0.42391 cm","0.0063859 Kg","0.00651699892577 Kg","0.0266226 cm","0.0693871 cm","0.0000000622681 Kg","0.000000486872 Kg","25.9349 MJ","19.9419 MJ","24222.9 m/s","0.0293997 m²/Kg","0.0000000011336 m²/J","24273.1 m/s","0.0358476 m²/Kg","0.000000000775183 m²/J","56.3992 °","163.011","3.84605","131.703 m/s","0.0100011 m²/Kg","0.000000000512428 m²/J","89212.9 m","50594.4 m","300.898 °","14.5486 °","5.15776 °","46.3552 Km","2.034 s","47.485 °","1.07358 °","47.7071 °","0.996225 °","0.747291 AU","13.6858 km/s","1"
"286","2018-08-05 20:18:01","7","Confirmed","Detected","Detected","0.997954","115.222 °","133.102 °","150.317 °","0.00189161 °","2018-08-04 09:39:13","463.291 AU","-0.478811","0.0016625 AU","0.0211307","0.422325 °","0.000242018 °","0.401234 °","0.0324986 °","2833.15 s","477.599 AU","0.0832042 cm","0.0710505 cm","0.00000190086 Kg","0.00000486959255352 Kg","0.000000000931338 cm","0.00000002955 cm","2.66585e-30 Kg","2.5375e-28 Kg","34.9574 MJ","61.8637 MJ","61357.1 m/s","0.440319 m²/Kg","0.0000000125959 m²/J","61477.9 m/s","0.656331 m²/Kg","0.00000000576111 m²/J","19.4073 °","6119.76","18.3079","383.737 m/s","0.376001 m²/Kg","0.0000000160876 m²/J","108910 m","85115.1 m","38.6582 °","55.478 °","7.27083 °","71.3236 Km","1.18141 s","47.01 °","6.78968 °","46.4735 °","6.41274 °","0.947927 AU","2.14999 km/s","1"
"282","2018-08-05 01:54:33","11","Confirmed","Not Detected","Not detected","0.980426","63.3075 °","132.374 °","287.003 °","359.498 °","2018-08-03 01:57:47","18.6663 AU","0.613722","0.00106225 AU","0.00366948","0.217278 °","0.0000655061 °","0.2096 °","12.6883 °","2124.37 s","9.45791 AU","1.42904 cm","0.396878 cm","0.00963043 Kg","0.00802379033567 Kg","0.0102448 cm","0.0278367 cm","0.00000000354831 Kg","0.0000000289239 Kg","69.0826 MJ","42.1202 MJ","44795.6 m/s","0.0256371 m²/Kg","0.000000000371108 m²/J","44869.8 m/s","0.0304662 m²/Kg","0.000000000283365 m²/J","65.079 °","130.553","4.93799","172.895 m/s","0.00712002 m²/Kg","0.000000000128111 m²/J","91287.5 m","50801.8 m","331.428 °","21.6582 °","4.27946 °","44.6421 Km","1.0593 s","44.5009 °","1.50003 °","44.6492 °","1.60859 °","0.365367 AU","25.8673 km/s","1"
"277","2018-08-04 23:58:21","8","Confirmed","Not Detected","Detected","0.951084","112.384 °","132.292 °","153.086 °","0.19948 °","2018-08-03 12:33:29","19.6454 AU","-0.282134","0.000784198 AU","0.0261651","0.290938 °","0.000131338 °","0.306278 °","0.164282 °","2504.14 s","18.8687 AU","0.158626 cm","0.241713 cm","0.0000131715 Kg","0.0000602120091906 Kg","0.000000516615 cm","0.0000122717 cm","4.55004e-22 Kg","3.24245e-20 Kg","48.603 MJ","97.4955 MJ","60102.2 m/s","0.230961 m²/Kg","0.00000000475199 m²/J","60315.5 m/s","0.509389 m²/Kg","0.00000000266629 m²/J","44.5453 °","1520.55","12.6348","404.241 m/s","0.351937 m²/Kg","0.00000000297162 m²/J","108015 m","74961.3 m","35.4315 °","56.0125 °","4.33656 °","47.1224 Km","0.803 s","47.6157 °","6.54379 °","47.4223 °","6.20952 °","0.960968 AU","1 km/s","1"
"274","2018-08-04 21:50:04","6","Confirmed","Not Detected","Detected","0.959883","113.37 °","132.206 °","150.887 °","0.161939 °","2018-08-03 10:41:15","23.7249 AU","-0.255839","0.000944239 AU","0.0128818","0.212516 °","0.000099386 °","0.245107 °","0.0789736 °","3372.49 s","32.9876 AU","0.0918819 cm","0.0485495 cm","0.00000255979 Kg","0.00000405769947057 Kg","0.00000424231 cm","0.000034644 cm","2.51954e-19 Kg","6.1726e-18 Kg","62.2187 MJ","53.7288 MJ","60446.3 m/s","0.398733 m²/Kg","0.00000000640857 m²/J","60477 m/s","0.459224 m²/Kg","0.00000000397629 m²/J","28.4876 °","3860.69","9.98315","211.906 m/s","0.210687 m²/Kg","0.00000000347633 m²/J","108132 m","80930.4 m","36.5565 °","55.8704 °","4.9286 °","57.023 Km","1.53877 s","49.2438 °","2.19436 °","48.8828 °","1.8009 °","0.951769 AU","55.6603 km/s","1"
"271","2018-08-04 02:41:21","6","Confirmed","Not Detected","Not detected","0.967336","26.3079 °","311.439 °","147.161 °","353.04 °","2018-08-01 22:58:13","2.95759 AU","2.10161","0.00130069 AU","0.00186199","0.819634 °","0.0000931159 °","0.281437 °","0.593837 °","575.408 s","0.172318 AU","0.131822 cm","0.0701712 cm","0.00000755931 Kg","0.0000120718190385 Kg","0.130236 cm","0.905257 cm","0.00000728974 Kg","0.00015201 Kg","24416.7 MJ","14292800 MJ","41695.3 m/s","0.277922 m²/Kg","0.0000000000113824 m²/J","41705.3 m/s","0.251862 m²/Kg","0.00000000563377 m²/J","31.0374 °","2489.34","0.0121042","332.55 m/s","0.147942 m²/Kg","0.00000000666118 m²/J","95053.8 m","78749.1 m","343.579 °","-14.8892 °","6.60269 °","31.6061 Km","0.7587 s","43.1538 °","1.8941 °","43.3885 °","1.96548 °","0.0966066 AU","40.162 km/s","1"
"270","2018-08-04 00:32:11","11","Confirmed","Detected","Detected","0.946754","116.118 °","131.357 °","154.065 °","0.217717 °","2018-08-02 13:49:48","18.123 AU","-0.257864","0.000424583 AU","0.0175218","0.179969 °","0.0000861933 °","0.180706 °","0.109468 °","4715.26 s","15.1165 AU","0.10882 cm","0.0952679 cm","0.00000425249 Kg","0.0000111686562092 Kg","0.000000818828 cm","0.0000120172 cm","1.81172e-21 Kg","7.97673e-20 Kg","54.0486 MJ","71.4708 MJ","61243.5 m/s","0.336669 m²/Kg","0.000000006229 m²/J","61396.2 m/s","0.576925 m²/Kg","0.00000000362525 m²/J","44.156 °","2231.94","11.7973","264.877 m/s","0.29474 m²/Kg","0.00000000322505 m²/J","109620 m","76976.9 m","34.5871 °","53.4053 °","2.18064 °","46.8139 Km","0.8091 s","45.279 °","2.11885 °","45.097 °","1.78596 °","0.96497 AU","1.00011 km/s","1"
"266","2018-08-03 22:32:18","7","Confirmed","Not Detected","Not detected","1.017","109.52 °","131.277 °","151.92 °","0.0422062 °","2018-08-02 10:55:41","-56.128 AU","-0.519061","0.00207219 AU","0.0324855","0.426388 °","0.000195848 °","0.563451 °","0.118557 °","8968.73 s","149.458 AU","0.0238843 cm","0.0232477 cm","0.0000000449624 Kg","0.000000131292205076 Kg","0.000000723657 cm","0.0000103919 cm","1.25058e-21 Kg","5.38762e-20 Kg","58.3431 MJ","86.5276 MJ","59755.7 m/s","1.53391 m²/Kg","0.0000000262913 m²/J","60004.7 m/s","2.72496 m²/Kg","0.0000000130856 m²/J","37.0239 °","11764.4","10.4044","520.893 m/s","1.49303 m²/Kg","0.0000000151754 m²/J","108601 m","84900.8 m","34.5034 °","58.0186 °","9.5548 °","39.3379 Km","0.673 s","50.9199 °","4.85057 °","50.7093 °","4.56408 °","0.954451 AU","1.80056 km/s","1"
"259","2018-08-03 01:59:30","7","Confirmed","Not Detected","Detected","1.0057","114.331 °","130.459 °","152.271 °","0.00811014 °","2018-08-01 15:18:16","-167.819 AU","-0.530785","0.00160556 AU","0.0380155","0.365289 °","0.000149037 °","0.550511 °","0.0792355 °","14206.2 s","1465.46 AU","0.0251396 cm","0.0175179 cm","0.0000000524312 Kg","0.000000109605807377 Kg","0.0000172571 cm","0.000126799 cm","1.69597e-17 Kg","3.73842e-16 Kg","87.3442 MJ","97.3159 MJ","61175.4 m/s","1.45732 m²/Kg","0.0000000166848 m²/J","61455.5 m/s","2.23591 m²/Kg","0.0000000109109 m²/J","58.4325 °","7899.04","7.28398","551.6 m/s","1.01549 m²/Kg","0.00000000777604 m²/J","105620 m","81301 m","34.8794 °","54.5562 °","8.19148 °","28.5434 Km","0.5039 s","46.8378 °","4.32065 °","46.7659 °","4.15857 °","0.956343 AU","19.2096 km/s","1"
"252","2018-08-02 20:30:26","8","Confirmed","Not Detected","Detected","0.761904","6.68967 °","130.279 °","265.66 °","348.06 °","2018-07-29 21:41:44","2.55729 AU","2.93693","0.0014151 AU","0.00108513","0.0694329 °","0.000311791 °","0.14878 °","0.056095 °","1029.53 s","0.00822886 AU","0.424664 cm","0.109941 cm","0.000252726 Kg","0.000196284568867 Kg","0.0000866707 cm","0.000499787 cm","0.00000000000000214848 Kg","0.0000000000000371677 Kg","12.3065 MJ","8.7399 MJ","24801.3 m/s","0.0862714 m²/Kg","0.00000000701021 m²/J","24829.9 m/s","0.100411 m²/Kg","0.00000000451048 m²/J","26.0013 °","908.82","8.49694","65.3122 m/s","0.0223348 m²/Kg","0.0000000033815 m²/J","92085.2 m","70513.4 m","306.479 °","-5.75191 °","2.03815 °","49.3517 Km","2.038 s","46.2896 °","5.82412 °","46.5541 °","5.40118 °","0.608881 AU","21.2431 km/s","1"
"250","2018-08-02 19:45:06","7","Confirmed","Not Detected","Not detected","0.985202","109.703 °","130.208 °","155.289 °","0.0297965 °","2018-08-01 08:01:16","65.4625 AU","-0.330322","0.000471074 AU","0.0117572","0.307037 °","0.000173697 °","0.112715 °","0.034741 °","1973.27 s","50.3048 AU","0.105152 cm","0.075595 cm","0.00000383682 Kg","0.00000827497098959 Kg","0.103878 cm","1.2148 cm","0.00000369905 Kg","0.000129775 Kg","49409 MJ","47101000 MJ","59519.7 m/s","0.348412 m²/Kg","0.00000000000705159 m²/J","59571.2 m/s","0.388146 m²/Kg","0.0000000057054 m²/J","16.5399 °","5652.02","0.0121889","233.166 m/s","0.250477 m²/Kg","0.00000000672257 m²/J","104729 m","85734.2 m","30.4097 °","57.5211 °","4.53564 °","66.7197 Km","1.124 s","43.2914 °","5.1281 °","42.7652 °","4.83955 °","0.968687 AU","58.1311 km/s","1"
"248","2018-08-02 02:54:22","7","Confirmed","Not Detected","Not detected","0.945296","112.38 °","129.539 °","151.216 °","0.255308 °","2018-07-31 15:29:05","17.4386 AU","-0.103411","0.000888774 AU","0.032266","0.290574 °","0.000122806 °","0.439864 °","0.230784 °","13396.1 s","13.7406 AU","0.029096 cm","0.0196107 cm","0.0000000812858 Kg","0.000000164359712222 Kg","0.00000623912 cm","0.0000386123 cm","8.01463e-19 Kg","1.48801e-17 Kg","72.2692 MJ","59.2968 MJ","59926.2 m/s","1.25915 m²/Kg","0.0000000174231 m²/J","60193.9 m/s","1.96279 m²/Kg","0.000000015107 m²/J","66.3314 °","6349.09","8.44752","480.323 m/s","0.848669 m²/Kg","0.00000000410314 m²/J","110874 m","80636.6 m","33.6726 °","55.1023 °","3.70188 °","33.0154 Km","0.734 s","45.8449 °","5.09235 °","45.776 °","4.95634 °","0.953958 AU","3.03988 km/s","1"
"238","2018-08-01 21:27:10","7","Confirmed","Not Detected","Not detected","1.01346","114.275 °","129.319 °","149.897 °","0.0323189 °","2018-07-31 10:44:58","-70.2822 AU","-0.571566","0.00367229 AU","0.110226","1.87946 °","0.00113353 °","0.56981 °","0.392432 °","38451.4 s","591.918 AU","4122.45 cm","1169060000 cm","231196000 Kg","196690566680000 Kg","0.00000581046 cm","29.9206 cm","6.4736e-19 Kg","0.0000000000100006 Kg","31.2634 MJ","8333600 MJ","61220.4 m/s","0.00000888704 m²/Kg","0.000000000000284264 m²/J","62484.2 m/s","2.04913 m²/Kg","0.0000000053733 m²/J","21.1943 °","0.113523","20.3801","1929.22 m/s","2.52023 m²/Kg","0.00000000658331 m²/J","105798 m","82101 m","34.0006 °","54.7909 °","15.4549 °","65.347 Km","1.0888 s","42.7452 °","5.63834 °","42.2947 °","5.23528 °","0.94603 AU","61.2203 km/s","1"
"230","2018-08-01 00:57:01","6","Confirmed","Not Detected","Not detected","0.971735","26.0864 °","308.498 °","149.225 °","353.314 °","2018-07-29 21:55:54","3.00826 AU","2.05072","0.000884407 AU","0.00129613","1.10725 °","0.000312885 °","0.178793 °","0.451864 °","6839.21 s","0.126386 AU","0.381402 cm","0.209599 cm","0.000183089 Kg","0.00030184921889 Kg","0.330843 cm","2.16844 cm","0.000119504 Kg","0.00234978 Kg","2145.6 MJ","99712.6 MJ","42365.6 m/s","0.096057 m²/Kg","0.0000000000447693 m²/J","42379.1 m/s","0.0929189 m²/Kg","0.00000000178697 m²/J","30.5681 °","872.284","0.142209","252.374 m/s","0.052788 m²/Kg","0.00000000207724 m²/J","97960.4 m","71558.6 m","340.664 °","-15.1321 °","13.8389 °","51.8491 Km","1.23364 s","43.012 °","4.43086 °","43.3962 °","4.29737 °","0.0850299 AU","40.5235 km/s","1"
"222","2018-07-30 22:26:56","6","Confirmed","Not Detected","Not detected","0.769703","7.40478 °","127.484 °","267.174 °","348.266 °","2018-07-27 01:52:00","2.58419 AU","2.90021","0.00250296 AU","0.00406816","0.14844 °","0.000555272 °","0.208693 °","0.284917 °","2396.82 s","0.03556 AU","18769.6 cm","1470190000 cm","21821200000 Kg","5.12764502885e15 Kg","9.51744 cm","9224180 cm","2.84495 Kg","8271860 Kg","14.1447 MJ","1773800 MJ","25124.8 m/s","0.0000019519 m²/Kg","0.000000000000137995 m²/J","25263.7 m/s","0.124596 m²/Kg","0.0000000189426 m²/J","34.5107 °","0.0159105","7.58687","178.469 m/s","0.152888 m²/Kg","0.0000000220576 m²/J","92385.4 m","79099.5 m","306.064 °","-5.86253 °","6.49966 °","23.4439 Km","0.9455 s","48.2748 °","7.37834 °","48.439 °","7.30473 °","0.595131 AU","25.1248 km/s","1"
"218","2018-07-30 03:14:07","8","Confirmed","Not Detected","Detected","0.999536","169.742 °","306.704 °","322.729 °","0.000269853 °","2018-07-28 21:28:19","1963.28 AU","-1.16396","0.00583678 AU","0.0473244","0.301628 °","0.000650889 °","1.28207 °","0.0565681 °","541.564 s","286647 AU","0.0181241 cm","0.00969709 cm","0.0000000196466 Kg","0.0000000315349221665 Kg","0.0056115 cm","0.0126721 cm","0.000000000583111 Kg","0.0000000039504 Kg","732.766 MJ","1461.54 MJ","71088.8 m/s","2.02141 m²/Kg","0.00000000275861 m²/J","71144.5 m/s","2.07254 m²/Kg","0.00000000602237 m²/J","40.5634 °","14355.6","1.17243","608.736 m/s","1.08153 m²/Kg","0.00000000530721 m²/J","111460 m","82889.5 m","47.0762 °","11.8122 °","18.4706 °","43.9695 Km","0.60345 s","43.8022 °","7.20472 °","43.9343 °","6.83815 °","0.911481 AU","62.8818 km/s","1"
"215","2018-07-30 01:06:53","6","Confirmed","Detected","Detected","0.947089","161.007 °","126.589 °","96.2794 °","1.0794 °","2018-07-28 17:10:35","10.8773 AU","-0.38235","0.00371811 AU","0.0200963","0.332209 °","0.000396552 °","0.974075 °","0.641105 °","639.389 s","3.87787 AU","0.129586 cm","0.453403 cm","0.00000718106 Kg","0.0000753765860744 Kg","1.19064e-19 cm","1.86394e-17 cm","0","0","18.0859 MJ","69.8676 MJ","66471.1 m/s","0.282718 m²/Kg","0.000000015632 m²/J","66725.4 m/s","1.00375 m²/Kg","0.00000000786513 m²/J","22.1217 °","3467.16","41.5312","429.833 m/s","0.989192 m²/Kg","0.0000000107541 m²/J","111980 m","86202.4 m","56.3766 °","29.3063 °","3.93811 °","68.2642 Km","1.0447 s","47.1676 °","4.47593 °","46.9778 °","3.70494 °","0.575533 AU","1.0027 km/s","1"
"211","2018-07-29 23:27:24","6","Confirmed","Not Detected","Not detected","0.976448","24.7154 °","306.525 °","152.678 °","353.031 °","2018-07-27 21:08:23","2.8911 AU","2.09174","0.000660428 AU","0.000858109","0.891223 °","0.000225097 °","0.0756318 °","0.308515 °","1405.71 s","0.0778405 AU","0.751956 cm","0.810809 cm","0.00140311 Kg","0.00453877747715 Kg","0.00000000000442138 cm","0.000000000174959 cm","2.85224e-37 Kg","3.386e-35 Kg","12.1607 MJ","19.1741 MJ","43009.6 m/s","0.0487214 m²/Kg","0.00000000400645 m²/J","43088.9 m/s","0.0788535 m²/Kg","0.00000000180442 m²/J","24.8918 °","534.572","25.8595","222.555 m/s","0.0525346 m²/Kg","0.00000000266998 m²/J","93659.9 m","73385 m","339.018 °","-14.2908 °","2.59342 °","48.2538 Km","1.135 s","45.1459 °","10.6716 °","45.4773 °","10.3833 °","0.0680915 AU","38.128 km/s","1"
"209","2018-07-29 22:12:59","12","Confirmed","Not Detected","Detected","0.97507","25.3451 °","306.475 °","151.985 °","352.925 °","2018-07-27 19:38:19","2.87158 AU","2.10984","0.000347298 AU","0.000305325","0.754481 °","0.000180771 °","0.0597463 °","0.0983988 °","774.12 s","0.0254597 AU","1.17876 cm","1.03051 cm","0.00540492 Kg","0.0141754718126 Kg","0.687051 cm","19.8083 cm","0.00107024 Kg","0.0925679 Kg","580.525 MJ","30901.5 MJ","42934.5 m/s","0.0310804 m²/Kg","0.0000000000535385 m²/J","42968.4 m/s","0.0380409 m²/Kg","0.00000000246138 m²/J","12.3924 °","668.836","0.53981","108.527 m/s","0.0271715 m²/Kg","0.0000000028547 m²/J","95258.9 m","79468.1 m","338.42 °","-14.4704 °","2.08855 °","73.5979 Km","1.71174 s","48.1145 °","6.64265 °","48.5155 °","5.89927 °","0.0715877 AU","42.5392 km/s","1"
"187","2018-07-26 00:46:21","6","Confirmed","Not Detected","Not detected","0.842836","3.98773 °","122.825 °","305.32 °","341.196 °","2018-07-23 01:59:04","1.79555 AU","3.52822","0.0016565 AU","0.00261304","0.21421 °","0.0030814 °","0.0719234 °","0.350153 °","2930.38 s","0.0190889 AU","0.849806 cm","0.207991 cm","0.00202523 Kg","0.00148703382565 Kg","0.00680133 cm","0.0129501 cm","0.00000000103824 Kg","0.00000000593059 Kg","34.8603 MJ","15.7771 MJ","31464.4 m/s","0.0431114 m²/Kg","0.00000000123669 m²/J","31548 m/s","0.0495568 m²/Kg","0.00000000106294 m²/J","30.1276 °","396.665","4.82789","176.645 m/s","0.0105516 m²/Kg","0.00000000027153 m²/J","83944.5 m","59699.4 m","321.003 °","-10.2096 °","2.39283 °","48.2953 Km","1.634 s","49.4785 °","2.61579 °","49.8491 °","2.57741 °","0.282195 AU","19.1492 km/s","1"
"183","2018-07-25 22:24:52","8","Confirmed","Not Detected","Detected","0.776892","7.39569 °","122.705 °","271.856 °","347.593 °","2018-07-22 05:29:44","2.4964 AU","2.946","0.00160266 AU","0.00211127","0.0848318 °","0.000317864 °","0.143948 °","0.15968 °","3066.09 s","0.0191935 AU","11.46 cm","482.725 cm","4.96666 Kg","627.627837726 Kg","0","","0","","0.1049 MJ","4.4422 MJ","25985.2 m/s","0.0031969 m²/Kg","0.0000000304756 m²/J","26022.6 m/s","0.120175 m²/Kg","0.0000000228104 m²/J","33.503 °","26.7471","1094.27","101.127 m/s","0.134662 m²/Kg","0.0000000101415 m²/J","94198.7 m","78064 m","303.632 °","-7.31059 °","3.83169 °","29.2379 Km","1.1378 s","46.673 °","5.50595 °","46.8732 °","5.38629 °","0.556967 AU","1 km/s","1"
"160","2018-07-22 02:12:18","14","Confirmed","Detected","Not detected","0.627474","6.96271 °","119.052 °","219.778 °","350.668 °","2018-07-15 01:59:44","2.4836 AU","3.16305","0.000417664 AU","0.00476931","0.0731178 °","0.000174784 °","0.175311 °","0.231302 °","2653.15 s","0.0326606 AU","5.1885 cm","0.847266 cm","0.460936 Kg","0.225807957731 Kg","0.523703 cm","0.596945 cm","0.000473991 Kg","0.00162084 Kg","19.7414 MJ","11.2674 MJ","16319 m/s","0.00706107 m²/Kg","0.000000000357678 m²/J","16340 m/s","0.0075784 m²/Kg","0.000000000281672 m²/J","23.7996 °","80.8087","2.29328","72.1195 m/s","0.00115305 m²/Kg","0.000000000149027 m²/J","78529 m","43956.6 m","273.631 °","5.55491 °","5.42511 °","85.2915 Km","5.512 s","45.4776 °","1.6581 °","45.6868 °","2.6018 °","0.925206 AU","11.786 km/s","1"
"159","2018-07-21 22:41:21","8","Confirmed","Not Detected","Not detected","0.574483","21.9257 °","118.881 °","179.934 °","358.438 °","2018-07-16 01:25:55","2.38779 AU","3.20782","0.00000479498 AU","0.00466934","0.0742068 °","0.00022574 °","0.0792135 °","0.0424759 °","910.962 s","0.0263262 AU","1.3875 cm","0.311778 cm","0.00881488 Kg","0.00594221822266 Kg","0.0911345 cm","0.143062 cm","0.00000249783 Kg","0.0000117632 Kg","21.0054 MJ","13.9897 MJ","18342.5 m/s","0.0264045 m²/Kg","0.00000000125704 m²/J","18391.6 m/s","0.0296605 m²/Kg","0.000000000915205 m²/J","62.6583 °","137.278","2.72292","117.615 m/s","0.0059332 m²/Kg","0.000000000568103 m²/J","73188.3 m","48720.7 m","245.978 °","53.6115 °","3.5734 °","27.5454 Km","1.634 s","44.5971 °","6.11355 °","44.5346 °","6.2449 °","1.01605 AU","13.0558 km/s","1"
"150","2018-07-19 02:54:37","6","Confirmed","Not Detected","Detected","0.974667","133.952 °","296.173 °","337.84 °","0.0597328 °","2018-07-17 18:52:29","38.6522 AU","-0.536186","0.00176453 AU","0.169586","0.813962 °","0.00126867 °","0.531139 °","0.609007 °","16282.8 s","49.3556 AU","1.22683 cm","304.191 cm","0.00609347 Kg","4.53260599531 Kg","0","","0","","0.405664 MJ","100.786 MJ","66338.1 m/s","0.0298627 m²/Kg","0.0000000736143 m²/J","67599.4 m/s","5.60013 m²/Kg","0.0000000323095 m²/J","14.3525 °","556.351","1844.2","1767.31 m/s","7.40442 m²/Kg","0.000000052614 m²/J","109304 m","96527.1 m","40.5706 °","-11.8275 °","6.47053 °","51.5375 Km","0.7788 s","44.6001 °","4.74159 °","44.8429 °","4.22333 °","0.979191 AU","1 km/s","1"
"131","2018-07-15 02:50:04","6","Confirmed","Not Detected","Not detected","0.688197","8.41531 °","112.379 °","281.271 °","335.293 °","2018-07-11 03:37:14","1.67072 AU","3.92789","0.000749739 AU","0.00225655","0.0716791 °","0.000156002 °","0.140942 °","0.304723 °","234.254 s","0.0113695 AU","1.32779 cm","0.215329 cm","0.00772508 Kg","0.00375835322214 Kg","0.139543 cm","0.145244 cm","0.00000896687 Kg","0.0000279996 Kg","44.5366 MJ","23.9203 MJ","24294.3 m/s","0.027592 m²/Kg","0.000000000619535 m²/J","24323.3 m/s","0.0295576 m²/Kg","0.000000000503948 m²/J","29.621 °","257.81","2.2529","89.2019 m/s","0.00447462 m²/Kg","0.000000000236467 m²/J","82491.8 m","52304.5 m","300.576 °","-6.87352 °","2.87277 °","61.01 Km","2.705 s","43.8871 °","1.13595 °","44.237 °","1.57552 °","0.520935 AU","16.453 km/s","1"
"125","2018-07-12 22:28:55","7","Confirmed","Detected","Detected","0.989697","120.908 °","110.263 °","128.905 °","0.0417129 °","2018-07-11 12:20:17","80.4215 AU","-0.513273","0.00304295 AU","0.0224094","0.42346 °","0.000267288 °","0.497874 °","0.13811 °","5826.02 s","159.728 AU","0.0314612 cm","0.0274861 cm","0.000000102764 Kg","0.000000269339492131 Kg","0.0294519 cm","0.365582 cm","0.0000000843048 Kg","0.00000313939 Kg","9993.08 MJ","1861090 MJ","62286.4 m/s","1.16449 m²/Kg","0.00000000011653 m²/J","62414.1 m/s","1.418 m²/Kg","0.0000000184979 m²/J","19.4128 °","16180.2","0.0659987","414.779 m/s","1.01736 m²/Kg","0.0000000217131 m²/J","108861 m","91082.6 m","23.7967 °","45.0039 °","7.47284 °","53.4479 Km","0.877 s","43.7112 °","8.59745 °","43.3981 °","8.15944 °","0.828547 AU","60.8667 km/s","1"
"101","2018-07-08 22:39:51","9","Confirmed","Not Detected","Not detected","0.679957","24.5233 °","106.473 °","149.954 °","3.44302 °","2018-07-04 02:55:16","3.00411 AU","2.74572","0.000353801 AU","0.00268989","0.0354724 °","0.0000945729 °","0.0732897 °","0.042264 °","369.528 s","0.0244793 AU","1.8076 cm","0.268195 cm","0.0194903 Kg","0.0086753800152 Kg","0.0214868 cm","0.0215552 cm","0.0000000327363 Kg","0.0000000985216 Kg","16.9723 MJ","4.47874 MJ","21035.9 m/s","0.020268 m²/Kg","0.00000000119419 m²/J","21059.4 m/s","0.0217345 m²/Kg","0.00000000111599 m²/J","48.1117 °","125.733","4.43231","68.3576 m/s","0.00300719 m²/Kg","0.000000000145322 m²/J","86802.7 m","49918 m","192.522 °","70.0909 °","2.97921 °","49.5738 Km","2.4825 s","48.1556 °","4.32063 °","47.9007 °","4.54116 °","0.961446 AU","11.4752 km/s","1"
"89","2018-07-07 02:33:52","8","Confirmed","Not Detected","Detected","0.980573","171.627 °","104.676 °","119.934 °","0.136146 °","2018-07-05 20:01:47","39.3656 AU","-0.928484","0.00406552 AU","0.015487","0.239272 °","0.00111848 °","0.656352 °","0.166109 °","4970 s","33.1621 AU","0.138647 cm","0.118101 cm","0.00000879527 Kg","0.0000224755542205 Kg","0.0000000000136983 cm","0.000000000382053 cm","8.48224e-36 Kg","7.09725e-34 Kg","35.6214 MJ","44.3183 MJ","69478.9 m/s","0.264241 m²/Kg","0.00000000741804 m²/J","69524.8 m/s","0.334714 m²/Kg","0.00000000603393 m²/J","31.4385 °","2339.65","23.0379","240.461 m/s","0.225082 m²/Kg","0.00000000500953 m²/J","108439 m","84614.4 m","28.3609 °","16.6559 °","9.69158 °","45.7137 Km","0.67 s","51.8431 °","5.2649 °","51.923 °","4.72189 °","0.764753 AU","68.2111 km/s","1"
"68","2018-07-01 01:06:27","9","Confirmed","Not Detected","Detected","0.955971","37.9662 °","98.9354 °","325.028 °","351.07 °","2018-06-28 21:22:47","2.55661 AU","2.35898","0.00150465 AU","0.00141604","0.249997 °","0.000124253 °","0.180698 °","0.291877 °","1878.44 s","0.0545817 AU","0.226729 cm","0.0616914 cm","0.0000384624 Kg","0.0000313960388631 Kg","0.222712 cm","0.708897 cm","0.0000364539 Kg","0.000348101 Kg","16643.1 MJ","3153420 MJ","41836 m/s","0.161586 m²/Kg","0.0000000000097089 m²/J","41787.3 m/s","0.134389 m²/Kg","0.00000000155067 m²/J","35.1649 °","1295.71","0.0178778","179.508 m/s","0.0439665 m²/Kg","0.00000000183755 m²/J","93659.2 m","70529.9 m","306.512 °","-5.72782 °","4.1721 °","40.1456 Km","0.9814 s","48.6605 °","4.04068 °","48.9485 °","3.97456 °","0.112566 AU","38.3842 km/s","1"
"62","2018-06-29 22:11:47","6","Confirmed","Not Detected","Not detected","0.550226","49.2183 °","97.8641 °","158.969 °","4.25912 °","2018-06-26 21:01:49","2.20687 AU","3.10104","0.000854541 AU","0.0107387","0.376594 °","0.000258438 °","0.325432 °","0.141089 °","10611.8 s","0.0307722 AU","1.08307 cm","0.465845 cm","0.00419259 Kg","0.00540989176805 Kg","0.291664 cm","0.477359 cm","0.0000818769 Kg","0.000402018 Kg","121.539 MJ","169.805 MJ","30626.1 m/s","0.0338264 m²/Kg","0.000000000278318 m²/J","30622 m/s","0.0327502 m²/Kg","0.000000000413666 m²/J","52.9623 °","195.702","1.31195","367.833 m/s","0.0145493 m²/Kg","0.000000000339537 m²/J","80168.8 m","52177.2 m","306.129 °","73.244 °","5.96735 °","35.0676 Km","1.214 s","43.5333 °","7.23186 °","43.3574 °","7.14032 °","0.992591 AU","25.0786 km/s","1"
"60","2018-06-29 21:30:16","7","Confirmed","Not Detected","Not detected","0.601488","7.11817 °","97.8755 °","267.167 °","333.623 °","2018-06-25 01:39:16","1.63958 AU","4.06245","0.00548958 AU","0.0038242","0.279169 °","0.00136002 °","0.646775 °","0.239831 °","1297.46 s","0.00821164 AU","4.52704 cm","7.12284 cm","0.306167 Kg","1.44516660001 Kg","0.000000807937 cm","0.000039232 cm","1.74039e-21 Kg","2.53531e-19 Kg","4.93687 MJ","15.9713 MJ","21242.8 m/s","0.00809278 m²/Kg","0.00000000163925 m²/J","21310.6 m/s","0.0122299 m²/Kg","0.000000000758596 m²/J","26.7643 °","82.9943","15.5389","212.14 m/s","0.0127332 m²/Kg","0.00000000281512 m²/J","77916.2 m","57829.8 m","275.092 °","-5.96163 °","16.5609 °","44.564 Km","2.166 s","51.848 °","5.38924 °","52.1433 °","5.07373 °","0.653391 AU","1.05005 km/s","1"
"54","2018-06-29 02:08:56","7","Confirmed","Not Detected","Detected","1.02414","135.604 °","97.0598 °","149.493 °","0.0791442 °","2018-06-27 18:26:15","-39.1621 AU","-1.00372","0.00163995 AU","0.0316084","0.289349 °","0.000151134 °","0.495443 °","0.152637 °","2147.23 s","51.0038 AU","3.6592 cm","173.552 cm","0.161686 Kg","23.0057710931 Kg","0","","0","","1.20656 MJ","57.7145 MJ","66902.2 m/s","0.0100121 m²/Kg","0.00000000829809 m²/J","67097.2 m/s","0.388763 m²/Kg","0.00000000405352 m²/J","43.2945 °","67.4271","630.641","442.338 m/s","0.474865 m²/Kg","0.00000000736974 m²/J","109025 m","80226.2 m","5.35247 °","30.4704 °","6.57727 °","42.0034 Km","0.614 s","44.5503 °","-1.1751 °","44.5359 °","-1.55369 °","0.945409 AU","18.3111 km/s","1"
"36","2018-06-27 00:17:59","10","Confirmed","Detected","Detected","0.990435","117.38 °","95.0813 °","115.268 °","0.0523437 °","2018-06-25 13:12:39","75.9701 AU","-0.415687","0.0021966 AU","0.0128816","0.268606 °","0.000133188 °","0.414681 °","0.106941 °","4249.04 s","97.1132 AU","0.0708008 cm","0.0300598 cm","0.00000117119 Kg","0.00000149175333987 Kg","0.0683289 cm","0.365465 cm","0.00000105275 Kg","0.0000168923 Kg","17655.4 MJ","2709130 MJ","60751.4 m/s","0.517457 m²/Kg","0.0000000000293088 m²/J","60762.6 m/s","0.480861 m²/Kg","0.00000000362782 m²/J","25.5442 °","5541.93","0.0355373","257.568 m/s","0.219696 m²/Kg","0.00000000449379 m²/J","108061 m","80963.4 m","14.1543 °","41.2459 °","5.46468 °","62.6704 Km","1.0509 s","45.4337 °","1.09764 °","45.1547 °","0.508032 °","0.726649 AU","57.4032 km/s","1"
"25","2018-06-26 00:32:30","11","Confirmed","Not Detected","Detected","1.0137","178.223 °","93.9913 °","147.304 °","0.036721 °","2018-06-24 18:59:25","-68.3542 AU","-1.11516","0.001365 AU","0.0259004","0.416052 °","0.0354905 °","0.159151 °","0.102578 °","8638.1 s","186.554 AU","0.0148349 cm","0.0101484 cm","0.0000000107737 Kg","0.00000002211064538 Kg","0.00000000000843344 cm","0.000000000177562 cm","1.97937e-36 Kg","1.25025e-34 Kg","41.0158 MJ","41.9734 MJ","71667 m/s","2.46961 m²/Kg","0.0000000602113 m²/J","71728.9 m/s","2.9223 m²/Kg","0.0000000422146 m²/J","8.86435 °","74013.6","21.288","312.547 m/s","1.68945 m²/Kg","0.0000000327533 m²/J","115779 m","101374 m","11.8893 °","6.77586 °","3.17341 °","93.4362 Km","1.3227 s","49.4829 °","6.13904 °","49.4797 °","4.88631 °","0.936112 AU","69.9916 km/s","1"